SystemName,PlanetName,BodyType,PlanetFormID,PlanetEditorID,StarSystemID,ParentPlanetID,PlanetID,ResourceCategory,ResourceFormID,ResourceEditorID,ResourceName,Rarity
Al-Battani,Al-Battani I,Planet,0005DFF1,Al-BattaniIPlanetData,65147,0,1,Inorganic,000057F5,ResInorgCommonHelium3_G,Helium3,Common
Al-Battani,Al-Battani I,Planet,0005DFF1,Al-BattaniIPlanetData,65147,0,1,Inorganic,000057C7,ResInorgCommonIron,Iron,Common
Al-Battani,Al-Battani I-a,Moon,0005DFF2,Al-BattaniI-aPlanetData,65147,1,10,Inorganic,000057D6,ResInorgCommonAluminum,Aluminum,Common
Al-Battani,Al-Battani I-a,Moon,0005DFF2,Al-BattaniI-aPlanetData,65147,1,10,Inorganic,000057F5,ResInorgCommonHelium3_G,Helium3,Common
Al-Battani,Al-Battani I-a,Moon,0005DFF2,Al-BattaniI-aPlanetData,65147,1,10,Inorganic,000057D8,ResInorgUncommonBeryllium,Beryllium,Uncommon
Al-Battani,Al-Battani I-b,Moon,0005DFF3,Al-BattaniI-bPlanetData,65147,1,11,Inorganic,000057D6,ResInorgCommonAluminum,Aluminum,Common
Al-Battani,Al-Battani I-b,Moon,0005DFF3,Al-BattaniI-bPlanetData,65147,1,11,Inorganic,000057F5,ResInorgCommonHelium3_G,Helium3,Common
Al-Battani,Al-Battani I-b,Moon,0005DFF3,Al-BattaniI-bPlanetData,65147,1,11,Inorganic,000057D8,ResInorgUncommonBeryllium,Beryllium,Uncommon
Al-Battani,Al-Battani I-c,Moon,0005DFF4,Al-BattaniI-cPlanetData,65147,1,12,Inorganic,000057F5,ResInorgCommonHelium3_G,Helium3,Common
Al-Battani,Al-Battani I-c,Moon,0005DFF4,Al-BattaniI-cPlanetData,65147,1,12,Inorganic,000057C7,ResInorgCommonIron,Iron,Common
Al-Battani,Al-Battani I-c,Moon,0005DFF4,Al-BattaniI-cPlanetData,65147,1,12,Inorganic,000057C8,ResInorgRareTantalum,Tantalum,Rare
Al-Battani,Al-Battani II,Planet,0005DFF5,Al-BattaniIIPlanetData,65147,0,2,Inorganic,000057CF,ResInorgCommonCopper,Copper,Common
Al-Battani,Al-Battani II,Planet,0005DFF5,Al-BattaniIIPlanetData,65147,0,2,Inorganic,000057C1,ResInorgCommonLead,Lead,Common
Al-Battani,Al-Battani II,Planet,0005DFF5,Al-BattaniIIPlanetData,65147,0,2,Inorganic,000057CB,ResInorgCommonNickel,Nickel,Common
Al-Battani,Al-Battani II,Planet,0005DFF5,Al-BattaniIIPlanetData,65147,0,2,Inorganic,000083EC,ResInorgCommonWater_L,Water,Common
Al-Battani,Al-Battani II,Planet,0005DFF5,Al-BattaniIIPlanetData,65147,0,2,Inorganic,000057C2,ResInorgExoticDysprosium,Dysprosium,Exotic
Al-Battani,Al-Battani II,Planet,0005DFF5,Al-BattaniIIPlanetData,65147,0,2,Inorganic,000057D4,ResInorgExoticIonicLiquids_L,IonicLiquids,Exotic
Al-Battani,Al-Battani II,Planet,0005DFF5,Al-BattaniIIPlanetData,65147,0,2,Organic,00077821,ResOrgCommonFiber,Fiber,Common
Al-Battani,Al-Battani II,Planet,0005DFF5,Al-BattaniIIPlanetData,65147,0,2,Organic,0029F3FD,ResOrgCommonMetabolicAgent,MetabolicAgent,Common
Al-Battani,Al-Battani II,Planet,0005DFF5,Al-BattaniIIPlanetData,65147,0,2,Organic,0022464B,ResOrgCommonSealantFaunaCarnivore,Sealant,Common
Al-Battani,Al-Battani II,Planet,0005DFF5,Al-BattaniIIPlanetData,65147,0,2,Organic,0022462E,ResOrgCommonSealantFaunaHerbivore,Sealant,Common
Al-Battani,Al-Battani II,Planet,0005DFF5,Al-BattaniIIPlanetData,65147,0,2,Organic,0022463E,ResOrgCommonToxinFaunaHerbivore,Toxin,Common
Al-Battani,Al-Battani II,Planet,0005DFF5,Al-BattaniIIPlanetData,65147,0,2,Organic,0022463F,ResOrgUncommonOrnamentalFaunaHerbivore,Ornamental,Uncommon
Al-Battani,Al-Battani II,Planet,0005DFF5,Al-BattaniIIPlanetData,65147,0,2,Organic,00077828,ResOrgRareAdhesive,Adhesive,Rare
Al-Battani,Al-Battani II,Planet,0005DFF5,Al-BattaniIIPlanetData,65147,0,2,Organic,00224637,ResOrgRareAdhesiveFaunaHerbivore,Adhesive,Rare
Al-Battani,Al-Battani II,Planet,0005DFF5,Al-BattaniIIPlanetData,65147,0,2,Organic,00224652,ResOrgRareAnalgesicFaunaCarnivore,Analgesic,Rare
Al-Battani,Al-Battani II,Planet,0005DFF5,Al-BattaniIIPlanetData,65147,0,2,Organic,00224633,ResOrgRareHallucinogenFaunaHerbivore,Hallucinogen,Rare
Al-Battani,Al-Battani III,Planet,0005DFF6,Al-BattaniIIIPlanetData,65147,0,3,Inorganic,000057CF,ResInorgCommonCopper,Copper,Common
Al-Battani,Al-Battani III,Planet,0005DFF6,Al-BattaniIIIPlanetData,65147,0,3,Inorganic,000057C1,ResInorgCommonLead,Lead,Common
Al-Battani,Al-Battani III,Planet,0005DFF6,Al-BattaniIIIPlanetData,65147,0,3,Inorganic,000057CB,ResInorgCommonNickel,Nickel,Common
Al-Battani,Al-Battani III,Planet,0005DFF6,Al-BattaniIIIPlanetData,65147,0,3,Inorganic,000057D0,ResInorgUncommonFluorine_G,Fluorine,Uncommon
Al-Battani,Al-Battani III,Planet,0005DFF6,Al-BattaniIIIPlanetData,65147,0,3,Inorganic,000057CD,ResInorgExoticPalladium,Palladium,Exotic
Al-Battani,Al-Battani III-a,Moon,0005DFF7,Al-BattaniIII-aPlanetData,65147,3,13,Inorganic,000057F5,ResInorgCommonHelium3_G,Helium3,Common
Al-Battani,Al-Battani III-a,Moon,0005DFF7,Al-BattaniIII-aPlanetData,65147,3,13,Inorganic,000057C7,ResInorgCommonIron,Iron,Common
Al-Battani,Al-Battani III-b,Moon,0005DFF8,Al-BattaniIII-bPlanetData,65147,3,14,Inorganic,000057D6,ResInorgCommonAluminum,Aluminum,Common
Al-Battani,Al-Battani III-b,Moon,0005DFF8,Al-BattaniIII-bPlanetData,65147,3,14,Inorganic,000057F5,ResInorgCommonHelium3_G,Helium3,Common
Al-Battani,Al-Battani IV,Planet,0005DFF9,Al-BattaniIVPlanetData,65147,0,4,Inorganic,000057D5,ResInorgCommonChlorine_G,Chlorine,Common
Al-Battani,Al-Battani IV,Planet,0005DFF9,Al-BattaniIVPlanetData,65147,0,4,Inorganic,000057C7,ResInorgCommonIron,Iron,Common
Al-Battani,Al-Battani IV,Planet,0005DFF9,Al-BattaniIVPlanetData,65147,0,4,Inorganic,000057C1,ResInorgCommonLead,Lead,Common
Al-Battani,Al-Battani IV,Planet,0005DFF9,Al-BattaniIVPlanetData,65147,0,4,Inorganic,000083EC,ResInorgCommonWater_L,Water,Common
Al-Battani,Al-Battani IV,Planet,0005DFF9,Al-BattaniIVPlanetData,65147,0,4,Inorganic,000057C9,ResInorgUncommonAlkanes_G,Alkanes,Uncommon
Al-Battani,Al-Battani IV,Planet,0005DFF9,Al-BattaniIVPlanetData,65147,0,4,Inorganic,000057D7,ResInorgUncommonChlorosilanes_L,Chlorosilanes,Uncommon
Al-Battani,Al-Battani IV-a,Moon,0005DFFB,Al-BattaniIV-aPlanetData,65147,4,16,Inorganic,000057F5,ResInorgCommonHelium3_G,Helium3,Common
Al-Battani,Al-Battani IV-a,Moon,0005DFFB,Al-BattaniIV-aPlanetData,65147,4,16,Inorganic,000057C7,ResInorgCommonIron,Iron,Common
Al-Battani,Al-Battani V,Planet,0005DFFC,Al-BattaniVPlanetData,65147,0,5,Inorganic,000057F5,ResInorgCommonHelium3_G,Helium3,Common
Al-Battani,Al-Battani V,Planet,0005DFFC,Al-BattaniVPlanetData,65147,0,5,Inorganic,000057C7,ResInorgCommonIron,Iron,Common
Al-Battani,Al-Battani V-a,Moon,0005DFFD,Al-BattaniV-aPlanetData,65147,5,17,Inorganic,000057D6,ResInorgCommonAluminum,Aluminum,Common
Al-Battani,Al-Battani V-a,Moon,0005DFFD,Al-BattaniV-aPlanetData,65147,5,17,Inorganic,000057F5,ResInorgCommonHelium3_G,Helium3,Common
Al-Battani,Al-Battani V-a,Moon,0005DFFD,Al-BattaniV-aPlanetData,65147,5,17,Inorganic,000057D8,ResInorgUncommonBeryllium,Beryllium,Uncommon
Al-Battani,Al-Battani V-a,Moon,0005DFFD,Al-BattaniV-aPlanetData,65147,5,17,Inorganic,000057DB,ResInorgRareNeodymium,Neodymium,Rare
Al-Battani,Al-Battani VI-a,Moon,0005E000,Al-BattaniVI-aPlanetData,65147,6,20,Inorganic,000057CF,ResInorgCommonCopper,Copper,Common
Al-Battani,Al-Battani VI-a,Moon,0005E000,Al-BattaniVI-aPlanetData,65147,6,20,Inorganic,000083EC,ResInorgCommonWater_L,Water,Common
Al-Battani,Al-Battani VI-b,Moon,0005DFFF,Al-BattaniVI-bPlanetData,65147,6,19,Inorganic,000057CF,ResInorgCommonCopper,Copper,Common
Al-Battani,Al-Battani VI-b,Moon,0005DFFF,Al-BattaniVI-bPlanetData,65147,6,19,Inorganic,000083EC,ResInorgCommonWater_L,Water,Common
Al-Battani,Al-Battani VII-a,Moon,0005E002,Al-BattaniVII-aPlanetData,65147,7,21,Inorganic,000057D6,ResInorgCommonAluminum,Aluminum,Common
Al-Battani,Al-Battani VII-a,Moon,0005E002,Al-BattaniVII-aPlanetData,65147,7,21,Inorganic,000057F5,ResInorgCommonHelium3_G,Helium3,Common
Al-Battani,Al-Battani VII-a,Moon,0005E002,Al-BattaniVII-aPlanetData,65147,7,21,Inorganic,000057D8,ResInorgUncommonBeryllium,Beryllium,Uncommon
Al-Battani,Al-Battani VIII,Planet,0005E003,Al-BattaniVIIIPlanetData,65147,0,8,Inorganic,000057D6,ResInorgCommonAluminum,Aluminum,Common
Al-Battani,Al-Battani VIII,Planet,0005E003,Al-BattaniVIIIPlanetData,65147,0,8,Inorganic,000057F5,ResInorgCommonHelium3_G,Helium3,Common
Al-Battani,Al-Battani VIII,Planet,0005E003,Al-BattaniVIIIPlanetData,65147,0,8,Inorganic,000057D8,ResInorgUncommonBeryllium,Beryllium,Uncommon
Al-Battani,Al-Battani VIII-a,Moon,0005E004,Al-BattaniVIII-aPlanetData,65147,8,18,Inorganic,000057C1,ResInorgCommonLead,Lead,Common
Al-Battani,Al-Battani VIII-a,Moon,0005E004,Al-BattaniVIII-aPlanetData,65147,8,18,Inorganic,000083EC,ResInorgCommonWater_L,Water,Common
Al-Battani,Al-Battani VIII-a,Moon,0005E004,Al-BattaniVIII-aPlanetData,65147,8,18,Inorganic,000057C3,ResInorgUncommonSilver,Silver,Uncommon
Alchiba,Alchiba I,Planet,0005E40E,AlchibaIPlanetData,59020,0,1,Inorganic,000057C1,ResInorgCommonLead,Lead,Common
Alchiba,Alchiba I,Planet,0005E40E,AlchibaIPlanetData,59020,0,1,Inorganic,000057CB,ResInorgCommonNickel,Nickel,Common
Alchiba,Alchiba I,Planet,0005E40E,AlchibaIPlanetData,59020,0,1,Inorganic,000057CE,ResInorgUncommonCobalt,Cobalt,Uncommon
Alchiba,Alchiba I,Planet,0005E40E,AlchibaIPlanetData,59020,0,1,Inorganic,000057CD,ResInorgExoticPalladium,Palladium,Exotic
Alchiba,Alchiba II,Planet,0005E40F,AlchibaIIPlanetData,59020,0,2,Inorganic,000057C7,ResInorgCommonIron,Iron,Common
Alchiba,Alchiba II,Planet,0005E40F,AlchibaIIPlanetData,59020,0,2,Inorganic,000057C1,ResInorgCommonLead,Lead,Common
Alchiba,Alchiba II,Planet,0005E40F,AlchibaIIPlanetData,59020,0,2,Inorganic,000057EB,ResInorgCommonUranium,Uranium,Common
Alchiba,Alchiba II,Planet,0005E40F,AlchibaIIPlanetData,59020,0,2,Inorganic,000057C9,ResInorgUncommonAlkanes_G,Alkanes,Uncommon
Alchiba,Alchiba II,Planet,0005E40F,AlchibaIIPlanetData,59020,0,2,Inorganic,000057EC,ResInorgUncommonIridium,Iridium,Uncommon
Alchiba,Alchiba II,Planet,0005E40F,AlchibaIIPlanetData,59020,0,2,Inorganic,000057C3,ResInorgUncommonSilver,Silver,Uncommon
Alchiba,Alchiba II-a,Moon,0005E410,AlchibaII-aPlanetData,59020,2,12,Inorganic,000057D6,ResInorgCommonAluminum,Aluminum,Common
Alchiba,Alchiba II-a,Moon,0005E410,AlchibaII-aPlanetData,59020,2,12,Inorganic,000057F5,ResInorgCommonHelium3_G,Helium3,Common
Alchiba,Alchiba III-a,Moon,0005E413,AlchibaIII-aPlanetData,59020,3,28,Inorganic,000057D6,ResInorgCommonAluminum,Aluminum,Common
Alchiba,Alchiba III-a,Moon,0005E413,AlchibaIII-aPlanetData,59020,3,28,Inorganic,000057F5,ResInorgCommonHelium3_G,Helium3,Common
Alchiba,Alchiba III-a,Moon,0005E413,AlchibaIII-aPlanetData,59020,3,28,Inorganic,000057C1,ResInorgCommonLead,Lead,Common
Alchiba,Alchiba III-a,Moon,0005E413,AlchibaIII-aPlanetData,59020,3,28,Inorganic,000083EC,ResInorgCommonWater_L,Water,Common
Alchiba,Alchiba III-a,Moon,0005E413,AlchibaIII-aPlanetData,59020,3,28,Inorganic,000057C4,ResInorgUncommonTungsten,Tungsten,Uncommon
Alchiba,Alchiba III-b,Moon,0005E412,AlchibaIII-bPlanetData,59020,3,27,Inorganic,000057D6,ResInorgCommonAluminum,Aluminum,Common
Alchiba,Alchiba III-b,Moon,0005E412,AlchibaIII-bPlanetData,59020,3,27,Inorganic,000057F5,ResInorgCommonHelium3_G,Helium3,Common
Alchiba,Alchiba III-c,Moon,0005E414,AlchibaIII-cPlanetData,59020,3,29,Inorganic,000057D6,ResInorgCommonAluminum,Aluminum,Common
Alchiba,Alchiba III-c,Moon,0005E414,AlchibaIII-cPlanetData,59020,3,29,Inorganic,000057F5,ResInorgCommonHelium3_G,Helium3,Common
Alchiba,Alchiba III-c,Moon,0005E414,AlchibaIII-cPlanetData,59020,3,29,Inorganic,000057CB,ResInorgCommonNickel,Nickel,Common
Alchiba,Alchiba III-c,Moon,0005E414,AlchibaIII-cPlanetData,59020,3,29,Inorganic,000083EC,ResInorgCommonWater_L,Water,Common
Alchiba,Alchiba III-c,Moon,0005E414,AlchibaIII-cPlanetData,59020,3,29,Inorganic,000057D8,ResInorgUncommonBeryllium,Beryllium,Uncommon
Alchiba,Alchiba III-c,Moon,0005E414,AlchibaIII-cPlanetData,59020,3,29,Inorganic,000057CE,ResInorgUncommonCobalt,Cobalt,Uncommon
Alchiba,Alchiba III-c,Moon,0005E414,AlchibaIII-cPlanetData,59020,3,29,Inorganic,000057DB,ResInorgRareNeodymium,Neodymium,Rare
Alchiba,Alchiba III-c,Moon,0005E414,AlchibaIII-cPlanetData,59020,3,29,Inorganic,000057CC,ResInorgRarePlatinum,Platinum,Rare
Alchiba,Alchiba IV,Planet,0005E415,AlchibaIVPlanetData,59020,0,4,Inorganic,000057CF,ResInorgCommonCopper,Copper,Common
Alchiba,Alchiba IV,Planet,0005E415,AlchibaIVPlanetData,59020,0,4,Inorganic,000057C1,ResInorgCommonLead,Lead,Common
Alchiba,Alchiba IV,Planet,0005E415,AlchibaIVPlanetData,59020,0,4,Inorganic,000057EB,ResInorgCommonUranium,Uranium,Common
Alchiba,Alchiba IV,Planet,0005E415,AlchibaIVPlanetData,59020,0,4,Inorganic,000083EC,ResInorgCommonWater_L,Water,Common
Alchiba,Alchiba IV,Planet,0005E415,AlchibaIVPlanetData,59020,0,4,Inorganic,000057EC,ResInorgUncommonIridium,Iridium,Uncommon
Alchiba,Alchiba IV,Planet,0005E415,AlchibaIVPlanetData,59020,0,4,Inorganic,000057D1,ResInorgRareTetrafluorides_G,Tetrafluorides,Rare
Alchiba,Alchiba IV,Planet,0005E415,AlchibaIVPlanetData,59020,0,4,Inorganic,000057ED,ResInorgRareVanadium,Vanadium,Rare
Alchiba,Alchiba IV-a,Moon,0005E416,AlchibaIV-aPlanetData,59020,4,13,Inorganic,000057EA,ResInorgCommonArgon_G,Argon,Common
Alchiba,Alchiba IV-a,Moon,0005E416,AlchibaIV-aPlanetData,59020,4,13,Inorganic,000057CF,ResInorgCommonCopper,Copper,Common
Alchiba,Alchiba IV-a,Moon,0005E416,AlchibaIV-aPlanetData,59020,4,13,Inorganic,000057C1,ResInorgCommonLead,Lead,Common
Alchiba,Alchiba IV-a,Moon,0005E416,AlchibaIV-aPlanetData,59020,4,13,Inorganic,000057CB,ResInorgCommonNickel,Nickel,Common
Alchiba,Alchiba IV-a,Moon,0005E416,AlchibaIV-aPlanetData,59020,4,13,Inorganic,000083EC,ResInorgCommonWater_L,Water,Common
Alchiba,Alchiba IV-a,Moon,0005E416,AlchibaIV-aPlanetData,59020,4,13,Inorganic,000057CE,ResInorgUncommonCobalt,Cobalt,Uncommon
Alchiba,Alchiba IV-a,Moon,0005E416,AlchibaIV-aPlanetData,59020,4,13,Inorganic,000057D0,ResInorgUncommonFluorine_G,Fluorine,Uncommon
Alchiba,Alchiba IX-a,Moon,0005E426,AlchibaIX-aPlanetData,59020,9,24,Inorganic,000057EA,ResInorgCommonArgon_G,Argon,Common
Alchiba,Alchiba IX-a,Moon,0005E426,AlchibaIX-aPlanetData,59020,9,24,Inorganic,000083EC,ResInorgCommonWater_L,Water,Common
Alchiba,Alchiba V,Planet,0005E417,AlchibaVPlanetData,59020,0,5,Inorganic,000057EA,ResInorgCommonArgon_G,Argon,Common
Alchiba,Alchiba V,Planet,0005E417,AlchibaVPlanetData,59020,0,5,Inorganic,000057C1,ResInorgCommonLead,Lead,Common
Alchiba,Alchiba V,Planet,0005E417,AlchibaVPlanetData,59020,0,5,Inorganic,000057EB,ResInorgCommonUranium,Uranium,Common
Alchiba,Alchiba V,Planet,0005E417,AlchibaVPlanetData,59020,0,5,Inorganic,000083EC,ResInorgCommonWater_L,Water,Common
Alchiba,Alchiba V,Planet,0005E417,AlchibaVPlanetData,59020,0,5,Inorganic,000057EC,ResInorgUncommonIridium,Iridium,Uncommon
Alchiba,Alchiba V-a,Moon,0005E418,AlchibaV-aPlanetData,59020,5,14,Inorganic,000057F5,ResInorgCommonHelium3_G,Helium3,Common
Alchiba,Alchiba V-a,Moon,0005E418,AlchibaV-aPlanetData,59020,5,14,Inorganic,000057C7,ResInorgCommonIron,Iron,Common
Alchiba,Alchiba V-a,Moon,0005E418,AlchibaV-aPlanetData,59020,5,14,Inorganic,000057C9,ResInorgUncommonAlkanes_G,Alkanes,Uncommon
Alchiba,Alchiba V-a,Moon,0005E418,AlchibaV-aPlanetData,59020,5,14,Inorganic,000057CA,ResInorgExoticYtterbium,Ytterbium,Exotic
Alchiba,Alchiba VI-a,Moon,0005E41B,AlchibaVI-aPlanetData,59020,6,18,Inorganic,000057CF,ResInorgCommonCopper,Copper,Common
Alchiba,Alchiba VI-a,Moon,0005E41B,AlchibaVI-aPlanetData,59020,6,18,Inorganic,000083EC,ResInorgCommonWater_L,Water,Common
Alchiba,Alchiba VI-a,Moon,0005E41B,AlchibaVI-aPlanetData,59020,6,18,Inorganic,000057D0,ResInorgUncommonFluorine_G,Fluorine,Uncommon
Alchiba,Alchiba VI-a,Moon,0005E41B,AlchibaVI-aPlanetData,59020,6,18,Inorganic,000057D2,ResInorgRareGold,Gold,Rare
Alchiba,Alchiba VI-b,Moon,0005E41A,AlchibaVI-bPlanetData,59020,6,17,Inorganic,000057CF,ResInorgCommonCopper,Copper,Common
Alchiba,Alchiba VI-b,Moon,0005E41A,AlchibaVI-bPlanetData,59020,6,17,Inorganic,000083EC,ResInorgCommonWater_L,Water,Common
Alchiba,Alchiba VI-b,Moon,0005E41A,AlchibaVI-bPlanetData,59020,6,17,Inorganic,000057D1,ResInorgRareTetrafluorides_G,Tetrafluorides,Rare
Alchiba,Alchiba VI-c,Moon,0005E41C,AlchibaVI-cPlanetData,59020,6,19,Inorganic,000057CF,ResInorgCommonCopper,Copper,Common
Alchiba,Alchiba VI-c,Moon,0005E41C,AlchibaVI-cPlanetData,59020,6,19,Inorganic,000083EC,ResInorgCommonWater_L,Water,Common
Alchiba,Alchiba VI-c,Moon,0005E41C,AlchibaVI-cPlanetData,59020,6,19,Inorganic,000057D0,ResInorgUncommonFluorine_G,Fluorine,Uncommon
Alchiba,Alchiba VII-a,Moon,0005E420,AlchibaVII-aPlanetData,59020,7,22,Inorganic,000057CF,ResInorgCommonCopper,Copper,Common
Alchiba,Alchiba VII-a,Moon,0005E420,AlchibaVII-aPlanetData,59020,7,22,Inorganic,000083EC,ResInorgCommonWater_L,Water,Common
Alchiba,Alchiba VII-b,Moon,0005E421,AlchibaVII-bPlanetData,59020,7,23,Inorganic,000057D5,ResInorgCommonChlorine_G,Chlorine,Common
Alchiba,Alchiba VII-b,Moon,0005E421,AlchibaVII-bPlanetData,59020,7,23,Inorganic,000057CF,ResInorgCommonCopper,Copper,Common
Alchiba,Alchiba VII-b,Moon,0005E421,AlchibaVII-bPlanetData,59020,7,23,Inorganic,000057C1,ResInorgCommonLead,Lead,Common
Alchiba,Alchiba VII-b,Moon,0005E421,AlchibaVII-bPlanetData,59020,7,23,Inorganic,000057CB,ResInorgCommonNickel,Nickel,Common
Alchiba,Alchiba VII-b,Moon,0005E421,AlchibaVII-bPlanetData,59020,7,23,Inorganic,000083EC,ResInorgCommonWater_L,Water,Common
Alchiba,Alchiba VII-b,Moon,0005E421,AlchibaVII-bPlanetData,59020,7,23,Inorganic,000057CE,ResInorgUncommonCobalt,Cobalt,Uncommon
Alchiba,Alchiba VII-b,Moon,0005E421,AlchibaVII-bPlanetData,59020,7,23,Inorganic,000057D1,ResInorgRareTetrafluorides_G,Tetrafluorides,Rare
Alchiba,Alchiba VII-c,Moon,0005E41E,AlchibaVII-cPlanetData,59020,7,20,Inorganic,000057C1,ResInorgCommonLead,Lead,Common
Alchiba,Alchiba VII-c,Moon,0005E41E,AlchibaVII-cPlanetData,59020,7,20,Inorganic,000083EC,ResInorgCommonWater_L,Water,Common
Alchiba,Alchiba VII-c,Moon,0005E41E,AlchibaVII-cPlanetData,59020,7,20,Inorganic,0027C499,ResInorgRareMercury_L,Mercury,Rare
Alchiba,Alchiba VII-d,Moon,0005E41F,AlchibaVII-dPlanetData,59020,7,21,Inorganic,000057C1,ResInorgCommonLead,Lead,Common
Alchiba,Alchiba VII-d,Moon,0005E41F,AlchibaVII-dPlanetData,59020,7,21,Inorganic,000083EC,ResInorgCommonWater_L,Water,Common
Alchiba,Alchiba VIII,Planet,0005E422,AlchibaVIIIPlanetData,59020,0,8,Inorganic,000057F5,ResInorgCommonHelium3_G,Helium3,Common
Alchiba,Alchiba VIII,Planet,0005E422,AlchibaVIIIPlanetData,59020,0,8,Inorganic,000057C7,ResInorgCommonIron,Iron,Common
Alchiba,Alchiba VIII-a,Moon,0005E424,AlchibaVIII-aPlanetData,59020,8,16,Inorganic,000057C1,ResInorgCommonLead,Lead,Common
Alchiba,Alchiba VIII-a,Moon,0005E424,AlchibaVIII-aPlanetData,59020,8,16,Inorganic,000083EC,ResInorgCommonWater_L,Water,Common
Alchiba,Alchiba VIII-b,Moon,0005E423,AlchibaVIII-bPlanetData,59020,8,15,Inorganic,000057D6,ResInorgCommonAluminum,Aluminum,Common
Alchiba,Alchiba VIII-b,Moon,0005E423,AlchibaVIII-bPlanetData,59020,8,15,Inorganic,000057F5,ResInorgCommonHelium3_G,Helium3,Common
Alchiba,Alchiba X-a,Moon,0005E429,AlchibaX-aPlanetData,59020,10,26,Inorganic,000057CF,ResInorgCommonCopper,Copper,Common
Alchiba,Alchiba X-a,Moon,0005E429,AlchibaX-aPlanetData,59020,10,26,Inorganic,000083EC,ResInorgCommonWater_L,Water,Common
Alchiba,Alchiba X-a,Moon,0005E429,AlchibaX-aPlanetData,59020,10,26,Inorganic,000057D2,ResInorgRareGold,Gold,Rare
Alchiba,Alchiba X-b,Moon,0005E428,AlchibaX-bPlanetData,59020,10,25,Inorganic,000057EA,ResInorgCommonArgon_G,Argon,Common
Alchiba,Alchiba X-b,Moon,0005E428,AlchibaX-bPlanetData,59020,10,25,Inorganic,000057C1,ResInorgCommonLead,Lead,Common
Alchiba,Alchiba X-b,Moon,0005E428,AlchibaX-bPlanetData,59020,10,25,Inorganic,000083EC,ResInorgCommonWater_L,Water,Common
Alchiba,Alchiba X-b,Moon,0005E428,AlchibaX-bPlanetData,59020,10,25,Inorganic,000057E7,ResInorgUncommonBenzene_G,Benzene,Uncommon
Algorab,Algorab I,Planet,0003F599,AlgorabIPlanetData,60776,0,1,Inorganic,000057C1,ResInorgCommonLead,Lead,Common
Algorab,Algorab I,Planet,0003F599,AlgorabIPlanetData,60776,0,1,Inorganic,000057EB,ResInorgCommonUranium,Uranium,Common
Algorab,Algorab I,Planet,0003F599,AlgorabIPlanetData,60776,0,1,Inorganic,000057EC,ResInorgUncommonIridium,Iridium,Uncommon
Algorab,Algorab II,Planet,0005DE57,AlgorabIIPlanetData,60776,0,2,Inorganic,000057EA,ResInorgCommonArgon_G,Argon,Common
Algorab,Algorab II,Planet,0005DE57,AlgorabIIPlanetData,60776,0,2,Inorganic,000057D5,ResInorgCommonChlorine_G,Chlorine,Common
Algorab,Algorab II,Planet,0005DE57,AlgorabIIPlanetData,60776,0,2,Inorganic,000083EC,ResInorgCommonWater_L,Water,Common
Algorab,Algorab II,Planet,0005DE57,AlgorabIIPlanetData,60776,0,2,Inorganic,000057E8,ResInorgRareCarboxylicAcids_L,CarboxylicAcids,Rare
Algorab,Algorab II,Planet,0005DE57,AlgorabIIPlanetData,60776,0,2,Inorganic,000057DA,ResInorgRareLithium,Lithium,Rare
Algorab,Algorab II,Planet,0005DE57,AlgorabIIPlanetData,60776,0,2,Organic,0007782D,ResOrgCommonSealant,Sealant,Common
Algorab,Algorab II,Planet,0005DE57,AlgorabIIPlanetData,60776,0,2,Organic,0022464B,ResOrgCommonSealantFaunaCarnivore,Sealant,Common
Algorab,Algorab II,Planet,0005DE57,AlgorabIIPlanetData,60776,0,2,Organic,000777FA,ResOrgCommonStructural,Structural,Common
Algorab,Algorab II,Planet,0005DE57,AlgorabIIPlanetData,60776,0,2,Organic,0022463F,ResOrgUncommonOrnamentalFaunaHerbivore,Ornamental,Uncommon
Algorab,Algorab II,Planet,0005DE57,AlgorabIIPlanetData,60776,0,2,Organic,0029F401,ResOrgUncommonPigment,Pigment,Uncommon
Algorab,Algorab II,Planet,0005DE57,AlgorabIIPlanetData,60776,0,2,Organic,0022462F,ResOrgUncommonPigmentFaunaHerbivore,Pigment,Uncommon
Algorab,Algorab III-a,Moon,0005DE5B,AlgorabIII-aPlanetData,60776,3,7,Inorganic,000057EA,ResInorgCommonArgon_G,Argon,Common
Algorab,Algorab III-a,Moon,0005DE5B,AlgorabIII-aPlanetData,60776,3,7,Inorganic,000057EB,ResInorgCommonUranium,Uranium,Common
Algorab,Algorab III-a,Moon,0005DE5B,AlgorabIII-aPlanetData,60776,3,7,Inorganic,000083EC,ResInorgCommonWater_L,Water,Common
Algorab,Algorab III-b,Moon,0005DE5D,AlgorabIII-bPlanetData,60776,3,9,Inorganic,000057D6,ResInorgCommonAluminum,Aluminum,Common
Algorab,Algorab III-b,Moon,0005DE5D,AlgorabIII-bPlanetData,60776,3,9,Inorganic,000057EA,ResInorgCommonArgon_G,Argon,Common
Algorab,Algorab III-b,Moon,0005DE5D,AlgorabIII-bPlanetData,60776,3,9,Inorganic,000057D5,ResInorgCommonChlorine_G,Chlorine,Common
Algorab,Algorab III-b,Moon,0005DE5D,AlgorabIII-bPlanetData,60776,3,9,Inorganic,000057C7,ResInorgCommonIron,Iron,Common
Algorab,Algorab III-b,Moon,0005DE5D,AlgorabIII-bPlanetData,60776,3,9,Inorganic,000083EC,ResInorgCommonWater_L,Water,Common
Algorab,Algorab III-b,Moon,0005DE5D,AlgorabIII-bPlanetData,60776,3,9,Inorganic,000057C9,ResInorgUncommonAlkanes_G,Alkanes,Uncommon
Algorab,Algorab III-b,Moon,0005DE5D,AlgorabIII-bPlanetData,60776,3,9,Inorganic,000057E7,ResInorgUncommonBenzene_G,Benzene,Uncommon
Algorab,Algorab III-b,Moon,0005DE5D,AlgorabIII-bPlanetData,60776,3,9,Inorganic,000057E8,ResInorgRareCarboxylicAcids_L,CarboxylicAcids,Rare
Algorab,Algorab III-b,Moon,0005DE5D,AlgorabIII-bPlanetData,60776,3,9,Organic,00077821,ResOrgCommonFiber,Fiber,Common
Algorab,Algorab III-b,Moon,0005DE5D,AlgorabIII-bPlanetData,60776,3,9,Organic,000777E6,ResOrgCommonNutrient,Nutrient,Common
Algorab,Algorab III-b,Moon,0005DE5D,AlgorabIII-bPlanetData,60776,3,9,Organic,0007782D,ResOrgCommonSealant,Sealant,Common
Algorab,Algorab III-b,Moon,0005DE5D,AlgorabIII-bPlanetData,60776,3,9,Organic,0022462E,ResOrgCommonSealantFaunaHerbivore,Sealant,Common
Algorab,Algorab III-b,Moon,0005DE5D,AlgorabIII-bPlanetData,60776,3,9,Organic,0022462C,ResOrgCommonStructuralFaunaHerbivore,Structural,Common
Algorab,Algorab III-b,Moon,0005DE5D,AlgorabIII-bPlanetData,60776,3,9,Organic,00224630,ResOrgUncommonMembraneFaunaHerbivore,Membrane,Uncommon
Algorab,Algorab III-b,Moon,0005DE5D,AlgorabIII-bPlanetData,60776,3,9,Organic,0022462F,ResOrgUncommonPigmentFaunaHerbivore,Pigment,Uncommon
Algorab,Algorab III-b,Moon,0005DE5D,AlgorabIII-bPlanetData,60776,3,9,Organic,00224653,ResOrgRareAminoAcidsFaunaCarnivore,AminoAcids,Rare
Algorab,Algorab III-b,Moon,0005DE5D,AlgorabIII-bPlanetData,60776,3,9,Organic,000777F9,ResOrgExoticLubricant,Lubricant,Exotic
Algorab,Algorab III-c,Moon,0005DE5C,AlgorabIII-cPlanetData,60776,3,8,Inorganic,000057D5,ResInorgCommonChlorine_G,Chlorine,Common
Algorab,Algorab III-c,Moon,0005DE5C,AlgorabIII-cPlanetData,60776,3,8,Inorganic,000083EC,ResInorgCommonWater_L,Water,Common
Algorab,Algorab III-d,Moon,0005DE5A,AlgorabIII-dPlanetData,60776,3,6,Inorganic,000057D5,ResInorgCommonChlorine_G,Chlorine,Common
Algorab,Algorab III-d,Moon,0005DE5A,AlgorabIII-dPlanetData,60776,3,6,Inorganic,000083EC,ResInorgCommonWater_L,Water,Common
Algorab,Algorab III-e,Moon,0005DE59,AlgorabIII-ePlanetData,60776,3,5,Inorganic,000057D5,ResInorgCommonChlorine_G,Chlorine,Common
Algorab,Algorab III-e,Moon,0005DE59,AlgorabIII-ePlanetData,60776,3,5,Inorganic,000083EC,ResInorgCommonWater_L,Water,Common
Algorab,Algorab III-e,Moon,0005DE59,AlgorabIII-ePlanetData,60776,3,5,Inorganic,000057DA,ResInorgRareLithium,Lithium,Rare
Alpha Andraste,Alpha Andraste I,Planet,0005E342,AlphaAndrasteIPlanetData,5325,0,1,Inorganic,000057D6,ResInorgCommonAluminum,Aluminum,Common
Alpha Andraste,Alpha Andraste I,Planet,0005E342,AlphaAndrasteIPlanetData,5325,0,1,Inorganic,000057F5,ResInorgCommonHelium3_G,Helium3,Common
Alpha Andraste,Alpha Andraste I-a,Moon,0005E343,AlphaAndrasteI-aPlanetData,5325,1,8,Inorganic,000057F5,ResInorgCommonHelium3_G,Helium3,Common
Alpha Andraste,Alpha Andraste I-a,Moon,0005E343,AlphaAndrasteI-aPlanetData,5325,1,8,Inorganic,000057C7,ResInorgCommonIron,Iron,Common
Alpha Andraste,Alpha Andraste II,Planet,0005E344,AlphaAndrasteIIPlanetData,5325,0,2,Inorganic,000057D6,ResInorgCommonAluminum,Aluminum,Common
Alpha Andraste,Alpha Andraste II,Planet,0005E344,AlphaAndrasteIIPlanetData,5325,0,2,Inorganic,000057D5,ResInorgCommonChlorine_G,Chlorine,Common
Alpha Andraste,Alpha Andraste II,Planet,0005E344,AlphaAndrasteIIPlanetData,5325,0,2,Inorganic,000057F5,ResInorgCommonHelium3_G,Helium3,Common
Alpha Andraste,Alpha Andraste II,Planet,0005E344,AlphaAndrasteIIPlanetData,5325,0,2,Inorganic,000057C7,ResInorgCommonIron,Iron,Common
Alpha Andraste,Alpha Andraste II,Planet,0005E344,AlphaAndrasteIIPlanetData,5325,0,2,Inorganic,000057D8,ResInorgUncommonBeryllium,Beryllium,Uncommon
Alpha Andraste,Alpha Andraste II,Planet,0005E344,AlphaAndrasteIIPlanetData,5325,0,2,Inorganic,000057C8,ResInorgRareTantalum,Tantalum,Rare
Alpha Andraste,Alpha Andraste II,Planet,0005E344,AlphaAndrasteIIPlanetData,5325,0,2,Organic,0029F3FD,ResOrgCommonMetabolicAgent,MetabolicAgent,Common
Alpha Andraste,Alpha Andraste II,Planet,0005E344,AlphaAndrasteIIPlanetData,5325,0,2,Organic,000777E6,ResOrgCommonNutrient,Nutrient,Common
Alpha Andraste,Alpha Andraste II,Planet,0005E344,AlphaAndrasteIIPlanetData,5325,0,2,Organic,00077820,ResOrgUncommonAntimicrobial,Antimicrobial,Uncommon
Alpha Andraste,Alpha Andraste II,Planet,0005E344,AlphaAndrasteIIPlanetData,5325,0,2,Organic,0007782E,ResOrgUncommonSpice,Spice,Uncommon
Alpha Andraste,Alpha Andraste III,Planet,0005E345,AlphaAndrasteIIIPlanetData,5325,0,3,Inorganic,000057EA,ResInorgCommonArgon_G,Argon,Common
Alpha Andraste,Alpha Andraste III,Planet,0005E345,AlphaAndrasteIIIPlanetData,5325,0,3,Inorganic,000057D5,ResInorgCommonChlorine_G,Chlorine,Common
Alpha Andraste,Alpha Andraste III,Planet,0005E345,AlphaAndrasteIIIPlanetData,5325,0,3,Inorganic,000057C1,ResInorgCommonLead,Lead,Common
Alpha Andraste,Alpha Andraste III,Planet,0005E345,AlphaAndrasteIIIPlanetData,5325,0,3,Inorganic,000083EC,ResInorgCommonWater_L,Water,Common
Alpha Andraste,Alpha Andraste III,Planet,0005E345,AlphaAndrasteIIIPlanetData,5325,0,3,Inorganic,000057D7,ResInorgUncommonChlorosilanes_L,Chlorosilanes,Uncommon
Alpha Andraste,Alpha Andraste III,Planet,0005E345,AlphaAndrasteIIIPlanetData,5325,0,3,Inorganic,000057DC,ResInorgExoticXenon_G,Xenon,Exotic
Alpha Andraste,Alpha Andraste III,Planet,0005E345,AlphaAndrasteIIIPlanetData,5325,0,3,Organic,00224641,ResOrgCommonMetabolicAgentFaunaHerbivore,MetabolicAgent,Common
Alpha Andraste,Alpha Andraste III,Planet,0005E345,AlphaAndrasteIIIPlanetData,5325,0,3,Organic,0007782D,ResOrgCommonSealant,Sealant,Common
Alpha Andraste,Alpha Andraste III,Planet,0005E345,AlphaAndrasteIIIPlanetData,5325,0,3,Organic,0022464B,ResOrgCommonSealantFaunaCarnivore,Sealant,Common
Alpha Andraste,Alpha Andraste III,Planet,0005E345,AlphaAndrasteIIIPlanetData,5325,0,3,Organic,0022462E,ResOrgCommonSealantFaunaHerbivore,Sealant,Common
Alpha Andraste,Alpha Andraste III,Planet,0005E345,AlphaAndrasteIIIPlanetData,5325,0,3,Organic,0022462C,ResOrgCommonStructuralFaunaHerbivore,Structural,Common
Alpha Andraste,Alpha Andraste III,Planet,0005E345,AlphaAndrasteIIIPlanetData,5325,0,3,Organic,0022463E,ResOrgCommonToxinFaunaHerbivore,Toxin,Common
Alpha Andraste,Alpha Andraste III,Planet,0005E345,AlphaAndrasteIIIPlanetData,5325,0,3,Organic,00224631,ResOrgUncommonCosmeticFaunaHerbivore,Cosmetic,Uncommon
Alpha Andraste,Alpha Andraste III,Planet,0005E345,AlphaAndrasteIIIPlanetData,5325,0,3,Organic,0022464A,ResOrgUncommonSpiceFaunaCarnivore,Spice,Uncommon
Alpha Andraste,Alpha Andraste III,Planet,0005E345,AlphaAndrasteIIIPlanetData,5325,0,3,Organic,0029F403,ResOrgRareHallucinogen,Hallucinogen,Rare
Alpha Andraste,Alpha Andraste III,Planet,0005E345,AlphaAndrasteIIIPlanetData,5325,0,3,Organic,00224650,ResOrgRareHallucinogenFaunaCarnivore,Hallucinogen,Rare
Alpha Andraste,Alpha Andraste III,Planet,0005E345,AlphaAndrasteIIIPlanetData,5325,0,3,Organic,0007782B,ResOrgRareSedative,Sedative,Rare
Alpha Andraste,Alpha Andraste III,Planet,0005E345,AlphaAndrasteIIIPlanetData,5325,0,3,Organic,00224632,ResOrgRareSedativeFaunaHerbivore,Sedative,Rare
Alpha Andraste,Alpha Andraste III,Planet,0005E345,AlphaAndrasteIIIPlanetData,5325,0,3,Organic,00077824,ResOrgExoticBiosuppressant,Biosuppressant,Exotic
Alpha Andraste,Alpha Andraste IV,Planet,0005E346,AlphaAndrasteIVPlanetData,5325,0,4,Inorganic,000057CF,ResInorgCommonCopper,Copper,Common
Alpha Andraste,Alpha Andraste IV,Planet,0005E346,AlphaAndrasteIVPlanetData,5325,0,4,Inorganic,000057C7,ResInorgCommonIron,Iron,Common
Alpha Andraste,Alpha Andraste IV,Planet,0005E346,AlphaAndrasteIVPlanetData,5325,0,4,Inorganic,000057C1,ResInorgCommonLead,Lead,Common
Alpha Andraste,Alpha Andraste IV,Planet,0005E346,AlphaAndrasteIVPlanetData,5325,0,4,Inorganic,000057CB,ResInorgCommonNickel,Nickel,Common
Alpha Andraste,Alpha Andraste IV,Planet,0005E346,AlphaAndrasteIVPlanetData,5325,0,4,Inorganic,000083EC,ResInorgCommonWater_L,Water,Common
Alpha Andraste,Alpha Andraste IV,Planet,0005E346,AlphaAndrasteIVPlanetData,5325,0,4,Inorganic,000057C9,ResInorgUncommonAlkanes_G,Alkanes,Uncommon
Alpha Andraste,Alpha Andraste IV,Planet,0005E346,AlphaAndrasteIVPlanetData,5325,0,4,Inorganic,000057C6,ResInorgRareTitanium,Titanium,Rare
Alpha Andraste,Alpha Andraste IV,Planet,0005E346,AlphaAndrasteIVPlanetData,5325,0,4,Inorganic,000057CD,ResInorgExoticPalladium,Palladium,Exotic
Alpha Andraste,Alpha Andraste V,Planet,0005E347,AlphaAndrasteVPlanetData,5325,0,5,Inorganic,000057D5,ResInorgCommonChlorine_G,Chlorine,Common
Alpha Andraste,Alpha Andraste V,Planet,0005E347,AlphaAndrasteVPlanetData,5325,0,5,Inorganic,000057CB,ResInorgCommonNickel,Nickel,Common
Alpha Andraste,Alpha Andraste V,Planet,0005E347,AlphaAndrasteVPlanetData,5325,0,5,Inorganic,000057EB,ResInorgCommonUranium,Uranium,Common
Alpha Andraste,Alpha Andraste V,Planet,0005E347,AlphaAndrasteVPlanetData,5325,0,5,Inorganic,000057D7,ResInorgUncommonChlorosilanes_L,Chlorosilanes,Uncommon
Alpha Andraste,Alpha Andraste V,Planet,0005E347,AlphaAndrasteVPlanetData,5325,0,5,Inorganic,000057EC,ResInorgUncommonIridium,Iridium,Uncommon
Alpha Andraste,Alpha Andraste VI,Planet,0005E348,AlphaAndrasteVIPlanetData,5325,0,6,Inorganic,000057C1,ResInorgCommonLead,Lead,Common
Alpha Andraste,Alpha Andraste VI,Planet,0005E348,AlphaAndrasteVIPlanetData,5325,0,6,Inorganic,000057CB,ResInorgCommonNickel,Nickel,Common
Alpha Andraste,Alpha Andraste VI,Planet,0005E348,AlphaAndrasteVIPlanetData,5325,0,6,Inorganic,000083EC,ResInorgCommonWater_L,Water,Common
Alpha Centauri,Bondar,Planet,0005E30E,BondarPlanetData,71456,0,1,Inorganic,000057D5,ResInorgCommonChlorine_G,Chlorine,Common
Alpha Centauri,Bondar,Planet,0005E30E,BondarPlanetData,71456,0,1,Inorganic,000057C1,ResInorgCommonLead,Lead,Common
Alpha Centauri,Bondar,Planet,0005E30E,BondarPlanetData,71456,0,1,Inorganic,000057CB,ResInorgCommonNickel,Nickel,Common
Alpha Centauri,Bondar,Planet,0005E30E,BondarPlanetData,71456,0,1,Inorganic,000057C4,ResInorgUncommonTungsten,Tungsten,Uncommon
Alpha Centauri,Bondar,Planet,0005E30E,BondarPlanetData,71456,0,1,Inorganic,000057CC,ResInorgRarePlatinum,Platinum,Rare
Alpha Centauri,Bondar,Planet,0005E30E,BondarPlanetData,71456,0,1,Inorganic,000057DC,ResInorgExoticXenon_G,Xenon,Exotic
Alpha Centauri,Chawla,Moon,0005E315,ChawlaPlanetData,71456,4,10,Inorganic,000057EA,ResInorgCommonArgon_G,Argon,Common
Alpha Centauri,Chawla,Moon,0005E315,ChawlaPlanetData,71456,4,10,Inorganic,000083EC,ResInorgCommonWater_L,Water,Common
Alpha Centauri,Chawla,Moon,0005E315,ChawlaPlanetData,71456,4,10,Inorganic,000057E7,ResInorgUncommonBenzene_G,Benzene,Uncommon
Alpha Centauri,Curbeam,Moon,0005E310,CurbeamPlanetData,71456,1,7,Inorganic,000057D6,ResInorgCommonAluminum,Aluminum,Common
Alpha Centauri,Curbeam,Moon,0005E310,CurbeamPlanetData,71456,1,7,Inorganic,000057F5,ResInorgCommonHelium3_G,Helium3,Common
Alpha Centauri,Gagarin,Planet,0005E311,GagarinPlanetData,71456,0,2,Inorganic,000057D5,ResInorgCommonChlorine_G,Chlorine,Common
Alpha Centauri,Gagarin,Planet,0005E311,GagarinPlanetData,71456,0,2,Inorganic,000057C1,ResInorgCommonLead,Lead,Common
Alpha Centauri,Gagarin,Planet,0005E311,GagarinPlanetData,71456,0,2,Inorganic,000083EC,ResInorgCommonWater_L,Water,Common
Alpha Centauri,Gagarin,Planet,0005E311,GagarinPlanetData,71456,0,2,Inorganic,000057D7,ResInorgUncommonChlorosilanes_L,Chlorosilanes,Uncommon
Alpha Centauri,Gagarin,Planet,0005E311,GagarinPlanetData,71456,0,2,Organic,00077821,ResOrgCommonFiber,Fiber,Common
Alpha Centauri,Gagarin,Planet,0005E311,GagarinPlanetData,71456,0,2,Organic,0022465E,ResOrgCommonMetabolicAgentFaunaCarnivore,MetabolicAgent,Common
Alpha Centauri,Gagarin,Planet,0005E311,GagarinPlanetData,71456,0,2,Organic,00224640,ResOrgCommonNutrientFaunaHerbivore,Nutrient,Common
Alpha Centauri,Gagarin,Planet,0005E311,GagarinPlanetData,71456,0,2,Organic,0007782D,ResOrgCommonSealant,Sealant,Common
Alpha Centauri,Gagarin,Planet,0005E311,GagarinPlanetData,71456,0,2,Organic,0022462E,ResOrgCommonSealantFaunaHerbivore,Sealant,Common
Alpha Centauri,Gagarin,Planet,0005E311,GagarinPlanetData,71456,0,2,Organic,000777FA,ResOrgCommonStructural,Structural,Common
Alpha Centauri,Gagarin,Planet,0005E311,GagarinPlanetData,71456,0,2,Organic,0022463E,ResOrgCommonToxinFaunaHerbivore,Toxin,Common
Alpha Centauri,Gagarin,Planet,0005E311,GagarinPlanetData,71456,0,2,Organic,002246D7,ResOrgUncommonAntimicrobialFaunaCarnivore,Antimicrobial,Uncommon
Alpha Centauri,Gagarin,Planet,0005E311,GagarinPlanetData,71456,0,2,Organic,00224631,ResOrgUncommonCosmeticFaunaHerbivore,Cosmetic,Uncommon
Alpha Centauri,Gagarin,Planet,0005E311,GagarinPlanetData,71456,0,2,Organic,0022462D,ResOrgUncommonSpiceFaunaHerbivore,Spice,Uncommon
Alpha Centauri,Gagarin,Planet,0005E311,GagarinPlanetData,71456,0,2,Organic,00077828,ResOrgRareAdhesive,Adhesive,Rare
Alpha Centauri,Grissom,Moon,0005E30F,GrissomPlanetData,71456,1,6,Inorganic,000057F5,ResInorgCommonHelium3_G,Helium3,Common
Alpha Centauri,Grissom,Moon,0005E30F,GrissomPlanetData,71456,1,6,Inorganic,000057C7,ResInorgCommonIron,Iron,Common
Alpha Centauri,Hawley,Moon,0005E317,HawleyPlanetData,71456,4,12,Inorganic,000057C1,ResInorgCommonLead,Lead,Common
Alpha Centauri,Hawley,Moon,0005E317,HawleyPlanetData,71456,4,12,Inorganic,000057CB,ResInorgCommonNickel,Nickel,Common
Alpha Centauri,Hawley,Moon,0005E317,HawleyPlanetData,71456,4,12,Inorganic,000057EB,ResInorgCommonUranium,Uranium,Common
Alpha Centauri,Hawley,Moon,0005E317,HawleyPlanetData,71456,4,12,Inorganic,000057CE,ResInorgUncommonCobalt,Cobalt,Uncommon
Alpha Centauri,Jemison,Planet,0003F5A1,JemisonPlanetData,71456,0,3,Inorganic,000057EA,ResInorgCommonArgon_G,Argon,Common
Alpha Centauri,Jemison,Planet,0003F5A1,JemisonPlanetData,71456,0,3,Inorganic,000057D5,ResInorgCommonChlorine_G,Chlorine,Common
Alpha Centauri,Jemison,Planet,0003F5A1,JemisonPlanetData,71456,0,3,Inorganic,000057C1,ResInorgCommonLead,Lead,Common
Alpha Centauri,Jemison,Planet,0003F5A1,JemisonPlanetData,71456,0,3,Inorganic,000083EC,ResInorgCommonWater_L,Water,Common
Alpha Centauri,Jemison,Planet,0003F5A1,JemisonPlanetData,71456,0,3,Inorganic,000057D7,ResInorgUncommonChlorosilanes_L,Chlorosilanes,Uncommon
Alpha Centauri,Jemison,Planet,0003F5A1,JemisonPlanetData,71456,0,3,Organic,00077821,ResOrgCommonFiber,Fiber,Common
Alpha Centauri,Jemison,Planet,0003F5A1,JemisonPlanetData,71456,0,3,Organic,0029F3FD,ResOrgCommonMetabolicAgent,MetabolicAgent,Common
Alpha Centauri,Jemison,Planet,0003F5A1,JemisonPlanetData,71456,0,3,Organic,00224641,ResOrgCommonMetabolicAgentFaunaHerbivore,MetabolicAgent,Common
Alpha Centauri,Jemison,Planet,0003F5A1,JemisonPlanetData,71456,0,3,Organic,000777E6,ResOrgCommonNutrient,Nutrient,Common
Alpha Centauri,Jemison,Planet,0003F5A1,JemisonPlanetData,71456,0,3,Organic,00224640,ResOrgCommonNutrientFaunaHerbivore,Nutrient,Common
Alpha Centauri,Jemison,Planet,0003F5A1,JemisonPlanetData,71456,0,3,Organic,00224649,ResOrgCommonStructuralFaunaCarnivore,Structural,Common
Alpha Centauri,Jemison,Planet,0003F5A1,JemisonPlanetData,71456,0,3,Organic,00077823,ResOrgCommonToxin,Toxin,Common
Alpha Centauri,Jemison,Planet,0003F5A1,JemisonPlanetData,71456,0,3,Organic,0022463E,ResOrgCommonToxinFaunaHerbivore,Toxin,Common
Alpha Centauri,Jemison,Planet,0003F5A1,JemisonPlanetData,71456,0,3,Organic,00224631,ResOrgUncommonCosmeticFaunaHerbivore,Cosmetic,Uncommon
Alpha Centauri,Jemison,Planet,0003F5A1,JemisonPlanetData,71456,0,3,Organic,0022464D,ResOrgUncommonMembraneFaunaCarnivore,Membrane,Uncommon
Alpha Centauri,Jemison,Planet,0003F5A1,JemisonPlanetData,71456,0,3,Organic,0022464A,ResOrgUncommonSpiceFaunaCarnivore,Spice,Uncommon
Alpha Centauri,Jemison,Planet,0003F5A1,JemisonPlanetData,71456,0,3,Organic,0022464F,ResOrgRareSedativeFaunaCarnivore,Sedative,Rare
Alpha Centauri,Kurtz,Moon,0005E312,KurtzPlanetData,71456,3,8,Inorganic,000057D6,ResInorgCommonAluminum,Aluminum,Common
Alpha Centauri,Kurtz,Moon,0005E312,KurtzPlanetData,71456,3,8,Inorganic,000057F5,ResInorgCommonHelium3_G,Helium3,Common
Alpha Centauri,Lovell,Moon,0005E318,LovellPlanetData,71456,4,13,Inorganic,000057CB,ResInorgCommonNickel,Nickel,Common
Alpha Centauri,Lovell,Moon,0005E318,LovellPlanetData,71456,4,13,Inorganic,000083EC,ResInorgCommonWater_L,Water,Common
Alpha Centauri,Lovell,Moon,0005E318,LovellPlanetData,71456,4,13,Inorganic,000057CE,ResInorgUncommonCobalt,Cobalt,Uncommon
Alpha Centauri,Voss,Moon,0005E316,VossPlanetData,71456,4,11,Inorganic,000057C1,ResInorgCommonLead,Lead,Common
Alpha Centauri,Voss,Moon,0005E316,VossPlanetData,71456,4,11,Inorganic,000057CB,ResInorgCommonNickel,Nickel,Common
Alpha Centauri,Voss,Moon,0005E316,VossPlanetData,71456,4,11,Inorganic,000057EB,ResInorgCommonUranium,Uranium,Common
Alpha Centauri,Voss,Moon,0005E316,VossPlanetData,71456,4,11,Inorganic,000083EC,ResInorgCommonWater_L,Water,Common
Alpha Centauri,Voss,Moon,0005E316,VossPlanetData,71456,4,11,Inorganic,000057CE,ResInorgUncommonCobalt,Cobalt,Uncommon
Alpha Centauri,Voss,Moon,0005E316,VossPlanetData,71456,4,11,Inorganic,000057C4,ResInorgUncommonTungsten,Tungsten,Uncommon
Alpha Centauri,Voss,Moon,0005E316,VossPlanetData,71456,4,11,Inorganic,000057ED,ResInorgRareVanadium,Vanadium,Rare
Alpha Centauri,Voss,Moon,0005E316,VossPlanetData,71456,4,11,Inorganic,000057C2,ResInorgExoticDysprosium,Dysprosium,Exotic
Alpha Centauri,Zamka,Moon,0005E314,ZamkaPlanetData,71456,4,9,Inorganic,000057CF,ResInorgCommonCopper,Copper,Common
Alpha Centauri,Zamka,Moon,0005E314,ZamkaPlanetData,71456,4,9,Inorganic,000057F5,ResInorgCommonHelium3_G,Helium3,Common
Alpha Centauri,Zamka,Moon,0005E314,ZamkaPlanetData,71456,4,9,Inorganic,000057C7,ResInorgCommonIron,Iron,Common
Alpha Centauri,Zamka,Moon,0005E314,ZamkaPlanetData,71456,4,9,Inorganic,000057CB,ResInorgCommonNickel,Nickel,Common
Alpha Centauri,Zamka,Moon,0005E314,ZamkaPlanetData,71456,4,9,Inorganic,000057EB,ResInorgCommonUranium,Uranium,Common
Alpha Centauri,Zamka,Moon,0005E314,ZamkaPlanetData,71456,4,9,Inorganic,000083EC,ResInorgCommonWater_L,Water,Common
Alpha Centauri,Zamka,Moon,0005E314,ZamkaPlanetData,71456,4,9,Inorganic,000057CE,ResInorgUncommonCobalt,Cobalt,Uncommon
Alpha Centauri,Zamka,Moon,0005E314,ZamkaPlanetData,71456,4,9,Inorganic,000057ED,ResInorgRareVanadium,Vanadium,Rare
Alpha Marae,Alpha Marae I,Planet,0005E123,AlphaMaraeIPlanetData,85407,0,1,Inorganic,000057C1,ResInorgCommonLead,Lead,Common
Alpha Marae,Alpha Marae I,Planet,0005E123,AlphaMaraeIPlanetData,85407,0,1,Inorganic,000057CB,ResInorgCommonNickel,Nickel,Common
Alpha Marae,Alpha Marae I,Planet,0005E123,AlphaMaraeIPlanetData,85407,0,1,Inorganic,000057EB,ResInorgCommonUranium,Uranium,Common
Alpha Marae,Alpha Marae I,Planet,0005E123,AlphaMaraeIPlanetData,85407,0,1,Inorganic,000057CE,ResInorgUncommonCobalt,Cobalt,Uncommon
Alpha Marae,Alpha Marae I,Planet,0005E123,AlphaMaraeIPlanetData,85407,0,1,Inorganic,000057C3,ResInorgUncommonSilver,Silver,Uncommon
Alpha Marae,Alpha Marae I,Planet,0005E123,AlphaMaraeIPlanetData,85407,0,1,Inorganic,000057ED,ResInorgRareVanadium,Vanadium,Rare
Alpha Marae,Alpha Marae I,Planet,0005E123,AlphaMaraeIPlanetData,85407,0,1,Organic,0022462E,ResOrgCommonSealantFaunaHerbivore,Sealant,Common
Alpha Marae,Alpha Marae I,Planet,0005E123,AlphaMaraeIPlanetData,85407,0,1,Organic,0022463E,ResOrgCommonToxinFaunaHerbivore,Toxin,Common
Alpha Marae,Alpha Marae II-a,Moon,0005E125,AlphaMaraeII-aPlanetData,85407,2,7,Inorganic,000057CB,ResInorgCommonNickel,Nickel,Common
Alpha Marae,Alpha Marae II-a,Moon,0005E125,AlphaMaraeII-aPlanetData,85407,2,7,Inorganic,000083EC,ResInorgCommonWater_L,Water,Common
Alpha Marae,Alpha Marae III-a,Moon,0005E129,AlphaMaraeIII-aPlanetData,85407,3,10,Inorganic,000057C1,ResInorgCommonLead,Lead,Common
Alpha Marae,Alpha Marae III-a,Moon,0005E129,AlphaMaraeIII-aPlanetData,85407,3,10,Inorganic,000083EC,ResInorgCommonWater_L,Water,Common
Alpha Marae,Alpha Marae III-b,Moon,0005E12A,AlphaMaraeIII-bPlanetData,85407,3,11,Inorganic,000057EA,ResInorgCommonArgon_G,Argon,Common
Alpha Marae,Alpha Marae III-b,Moon,0005E12A,AlphaMaraeIII-bPlanetData,85407,3,11,Inorganic,000083EC,ResInorgCommonWater_L,Water,Common
Alpha Marae,Alpha Marae III-b,Moon,0005E12A,AlphaMaraeIII-bPlanetData,85407,3,11,Inorganic,000057E7,ResInorgUncommonBenzene_G,Benzene,Uncommon
Alpha Marae,Alpha Marae III-c,Moon,0005E128,AlphaMaraeIII-cPlanetData,85407,3,9,Inorganic,000057EA,ResInorgCommonArgon_G,Argon,Common
Alpha Marae,Alpha Marae III-c,Moon,0005E128,AlphaMaraeIII-cPlanetData,85407,3,9,Inorganic,000083EC,ResInorgCommonWater_L,Water,Common
Alpha Marae,Alpha Marae III-d,Moon,0005E127,AlphaMaraeIII-dPlanetData,85407,3,8,Inorganic,000057EA,ResInorgCommonArgon_G,Argon,Common
Alpha Marae,Alpha Marae III-d,Moon,0005E127,AlphaMaraeIII-dPlanetData,85407,3,8,Inorganic,000057D5,ResInorgCommonChlorine_G,Chlorine,Common
Alpha Marae,Alpha Marae III-d,Moon,0005E127,AlphaMaraeIII-dPlanetData,85407,3,8,Inorganic,000057C7,ResInorgCommonIron,Iron,Common
Alpha Marae,Alpha Marae III-d,Moon,0005E127,AlphaMaraeIII-dPlanetData,85407,3,8,Inorganic,000057EB,ResInorgCommonUranium,Uranium,Common
Alpha Marae,Alpha Marae III-d,Moon,0005E127,AlphaMaraeIII-dPlanetData,85407,3,8,Inorganic,000083EC,ResInorgCommonWater_L,Water,Common
Alpha Marae,Alpha Marae III-d,Moon,0005E127,AlphaMaraeIII-dPlanetData,85407,3,8,Inorganic,000057E7,ResInorgUncommonBenzene_G,Benzene,Uncommon
Alpha Marae,Alpha Marae III-d,Moon,0005E127,AlphaMaraeIII-dPlanetData,85407,3,8,Inorganic,000057EC,ResInorgUncommonIridium,Iridium,Uncommon
Alpha Marae,Alpha Marae III-d,Moon,0005E127,AlphaMaraeIII-dPlanetData,85407,3,8,Inorganic,000057DA,ResInorgRareLithium,Lithium,Rare
Alpha Marae,Alpha Marae IV-a,Moon,0005E12C,AlphaMaraeIV-aPlanetData,85407,4,12,Inorganic,000057CF,ResInorgCommonCopper,Copper,Common
Alpha Marae,Alpha Marae IV-a,Moon,0005E12C,AlphaMaraeIV-aPlanetData,85407,4,12,Inorganic,000083EC,ResInorgCommonWater_L,Water,Common
Alpha Marae,Alpha Marae IV-a,Moon,0005E12C,AlphaMaraeIV-aPlanetData,85407,4,12,Inorganic,000057D0,ResInorgUncommonFluorine_G,Fluorine,Uncommon
Alpha Marae,Alpha Marae IV-b,Moon,0005E12D,AlphaMaraeIV-bPlanetData,85407,4,13,Inorganic,000057D6,ResInorgCommonAluminum,Aluminum,Common
Alpha Marae,Alpha Marae IV-b,Moon,0005E12D,AlphaMaraeIV-bPlanetData,85407,4,13,Inorganic,000057D5,ResInorgCommonChlorine_G,Chlorine,Common
Alpha Marae,Alpha Marae IV-b,Moon,0005E12D,AlphaMaraeIV-bPlanetData,85407,4,13,Inorganic,000057C7,ResInorgCommonIron,Iron,Common
Alpha Marae,Alpha Marae IV-b,Moon,0005E12D,AlphaMaraeIV-bPlanetData,85407,4,13,Inorganic,000057CB,ResInorgCommonNickel,Nickel,Common
Alpha Marae,Alpha Marae IV-b,Moon,0005E12D,AlphaMaraeIV-bPlanetData,85407,4,13,Inorganic,000083EC,ResInorgCommonWater_L,Water,Common
Alpha Marae,Alpha Marae IV-b,Moon,0005E12D,AlphaMaraeIV-bPlanetData,85407,4,13,Inorganic,000057C9,ResInorgUncommonAlkanes_G,Alkanes,Uncommon
Alpha Marae,Alpha Marae IV-b,Moon,0005E12D,AlphaMaraeIV-bPlanetData,85407,4,13,Inorganic,000057D8,ResInorgUncommonBeryllium,Beryllium,Uncommon
Alpha Marae,Alpha Marae IV-b,Moon,0005E12D,AlphaMaraeIV-bPlanetData,85407,4,13,Inorganic,000057CE,ResInorgUncommonCobalt,Cobalt,Uncommon
Alpha Marae,Alpha Marae V,Planet,0005E12E,AlphaMaraeVPlanetData,85407,0,5,Inorganic,000057D6,ResInorgCommonAluminum,Aluminum,Common
Alpha Marae,Alpha Marae V,Planet,0005E12E,AlphaMaraeVPlanetData,85407,0,5,Inorganic,000057F5,ResInorgCommonHelium3_G,Helium3,Common
Alpha Marae,Alpha Marae V,Planet,0005E12E,AlphaMaraeVPlanetData,85407,0,5,Inorganic,000057D8,ResInorgUncommonBeryllium,Beryllium,Uncommon
Alpha Marae,Alpha Marae V,Planet,0005E12E,AlphaMaraeVPlanetData,85407,0,5,Inorganic,000057E2,ResInorgExoticEuropium,Europium,Exotic
Alpha Ternion,Ternion I,Planet,0005DEE7,TernionIPlanetData,119060,0,1,Inorganic,000057D6,ResInorgCommonAluminum,Aluminum,Common
Alpha Ternion,Ternion I,Planet,0005DEE7,TernionIPlanetData,119060,0,1,Inorganic,000057F5,ResInorgCommonHelium3_G,Helium3,Common
Alpha Ternion,Ternion I,Planet,0005DEE7,TernionIPlanetData,119060,0,1,Inorganic,000057D8,ResInorgUncommonBeryllium,Beryllium,Uncommon
Alpha Ternion,Ternion I,Planet,0005DEE7,TernionIPlanetData,119060,0,1,Inorganic,000057E2,ResInorgExoticEuropium,Europium,Exotic
Alpha Ternion,Ternion II,Planet,0005DEE8,TernionIIPlanetData,119060,0,2,Inorganic,000057EB,ResInorgCommonUranium,Uranium,Common
Alpha Ternion,Ternion II,Planet,0005DEE8,TernionIIPlanetData,119060,0,2,Inorganic,000057EE,ResInorgExoticPlutonium,Plutonium,Exotic
Alpha Ternion,Ternion III,Planet,0005DEE9,TernionIIIPlanetData,119060,0,3,Inorganic,000057EA,ResInorgCommonArgon_G,Argon,Common
Alpha Ternion,Ternion III,Planet,0005DEE9,TernionIIIPlanetData,119060,0,3,Inorganic,000057D5,ResInorgCommonChlorine_G,Chlorine,Common
Alpha Ternion,Ternion III,Planet,0005DEE9,TernionIIIPlanetData,119060,0,3,Inorganic,000057C1,ResInorgCommonLead,Lead,Common
Alpha Ternion,Ternion III,Planet,0005DEE9,TernionIIIPlanetData,119060,0,3,Inorganic,000083EC,ResInorgCommonWater_L,Water,Common
Alpha Ternion,Ternion III,Planet,0005DEE9,TernionIIIPlanetData,119060,0,3,Inorganic,000057C4,ResInorgUncommonTungsten,Tungsten,Uncommon
Alpha Ternion,Ternion III,Planet,0005DEE9,TernionIIIPlanetData,119060,0,3,Inorganic,000057E8,ResInorgRareCarboxylicAcids_L,CarboxylicAcids,Rare
Alpha Ternion,Ternion III,Planet,0005DEE9,TernionIIIPlanetData,119060,0,3,Inorganic,000057C6,ResInorgRareTitanium,Titanium,Rare
Alpha Ternion,Ternion III,Planet,0005DEE9,TernionIIIPlanetData,119060,0,3,Organic,00077821,ResOrgCommonFiber,Fiber,Common
Alpha Ternion,Ternion III,Planet,0005DEE9,TernionIIIPlanetData,119060,0,3,Organic,0029F3FD,ResOrgCommonMetabolicAgent,MetabolicAgent,Common
Alpha Ternion,Ternion III,Planet,0005DEE9,TernionIIIPlanetData,119060,0,3,Organic,0022465E,ResOrgCommonMetabolicAgentFaunaCarnivore,MetabolicAgent,Common
Alpha Ternion,Ternion III,Planet,0005DEE9,TernionIIIPlanetData,119060,0,3,Organic,000777E6,ResOrgCommonNutrient,Nutrient,Common
Alpha Ternion,Ternion III,Planet,0005DEE9,TernionIIIPlanetData,119060,0,3,Organic,00224640,ResOrgCommonNutrientFaunaHerbivore,Nutrient,Common
Alpha Ternion,Ternion III,Planet,0005DEE9,TernionIIIPlanetData,119060,0,3,Organic,0022462E,ResOrgCommonSealantFaunaHerbivore,Sealant,Common
Alpha Ternion,Ternion III,Planet,0005DEE9,TernionIIIPlanetData,119060,0,3,Organic,000777FA,ResOrgCommonStructural,Structural,Common
Alpha Ternion,Ternion III,Planet,0005DEE9,TernionIIIPlanetData,119060,0,3,Organic,00077823,ResOrgCommonToxin,Toxin,Common
Alpha Ternion,Ternion III,Planet,0005DEE9,TernionIIIPlanetData,119060,0,3,Organic,002246D7,ResOrgUncommonAntimicrobialFaunaCarnivore,Antimicrobial,Uncommon
Alpha Ternion,Ternion III,Planet,0005DEE9,TernionIIIPlanetData,119060,0,3,Organic,0022463F,ResOrgUncommonOrnamentalFaunaHerbivore,Ornamental,Uncommon
Alpha Ternion,Ternion III,Planet,0005DEE9,TernionIIIPlanetData,119060,0,3,Organic,0029F401,ResOrgUncommonPigment,Pigment,Uncommon
Alpha Ternion,Ternion III,Planet,0005DEE9,TernionIIIPlanetData,119060,0,3,Organic,0022462D,ResOrgUncommonSpiceFaunaHerbivore,Spice,Uncommon
Alpha Ternion,Ternion III,Planet,0005DEE9,TernionIIIPlanetData,119060,0,3,Organic,00224651,ResOrgRareAromaticFaunaCarnivore,Aromatic,Rare
Alpha Ternion,Ternion III,Planet,0005DEE9,TernionIIIPlanetData,119060,0,3,Organic,00077826,ResOrgExoticPolymer,Polymer,Exotic
Alpha Ternion,Ternion III,Planet,0005DEE9,TernionIIIPlanetData,119060,0,3,Organic,00224639,ResOrgExoticPolymerFaunaHerbivore,Polymer,Exotic
Alpha Ternion,Ternion III-a,Moon,0005DEEA,TernionIII-aPlanetData,119060,3,11,Inorganic,000057F5,ResInorgCommonHelium3_G,Helium3,Common
Alpha Ternion,Ternion III-a,Moon,0005DEEA,TernionIII-aPlanetData,119060,3,11,Inorganic,000057C7,ResInorgCommonIron,Iron,Common
Alpha Ternion,Ternion IV,Planet,0005DEEB,TernionIVPlanetData,119060,0,4,Inorganic,000057D5,ResInorgCommonChlorine_G,Chlorine,Common
Alpha Ternion,Ternion IV,Planet,0005DEEB,TernionIVPlanetData,119060,0,4,Inorganic,000057C7,ResInorgCommonIron,Iron,Common
Alpha Ternion,Ternion IV,Planet,0005DEEB,TernionIVPlanetData,119060,0,4,Inorganic,000057C1,ResInorgCommonLead,Lead,Common
Alpha Ternion,Ternion IV,Planet,0005DEEB,TernionIVPlanetData,119060,0,4,Inorganic,000083EC,ResInorgCommonWater_L,Water,Common
Alpha Ternion,Ternion IV,Planet,0005DEEB,TernionIVPlanetData,119060,0,4,Inorganic,0027C499,ResInorgRareMercury_L,Mercury,Rare
Alpha Ternion,Ternion IX-a,Moon,0005DEF5,TernionIX-aPlanetData,119060,9,16,Inorganic,000057EA,ResInorgCommonArgon_G,Argon,Common
Alpha Ternion,Ternion IX-a,Moon,0005DEF5,TernionIX-aPlanetData,119060,9,16,Inorganic,000083EC,ResInorgCommonWater_L,Water,Common
Alpha Ternion,Ternion IX-a,Moon,0005DEF5,TernionIX-aPlanetData,119060,9,16,Inorganic,000057E7,ResInorgUncommonBenzene_G,Benzene,Uncommon
Alpha Ternion,Ternion IX-a,Moon,0005DEF5,TernionIX-aPlanetData,119060,9,16,Inorganic,000057E9,ResInorgExoticNeon_G,Neon,Exotic
Alpha Ternion,Ternion IX-b,Moon,0005DEF6,TernionIX-bPlanetData,119060,9,17,Inorganic,000057EA,ResInorgCommonArgon_G,Argon,Common
Alpha Ternion,Ternion IX-b,Moon,0005DEF6,TernionIX-bPlanetData,119060,9,17,Inorganic,000083EC,ResInorgCommonWater_L,Water,Common
Alpha Ternion,Ternion IX-c,Moon,0005DEF7,TernionIX-cPlanetData,119060,9,18,Inorganic,000057CF,ResInorgCommonCopper,Copper,Common
Alpha Ternion,Ternion IX-c,Moon,0005DEF7,TernionIX-cPlanetData,119060,9,18,Inorganic,000083EC,ResInorgCommonWater_L,Water,Common
Alpha Ternion,Ternion IX-c,Moon,0005DEF7,TernionIX-cPlanetData,119060,9,18,Inorganic,000057D0,ResInorgUncommonFluorine_G,Fluorine,Uncommon
Alpha Ternion,Ternion IX-c,Moon,0005DEF7,TernionIX-cPlanetData,119060,9,18,Inorganic,000057D2,ResInorgRareGold,Gold,Rare
Alpha Ternion,Ternion IX-d,Moon,0005DEF4,TernionIX-dPlanetData,119060,9,15,Inorganic,000057EA,ResInorgCommonArgon_G,Argon,Common
Alpha Ternion,Ternion IX-d,Moon,0005DEF4,TernionIX-dPlanetData,119060,9,15,Inorganic,000083EC,ResInorgCommonWater_L,Water,Common
Alpha Ternion,Ternion IX-d,Moon,0005DEF4,TernionIX-dPlanetData,119060,9,15,Inorganic,000057E7,ResInorgUncommonBenzene_G,Benzene,Uncommon
Alpha Ternion,Ternion IX-d,Moon,0005DEF4,TernionIX-dPlanetData,119060,9,15,Inorganic,000057E8,ResInorgRareCarboxylicAcids_L,CarboxylicAcids,Rare
Alpha Ternion,Ternion V,Planet,0005DEEC,TernionVPlanetData,119060,0,5,Inorganic,000057C7,ResInorgCommonIron,Iron,Common
Alpha Ternion,Ternion V,Planet,0005DEEC,TernionVPlanetData,119060,0,5,Inorganic,000057C1,ResInorgCommonLead,Lead,Common
Alpha Ternion,Ternion V,Planet,0005DEEC,TernionVPlanetData,119060,0,5,Inorganic,000057EB,ResInorgCommonUranium,Uranium,Common
Alpha Ternion,Ternion V,Planet,0005DEEC,TernionVPlanetData,119060,0,5,Inorganic,000083EC,ResInorgCommonWater_L,Water,Common
Alpha Ternion,Ternion V,Planet,0005DEEC,TernionVPlanetData,119060,0,5,Inorganic,000057C9,ResInorgUncommonAlkanes_G,Alkanes,Uncommon
Alpha Ternion,Ternion V,Planet,0005DEEC,TernionVPlanetData,119060,0,5,Inorganic,000057C4,ResInorgUncommonTungsten,Tungsten,Uncommon
Alpha Ternion,Ternion V,Planet,0005DEEC,TernionVPlanetData,119060,0,5,Inorganic,000057C8,ResInorgRareTantalum,Tantalum,Rare
Alpha Ternion,Ternion V-a,Moon,0005DEED,TernionV-aPlanetData,119060,5,12,Inorganic,000057D5,ResInorgCommonChlorine_G,Chlorine,Common
Alpha Ternion,Ternion V-a,Moon,0005DEED,TernionV-aPlanetData,119060,5,12,Inorganic,000057C1,ResInorgCommonLead,Lead,Common
Alpha Ternion,Ternion V-a,Moon,0005DEED,TernionV-aPlanetData,119060,5,12,Inorganic,000057CB,ResInorgCommonNickel,Nickel,Common
Alpha Ternion,Ternion V-a,Moon,0005DEED,TernionV-aPlanetData,119060,5,12,Inorganic,000083EC,ResInorgCommonWater_L,Water,Common
Alpha Ternion,Ternion V-a,Moon,0005DEED,TernionV-aPlanetData,119060,5,12,Inorganic,000057D7,ResInorgUncommonChlorosilanes_L,Chlorosilanes,Uncommon
Alpha Ternion,Ternion V-a,Moon,0005DEED,TernionV-aPlanetData,119060,5,12,Inorganic,000057CE,ResInorgUncommonCobalt,Cobalt,Uncommon
Alpha Ternion,Ternion V-a,Moon,0005DEED,TernionV-aPlanetData,119060,5,12,Inorganic,000057DC,ResInorgExoticXenon_G,Xenon,Exotic
Alpha Ternion,Ternion VI,Planet,0005DEEF,TernionVIPlanetData,119060,0,6,Inorganic,000057CF,ResInorgCommonCopper,Copper,Common
Alpha Ternion,Ternion VI,Planet,0005DEEF,TernionVIPlanetData,119060,0,6,Inorganic,000057C7,ResInorgCommonIron,Iron,Common
Alpha Ternion,Ternion VI,Planet,0005DEEF,TernionVIPlanetData,119060,0,6,Inorganic,000057C1,ResInorgCommonLead,Lead,Common
Alpha Ternion,Ternion VI,Planet,0005DEEF,TernionVIPlanetData,119060,0,6,Inorganic,000083EC,ResInorgCommonWater_L,Water,Common
Alpha Ternion,Ternion VI,Planet,0005DEEF,TernionVIPlanetData,119060,0,6,Inorganic,000057D0,ResInorgUncommonFluorine_G,Fluorine,Uncommon
Alpha Ternion,Ternion VI,Planet,0005DEEF,TernionVIPlanetData,119060,0,6,Inorganic,000057C4,ResInorgUncommonTungsten,Tungsten,Uncommon
Alpha Ternion,Ternion VI,Planet,0005DEEF,TernionVIPlanetData,119060,0,6,Inorganic,000057C8,ResInorgRareTantalum,Tantalum,Rare
Alpha Ternion,Ternion VI,Planet,0005DEEF,TernionVIPlanetData,119060,0,6,Inorganic,000057C6,ResInorgRareTitanium,Titanium,Rare
Alpha Ternion,Ternion VI-a,Moon,0005DEF0,TernionVI-aPlanetData,119060,6,14,Inorganic,000057D6,ResInorgCommonAluminum,Aluminum,Common
Alpha Ternion,Ternion VI-a,Moon,0005DEF0,TernionVI-aPlanetData,119060,6,14,Inorganic,000057F5,ResInorgCommonHelium3_G,Helium3,Common
Alpha Ternion,Ternion VI-a,Moon,0005DEF0,TernionVI-aPlanetData,119060,6,14,Inorganic,000057D8,ResInorgUncommonBeryllium,Beryllium,Uncommon
Alpha Ternion,Ternion VII,Planet,0005DEF1,TernionVIIPlanetData,119060,0,7,Inorganic,000057D6,ResInorgCommonAluminum,Aluminum,Common
Alpha Ternion,Ternion VII,Planet,0005DEF1,TernionVIIPlanetData,119060,0,7,Inorganic,000057D5,ResInorgCommonChlorine_G,Chlorine,Common
Alpha Ternion,Ternion VII,Planet,0005DEF1,TernionVIIPlanetData,119060,0,7,Inorganic,000057F5,ResInorgCommonHelium3_G,Helium3,Common
Alpha Ternion,Ternion VII,Planet,0005DEF1,TernionVIIPlanetData,119060,0,7,Inorganic,000083EC,ResInorgCommonWater_L,Water,Common
Alpha Ternion,Ternion VII,Planet,0005DEF1,TernionVIIPlanetData,119060,0,7,Inorganic,000057D8,ResInorgUncommonBeryllium,Beryllium,Uncommon
Alpha Ternion,Ternion VII,Planet,0005DEF1,TernionVIIPlanetData,119060,0,7,Inorganic,000057D7,ResInorgUncommonChlorosilanes_L,Chlorosilanes,Uncommon
Alpha Ternion,Ternion VII,Planet,0005DEF1,TernionVIIPlanetData,119060,0,7,Inorganic,000057DA,ResInorgRareLithium,Lithium,Rare
Alpha Ternion,Ternion VIII,Planet,0005DEF2,TernionVIIIPlanetData,119060,0,8,Inorganic,000057D5,ResInorgCommonChlorine_G,Chlorine,Common
Alpha Ternion,Ternion VIII,Planet,0005DEF2,TernionVIIIPlanetData,119060,0,8,Inorganic,000083EC,ResInorgCommonWater_L,Water,Common
Alpha Ternion,Ternion VIII,Planet,0005DEF2,TernionVIIIPlanetData,119060,0,8,Inorganic,000057D7,ResInorgUncommonChlorosilanes_L,Chlorosilanes,Uncommon
Alpha Tirna,Tirna I,Planet,0005E475,TirnaIPlanetData,57270,0,1,Inorganic,000057F5,ResInorgCommonHelium3_G,Helium3,Common
Alpha Tirna,Tirna I,Planet,0005E475,TirnaIPlanetData,57270,0,1,Inorganic,000057C7,ResInorgCommonIron,Iron,Common
Alpha Tirna,Tirna I,Planet,0005E475,TirnaIPlanetData,57270,0,1,Inorganic,000057C8,ResInorgRareTantalum,Tantalum,Rare
Alpha Tirna,Tirna II,Planet,0005E476,TirnaIIPlanetData,57270,0,2,Inorganic,000057D5,ResInorgCommonChlorine_G,Chlorine,Common
Alpha Tirna,Tirna II,Planet,0005E476,TirnaIIPlanetData,57270,0,2,Inorganic,000057CF,ResInorgCommonCopper,Copper,Common
Alpha Tirna,Tirna II,Planet,0005E476,TirnaIIPlanetData,57270,0,2,Inorganic,000057C1,ResInorgCommonLead,Lead,Common
Alpha Tirna,Tirna II,Planet,0005E476,TirnaIIPlanetData,57270,0,2,Inorganic,000083EC,ResInorgCommonWater_L,Water,Common
Alpha Tirna,Tirna II,Planet,0005E476,TirnaIIPlanetData,57270,0,2,Inorganic,000057D0,ResInorgUncommonFluorine_G,Fluorine,Uncommon
Alpha Tirna,Tirna II,Planet,0005E476,TirnaIIPlanetData,57270,0,2,Inorganic,000057C2,ResInorgExoticDysprosium,Dysprosium,Exotic
Alpha Tirna,Tirna II,Planet,0005E476,TirnaIIPlanetData,57270,0,2,Inorganic,000057D4,ResInorgExoticIonicLiquids_L,IonicLiquids,Exotic
Alpha Tirna,Tirna II,Planet,0005E476,TirnaIIPlanetData,57270,0,2,Organic,00077821,ResOrgCommonFiber,Fiber,Common
Alpha Tirna,Tirna II,Planet,0005E476,TirnaIIPlanetData,57270,0,2,Organic,00224642,ResOrgCommonFiberFaunaHerbivore,Fiber,Common
Alpha Tirna,Tirna II,Planet,0005E476,TirnaIIPlanetData,57270,0,2,Organic,0029F3FD,ResOrgCommonMetabolicAgent,MetabolicAgent,Common
Alpha Tirna,Tirna II,Planet,0005E476,TirnaIIPlanetData,57270,0,2,Organic,000777E6,ResOrgCommonNutrient,Nutrient,Common
Alpha Tirna,Tirna II,Planet,0005E476,TirnaIIPlanetData,57270,0,2,Organic,00224640,ResOrgCommonNutrientFaunaHerbivore,Nutrient,Common
Alpha Tirna,Tirna II,Planet,0005E476,TirnaIIPlanetData,57270,0,2,Organic,0007782D,ResOrgCommonSealant,Sealant,Common
Alpha Tirna,Tirna II,Planet,0005E476,TirnaIIPlanetData,57270,0,2,Organic,0022462E,ResOrgCommonSealantFaunaHerbivore,Sealant,Common
Alpha Tirna,Tirna II,Planet,0005E476,TirnaIIPlanetData,57270,0,2,Organic,000777FA,ResOrgCommonStructural,Structural,Common
Alpha Tirna,Tirna II,Planet,0005E476,TirnaIIPlanetData,57270,0,2,Organic,00077823,ResOrgCommonToxin,Toxin,Common
Alpha Tirna,Tirna II,Planet,0005E476,TirnaIIPlanetData,57270,0,2,Organic,00224631,ResOrgUncommonCosmeticFaunaHerbivore,Cosmetic,Uncommon
Alpha Tirna,Tirna II,Planet,0005E476,TirnaIIPlanetData,57270,0,2,Organic,0022465C,ResOrgUncommonOrnamentalFaunaCarnivore,Ornamental,Uncommon
Alpha Tirna,Tirna II,Planet,0005E476,TirnaIIPlanetData,57270,0,2,Organic,00224654,ResOrgRareAdhesiveFaunaCarnivore,Adhesive,Rare
Alpha Tirna,Tirna II-a,Moon,0005E477,TirnaII-aPlanetData,57270,2,12,Inorganic,000057F5,ResInorgCommonHelium3_G,Helium3,Common
Alpha Tirna,Tirna II-a,Moon,0005E477,TirnaII-aPlanetData,57270,2,12,Inorganic,000057C7,ResInorgCommonIron,Iron,Common
Alpha Tirna,Tirna III,Planet,0005E478,TirnaIIIPlanetData,57270,0,3,Inorganic,000057EA,ResInorgCommonArgon_G,Argon,Common
Alpha Tirna,Tirna III,Planet,0005E478,TirnaIIIPlanetData,57270,0,3,Inorganic,000057D5,ResInorgCommonChlorine_G,Chlorine,Common
Alpha Tirna,Tirna III,Planet,0005E478,TirnaIIIPlanetData,57270,0,3,Inorganic,000057C1,ResInorgCommonLead,Lead,Common
Alpha Tirna,Tirna III,Planet,0005E478,TirnaIIIPlanetData,57270,0,3,Inorganic,000057CB,ResInorgCommonNickel,Nickel,Common
Alpha Tirna,Tirna III,Planet,0005E478,TirnaIIIPlanetData,57270,0,3,Inorganic,000083EC,ResInorgCommonWater_L,Water,Common
Alpha Tirna,Tirna III,Planet,0005E478,TirnaIIIPlanetData,57270,0,3,Inorganic,000057CE,ResInorgUncommonCobalt,Cobalt,Uncommon
Alpha Tirna,Tirna III,Planet,0005E478,TirnaIIIPlanetData,57270,0,3,Inorganic,000057C3,ResInorgUncommonSilver,Silver,Uncommon
Alpha Tirna,Tirna III-a,Moon,0005E47B,TirnaIII-aPlanetData,57270,3,15,Inorganic,000057D6,ResInorgCommonAluminum,Aluminum,Common
Alpha Tirna,Tirna III-a,Moon,0005E47B,TirnaIII-aPlanetData,57270,3,15,Inorganic,000057F5,ResInorgCommonHelium3_G,Helium3,Common
Alpha Tirna,Tirna III-a,Moon,0005E47B,TirnaIII-aPlanetData,57270,3,15,Inorganic,000057D8,ResInorgUncommonBeryllium,Beryllium,Uncommon
Alpha Tirna,Tirna III-b,Moon,0005E47A,TirnaIII-bPlanetData,57270,3,14,Inorganic,000057D6,ResInorgCommonAluminum,Aluminum,Common
Alpha Tirna,Tirna III-b,Moon,0005E47A,TirnaIII-bPlanetData,57270,3,14,Inorganic,000057F5,ResInorgCommonHelium3_G,Helium3,Common
Alpha Tirna,Tirna III-b,Moon,0005E47A,TirnaIII-bPlanetData,57270,3,14,Inorganic,000057D8,ResInorgUncommonBeryllium,Beryllium,Uncommon
Alpha Tirna,Tirna III-c,Moon,0005E479,TirnaIII-cPlanetData,57270,3,13,Inorganic,000057F5,ResInorgCommonHelium3_G,Helium3,Common
Alpha Tirna,Tirna III-c,Moon,0005E479,TirnaIII-cPlanetData,57270,3,13,Inorganic,000057C7,ResInorgCommonIron,Iron,Common
Alpha Tirna,Tirna IV,Planet,0005E47C,TirnaIVPlanetData,57270,0,4,Inorganic,000057EA,ResInorgCommonArgon_G,Argon,Common
Alpha Tirna,Tirna IV,Planet,0005E47C,TirnaIVPlanetData,57270,0,4,Inorganic,000057C7,ResInorgCommonIron,Iron,Common
Alpha Tirna,Tirna IV,Planet,0005E47C,TirnaIVPlanetData,57270,0,4,Inorganic,000057CB,ResInorgCommonNickel,Nickel,Common
Alpha Tirna,Tirna IV,Planet,0005E47C,TirnaIVPlanetData,57270,0,4,Inorganic,000057EB,ResInorgCommonUranium,Uranium,Common
Alpha Tirna,Tirna IV,Planet,0005E47C,TirnaIVPlanetData,57270,0,4,Inorganic,000083EC,ResInorgCommonWater_L,Water,Common
Alpha Tirna,Tirna IV,Planet,0005E47C,TirnaIVPlanetData,57270,0,4,Inorganic,000057CE,ResInorgUncommonCobalt,Cobalt,Uncommon
Alpha Tirna,Tirna IV,Planet,0005E47C,TirnaIVPlanetData,57270,0,4,Inorganic,000057ED,ResInorgRareVanadium,Vanadium,Rare
Alpha Tirna,Tirna IV-a,Moon,0005E47D,TirnaIV-aPlanetData,57270,4,16,Inorganic,000057F5,ResInorgCommonHelium3_G,Helium3,Common
Alpha Tirna,Tirna IV-a,Moon,0005E47D,TirnaIV-aPlanetData,57270,4,16,Inorganic,000057C7,ResInorgCommonIron,Iron,Common
Alpha Tirna,Tirna IV-a,Moon,0005E47D,TirnaIV-aPlanetData,57270,4,16,Inorganic,000057C8,ResInorgRareTantalum,Tantalum,Rare
Alpha Tirna,Tirna IX,Planet,0005E48F,TirnaIXPlanetData,57270,0,9,Inorganic,000057CF,ResInorgCommonCopper,Copper,Common
Alpha Tirna,Tirna IX,Planet,0005E48F,TirnaIXPlanetData,57270,0,9,Inorganic,000083EC,ResInorgCommonWater_L,Water,Common
Alpha Tirna,Tirna IX,Planet,0005E48F,TirnaIXPlanetData,57270,0,9,Inorganic,000057D1,ResInorgRareTetrafluorides_G,Tetrafluorides,Rare
Alpha Tirna,Tirna V,Planet,0005E47E,TirnaVPlanetData,57270,0,5,Inorganic,000057CF,ResInorgCommonCopper,Copper,Common
Alpha Tirna,Tirna V,Planet,0005E47E,TirnaVPlanetData,57270,0,5,Inorganic,000057C1,ResInorgCommonLead,Lead,Common
Alpha Tirna,Tirna V,Planet,0005E47E,TirnaVPlanetData,57270,0,5,Inorganic,000057EB,ResInorgCommonUranium,Uranium,Common
Alpha Tirna,Tirna V,Planet,0005E47E,TirnaVPlanetData,57270,0,5,Inorganic,000083EC,ResInorgCommonWater_L,Water,Common
Alpha Tirna,Tirna V,Planet,0005E47E,TirnaVPlanetData,57270,0,5,Inorganic,000057D0,ResInorgUncommonFluorine_G,Fluorine,Uncommon
Alpha Tirna,Tirna V,Planet,0005E47E,TirnaVPlanetData,57270,0,5,Inorganic,000057C4,ResInorgUncommonTungsten,Tungsten,Uncommon
Alpha Tirna,Tirna V,Planet,0005E47E,TirnaVPlanetData,57270,0,5,Inorganic,000057ED,ResInorgRareVanadium,Vanadium,Rare
Alpha Tirna,Tirna VI-a,Moon,0005E483,TirnaVI-aPlanetData,57270,6,20,Inorganic,000057CF,ResInorgCommonCopper,Copper,Common
Alpha Tirna,Tirna VI-a,Moon,0005E483,TirnaVI-aPlanetData,57270,6,20,Inorganic,000083EC,ResInorgCommonWater_L,Water,Common
Alpha Tirna,Tirna VI-a,Moon,0005E483,TirnaVI-aPlanetData,57270,6,20,Inorganic,000057D0,ResInorgUncommonFluorine_G,Fluorine,Uncommon
Alpha Tirna,Tirna VI-a,Moon,0005E483,TirnaVI-aPlanetData,57270,6,20,Inorganic,000057D1,ResInorgRareTetrafluorides_G,Tetrafluorides,Rare
Alpha Tirna,Tirna VI-b,Moon,0005E482,TirnaVI-bPlanetData,57270,6,19,Inorganic,000057D6,ResInorgCommonAluminum,Aluminum,Common
Alpha Tirna,Tirna VI-b,Moon,0005E482,TirnaVI-bPlanetData,57270,6,19,Inorganic,000057D5,ResInorgCommonChlorine_G,Chlorine,Common
Alpha Tirna,Tirna VI-b,Moon,0005E482,TirnaVI-bPlanetData,57270,6,19,Inorganic,000057CF,ResInorgCommonCopper,Copper,Common
Alpha Tirna,Tirna VI-b,Moon,0005E482,TirnaVI-bPlanetData,57270,6,19,Inorganic,000057F5,ResInorgCommonHelium3_G,Helium3,Common
Alpha Tirna,Tirna VI-b,Moon,0005E482,TirnaVI-bPlanetData,57270,6,19,Inorganic,000083EC,ResInorgCommonWater_L,Water,Common
Alpha Tirna,Tirna VI-b,Moon,0005E482,TirnaVI-bPlanetData,57270,6,19,Inorganic,000057D0,ResInorgUncommonFluorine_G,Fluorine,Uncommon
Alpha Tirna,Tirna VI-b,Moon,0005E482,TirnaVI-bPlanetData,57270,6,19,Inorganic,000057D2,ResInorgRareGold,Gold,Rare
Alpha Tirna,Tirna VI-b,Moon,0005E482,TirnaVI-bPlanetData,57270,6,19,Inorganic,000057E2,ResInorgExoticEuropium,Europium,Exotic
Alpha Tirna,Tirna VI-c,Moon,0005E484,TirnaVI-cPlanetData,57270,6,21,Inorganic,000057D5,ResInorgCommonChlorine_G,Chlorine,Common
Alpha Tirna,Tirna VI-c,Moon,0005E484,TirnaVI-cPlanetData,57270,6,21,Inorganic,000083EC,ResInorgCommonWater_L,Water,Common
Alpha Tirna,Tirna VI-c,Moon,0005E484,TirnaVI-cPlanetData,57270,6,21,Inorganic,000057D7,ResInorgUncommonChlorosilanes_L,Chlorosilanes,Uncommon
Alpha Tirna,Tirna VI-d,Moon,0005E480,TirnaVI-dPlanetData,57270,6,17,Inorganic,000057D5,ResInorgCommonChlorine_G,Chlorine,Common
Alpha Tirna,Tirna VI-d,Moon,0005E480,TirnaVI-dPlanetData,57270,6,17,Inorganic,000083EC,ResInorgCommonWater_L,Water,Common
Alpha Tirna,Tirna VI-e,Moon,0005E481,TirnaVI-ePlanetData,57270,6,18,Inorganic,000057D5,ResInorgCommonChlorine_G,Chlorine,Common
Alpha Tirna,Tirna VI-e,Moon,0005E481,TirnaVI-ePlanetData,57270,6,18,Inorganic,000083EC,ResInorgCommonWater_L,Water,Common
Alpha Tirna,Tirna VII-a,Moon,0005E486,TirnaVII-aPlanetData,57270,7,22,Inorganic,000057CB,ResInorgCommonNickel,Nickel,Common
Alpha Tirna,Tirna VII-a,Moon,0005E486,TirnaVII-aPlanetData,57270,7,22,Inorganic,000083EC,ResInorgCommonWater_L,Water,Common
Alpha Tirna,Tirna VII-b,Moon,0005E488,TirnaVII-bPlanetData,57270,7,24,Inorganic,000057C1,ResInorgCommonLead,Lead,Common
Alpha Tirna,Tirna VII-b,Moon,0005E488,TirnaVII-bPlanetData,57270,7,24,Inorganic,000083EC,ResInorgCommonWater_L,Water,Common
Alpha Tirna,Tirna VII-b,Moon,0005E488,TirnaVII-bPlanetData,57270,7,24,Inorganic,000057C4,ResInorgUncommonTungsten,Tungsten,Uncommon
Alpha Tirna,Tirna VII-c,Moon,0005E487,TirnaVII-cPlanetData,57270,7,23,Inorganic,000057CB,ResInorgCommonNickel,Nickel,Common
Alpha Tirna,Tirna VII-c,Moon,0005E487,TirnaVII-cPlanetData,57270,7,23,Inorganic,000083EC,ResInorgCommonWater_L,Water,Common
Alpha Tirna,Tirna VIII-a,Moon,0005E48C,TirnaVIII-aPlanetData,57270,8,27,Inorganic,000057D6,ResInorgCommonAluminum,Aluminum,Common
Alpha Tirna,Tirna VIII-a,Moon,0005E48C,TirnaVIII-aPlanetData,57270,8,27,Inorganic,000057EA,ResInorgCommonArgon_G,Argon,Common
Alpha Tirna,Tirna VIII-a,Moon,0005E48C,TirnaVIII-aPlanetData,57270,8,27,Inorganic,000057D5,ResInorgCommonChlorine_G,Chlorine,Common
Alpha Tirna,Tirna VIII-a,Moon,0005E48C,TirnaVIII-aPlanetData,57270,8,27,Inorganic,000057F5,ResInorgCommonHelium3_G,Helium3,Common
Alpha Tirna,Tirna VIII-a,Moon,0005E48C,TirnaVIII-aPlanetData,57270,8,27,Inorganic,000083EC,ResInorgCommonWater_L,Water,Common
Alpha Tirna,Tirna VIII-a,Moon,0005E48C,TirnaVIII-aPlanetData,57270,8,27,Inorganic,000057D7,ResInorgUncommonChlorosilanes_L,Chlorosilanes,Uncommon
Alpha Tirna,Tirna VIII-a,Moon,0005E48C,TirnaVIII-aPlanetData,57270,8,27,Inorganic,000057E8,ResInorgRareCarboxylicAcids_L,CarboxylicAcids,Rare
Alpha Tirna,Tirna VIII-a,Moon,0005E48C,TirnaVIII-aPlanetData,57270,8,27,Inorganic,000057E0,ResInorgExoticCaesium_L,Caesium,Exotic
Alpha Tirna,Tirna VIII-b,Moon,0005E48B,TirnaVIII-bPlanetData,57270,8,26,Inorganic,000057EA,ResInorgCommonArgon_G,Argon,Common
Alpha Tirna,Tirna VIII-b,Moon,0005E48B,TirnaVIII-bPlanetData,57270,8,26,Inorganic,000083EC,ResInorgCommonWater_L,Water,Common
Alpha Tirna,Tirna VIII-b,Moon,0005E48B,TirnaVIII-bPlanetData,57270,8,26,Inorganic,000057E7,ResInorgUncommonBenzene_G,Benzene,Uncommon
Alpha Tirna,Tirna VIII-c,Moon,0005E48A,TirnaVIII-cPlanetData,57270,8,25,Inorganic,000057C7,ResInorgCommonIron,Iron,Common
Alpha Tirna,Tirna VIII-c,Moon,0005E48A,TirnaVIII-cPlanetData,57270,8,25,Inorganic,000057C1,ResInorgCommonLead,Lead,Common
Alpha Tirna,Tirna VIII-c,Moon,0005E48A,TirnaVIII-cPlanetData,57270,8,25,Inorganic,000083EC,ResInorgCommonWater_L,Water,Common
Alpha Tirna,Tirna VIII-c,Moon,0005E48A,TirnaVIII-cPlanetData,57270,8,25,Inorganic,000057C9,ResInorgUncommonAlkanes_G,Alkanes,Uncommon
Alpha Tirna,Tirna VIII-c,Moon,0005E48A,TirnaVIII-cPlanetData,57270,8,25,Inorganic,000057C4,ResInorgUncommonTungsten,Tungsten,Uncommon
Alpha Tirna,Tirna VIII-c,Moon,0005E48A,TirnaVIII-cPlanetData,57270,8,25,Inorganic,000057C8,ResInorgRareTantalum,Tantalum,Rare
Alpha Tirna,Tirna VIII-c,Moon,0005E48A,TirnaVIII-cPlanetData,57270,8,25,Inorganic,000057C6,ResInorgRareTitanium,Titanium,Rare
Alpha Tirna,Tirna VIII-c,Moon,0005E48A,TirnaVIII-cPlanetData,57270,8,25,Inorganic,000057C2,ResInorgExoticDysprosium,Dysprosium,Exotic
Alpha Tirna,Tirna VIII-c,Moon,0005E48A,TirnaVIII-cPlanetData,57270,8,25,Organic,00077821,ResOrgCommonFiber,Fiber,Common
Alpha Tirna,Tirna VIII-c,Moon,0005E48A,TirnaVIII-cPlanetData,57270,8,25,Organic,00224641,ResOrgCommonMetabolicAgentFaunaHerbivore,MetabolicAgent,Common
Alpha Tirna,Tirna VIII-c,Moon,0005E48A,TirnaVIII-cPlanetData,57270,8,25,Organic,000777E6,ResOrgCommonNutrient,Nutrient,Common
Alpha Tirna,Tirna VIII-c,Moon,0005E48A,TirnaVIII-cPlanetData,57270,8,25,Organic,0007782D,ResOrgCommonSealant,Sealant,Common
Alpha Tirna,Tirna VIII-c,Moon,0005E48A,TirnaVIII-cPlanetData,57270,8,25,Organic,0022464B,ResOrgCommonSealantFaunaCarnivore,Sealant,Common
Alpha Tirna,Tirna VIII-c,Moon,0005E48A,TirnaVIII-cPlanetData,57270,8,25,Organic,000777FA,ResOrgCommonStructural,Structural,Common
Alpha Tirna,Tirna VIII-c,Moon,0005E48A,TirnaVIII-cPlanetData,57270,8,25,Organic,00077823,ResOrgCommonToxin,Toxin,Common
Alpha Tirna,Tirna VIII-c,Moon,0005E48A,TirnaVIII-cPlanetData,57270,8,25,Organic,002246D7,ResOrgUncommonAntimicrobialFaunaCarnivore,Antimicrobial,Uncommon
Alpha Tirna,Tirna VIII-c,Moon,0005E48A,TirnaVIII-cPlanetData,57270,8,25,Organic,0022462F,ResOrgUncommonPigmentFaunaHerbivore,Pigment,Uncommon
Alpha Tirna,Tirna VIII-c,Moon,0005E48A,TirnaVIII-cPlanetData,57270,8,25,Organic,0022463B,ResOrgExoticLubricantFaunaHerbivore,Lubricant,Exotic
Alpha Tirna,Tirna VIII-d,Moon,0005E48D,TirnaVIII-dPlanetData,57270,8,28,Inorganic,000057EA,ResInorgCommonArgon_G,Argon,Common
Alpha Tirna,Tirna VIII-d,Moon,0005E48D,TirnaVIII-dPlanetData,57270,8,28,Inorganic,000057C7,ResInorgCommonIron,Iron,Common
Alpha Tirna,Tirna VIII-d,Moon,0005E48D,TirnaVIII-dPlanetData,57270,8,28,Inorganic,000057CB,ResInorgCommonNickel,Nickel,Common
Alpha Tirna,Tirna VIII-d,Moon,0005E48D,TirnaVIII-dPlanetData,57270,8,28,Inorganic,000057EB,ResInorgCommonUranium,Uranium,Common
Alpha Tirna,Tirna VIII-d,Moon,0005E48D,TirnaVIII-dPlanetData,57270,8,28,Inorganic,000083EC,ResInorgCommonWater_L,Water,Common
Alpha Tirna,Tirna VIII-d,Moon,0005E48D,TirnaVIII-dPlanetData,57270,8,28,Inorganic,000057C9,ResInorgUncommonAlkanes_G,Alkanes,Uncommon
Alpha Tirna,Tirna VIII-d,Moon,0005E48D,TirnaVIII-dPlanetData,57270,8,28,Inorganic,000057E7,ResInorgUncommonBenzene_G,Benzene,Uncommon
Alpha Tirna,Tirna VIII-d,Moon,0005E48D,TirnaVIII-dPlanetData,57270,8,28,Inorganic,000057E8,ResInorgRareCarboxylicAcids_L,CarboxylicAcids,Rare
Alpha Tirna,Tirna VIII-e,Moon,0005E48E,TirnaVIII-ePlanetData,57270,8,29,Inorganic,000057D6,ResInorgCommonAluminum,Aluminum,Common
Alpha Tirna,Tirna VIII-e,Moon,0005E48E,TirnaVIII-ePlanetData,57270,8,29,Inorganic,000057EA,ResInorgCommonArgon_G,Argon,Common
Alpha Tirna,Tirna VIII-e,Moon,0005E48E,TirnaVIII-ePlanetData,57270,8,29,Inorganic,000057F5,ResInorgCommonHelium3_G,Helium3,Common
Alpha Tirna,Tirna VIII-e,Moon,0005E48E,TirnaVIII-ePlanetData,57270,8,29,Inorganic,000057EB,ResInorgCommonUranium,Uranium,Common
Alpha Tirna,Tirna VIII-e,Moon,0005E48E,TirnaVIII-ePlanetData,57270,8,29,Inorganic,000083EC,ResInorgCommonWater_L,Water,Common
Alpha Tirna,Tirna VIII-e,Moon,0005E48E,TirnaVIII-ePlanetData,57270,8,29,Inorganic,000057E7,ResInorgUncommonBenzene_G,Benzene,Uncommon
Alpha Tirna,Tirna VIII-e,Moon,0005E48E,TirnaVIII-ePlanetData,57270,8,29,Inorganic,000057EC,ResInorgUncommonIridium,Iridium,Uncommon
Alpha Tirna,Tirna VIII-e,Moon,0005E48E,TirnaVIII-ePlanetData,57270,8,29,Inorganic,000057E9,ResInorgExoticNeon_G,Neon,Exotic
Alpha Tirna,Tirna X-a,Moon,0005E493,TirnaX-aPlanetData,57270,10,32,Inorganic,000057CF,ResInorgCommonCopper,Copper,Common
Alpha Tirna,Tirna X-a,Moon,0005E493,TirnaX-aPlanetData,57270,10,32,Inorganic,000057C7,ResInorgCommonIron,Iron,Common
Alpha Tirna,Tirna X-a,Moon,0005E493,TirnaX-aPlanetData,57270,10,32,Inorganic,000057C1,ResInorgCommonLead,Lead,Common
Alpha Tirna,Tirna X-a,Moon,0005E493,TirnaX-aPlanetData,57270,10,32,Inorganic,000083EC,ResInorgCommonWater_L,Water,Common
Alpha Tirna,Tirna X-a,Moon,0005E493,TirnaX-aPlanetData,57270,10,32,Inorganic,000057C4,ResInorgUncommonTungsten,Tungsten,Uncommon
Alpha Tirna,Tirna X-a,Moon,0005E493,TirnaX-aPlanetData,57270,10,32,Inorganic,000057D2,ResInorgRareGold,Gold,Rare
Alpha Tirna,Tirna X-a,Moon,0005E493,TirnaX-aPlanetData,57270,10,32,Inorganic,000057C6,ResInorgRareTitanium,Titanium,Rare
Alpha Tirna,Tirna X-a,Moon,0005E493,TirnaX-aPlanetData,57270,10,32,Organic,0022464B,ResOrgCommonSealantFaunaCarnivore,Sealant,Common
Alpha Tirna,Tirna X-a,Moon,0005E493,TirnaX-aPlanetData,57270,10,32,Organic,00224637,ResOrgRareAdhesiveFaunaHerbivore,Adhesive,Rare
Alpha Tirna,Tirna X-b,Moon,0005E491,TirnaX-bPlanetData,57270,10,30,Inorganic,000057D5,ResInorgCommonChlorine_G,Chlorine,Common
Alpha Tirna,Tirna X-b,Moon,0005E491,TirnaX-bPlanetData,57270,10,30,Inorganic,000083EC,ResInorgCommonWater_L,Water,Common
Alpha Tirna,Tirna X-b,Moon,0005E491,TirnaX-bPlanetData,57270,10,30,Inorganic,000057D7,ResInorgUncommonChlorosilanes_L,Chlorosilanes,Uncommon
Alpha Tirna,Tirna X-c,Moon,0005E492,TirnaX-cPlanetData,57270,10,31,Inorganic,000057CF,ResInorgCommonCopper,Copper,Common
Alpha Tirna,Tirna X-c,Moon,0005E492,TirnaX-cPlanetData,57270,10,31,Inorganic,000083EC,ResInorgCommonWater_L,Water,Common
Alpha Tirna,Tirna X-c,Moon,0005E492,TirnaX-cPlanetData,57270,10,31,Inorganic,000057D0,ResInorgUncommonFluorine_G,Fluorine,Uncommon
Alpha Tirna,Tirna X-c,Moon,0005E492,TirnaX-cPlanetData,57270,10,31,Inorganic,000057D2,ResInorgRareGold,Gold,Rare
Altair,Altair I,Planet,0005E05B,AltairIPlanetData,97338,0,1,Inorganic,000057C1,ResInorgCommonLead,Lead,Common
Altair,Altair I,Planet,0005E05B,AltairIPlanetData,97338,0,1,Inorganic,000057CB,ResInorgCommonNickel,Nickel,Common
Altair,Altair I,Planet,0005E05B,AltairIPlanetData,97338,0,1,Inorganic,000057EB,ResInorgCommonUranium,Uranium,Common
Altair,Altair I,Planet,0005E05B,AltairIPlanetData,97338,0,1,Inorganic,000057CE,ResInorgUncommonCobalt,Cobalt,Uncommon
Altair,Altair I,Planet,0005E05B,AltairIPlanetData,97338,0,1,Inorganic,000057EC,ResInorgUncommonIridium,Iridium,Uncommon
Altair,Altair I,Planet,0005E05B,AltairIPlanetData,97338,0,1,Inorganic,000057C3,ResInorgUncommonSilver,Silver,Uncommon
Altair,Altair I,Planet,0005E05B,AltairIPlanetData,97338,0,1,Inorganic,000057CC,ResInorgRarePlatinum,Platinum,Rare
Altair,Altair I,Planet,0005E05B,AltairIPlanetData,97338,0,1,Inorganic,000057EE,ResInorgExoticPlutonium,Plutonium,Exotic
Altair,Altair II,Planet,0005E05C,AltairIIPlanetData,97338,0,2,Inorganic,000057EA,ResInorgCommonArgon_G,Argon,Common
Altair,Altair II,Planet,0005E05C,AltairIIPlanetData,97338,0,2,Inorganic,000057EB,ResInorgCommonUranium,Uranium,Common
Altair,Altair II,Planet,0005E05C,AltairIIPlanetData,97338,0,2,Inorganic,000083EC,ResInorgCommonWater_L,Water,Common
Altair,Altair II,Planet,0005E05C,AltairIIPlanetData,97338,0,2,Inorganic,000057E7,ResInorgUncommonBenzene_G,Benzene,Uncommon
Altair,Altair II,Planet,0005E05C,AltairIIPlanetData,97338,0,2,Organic,00224640,ResOrgCommonNutrientFaunaHerbivore,Nutrient,Common
Altair,Altair II,Planet,0005E05C,AltairIIPlanetData,97338,0,2,Organic,0007782D,ResOrgCommonSealant,Sealant,Common
Altair,Altair II,Planet,0005E05C,AltairIIPlanetData,97338,0,2,Organic,0022462E,ResOrgCommonSealantFaunaHerbivore,Sealant,Common
Altair,Altair II,Planet,0005E05C,AltairIIPlanetData,97338,0,2,Organic,000777FA,ResOrgCommonStructural,Structural,Common
Altair,Altair II,Planet,0005E05C,AltairIIPlanetData,97338,0,2,Organic,0022462C,ResOrgCommonStructuralFaunaHerbivore,Structural,Common
Altair,Altair II,Planet,0005E05C,AltairIIPlanetData,97338,0,2,Organic,0007782C,ResOrgUncommonMembrane,Membrane,Uncommon
Altair,Altair II,Planet,0005E05C,AltairIIPlanetData,97338,0,2,Organic,0022464D,ResOrgUncommonMembraneFaunaCarnivore,Membrane,Uncommon
Altair,Altair II,Planet,0005E05C,AltairIIPlanetData,97338,0,2,Organic,00224654,ResOrgRareAdhesiveFaunaCarnivore,Adhesive,Rare
Altair,Altair II,Planet,0005E05C,AltairIIPlanetData,97338,0,2,Organic,0007782A,ResOrgRareAminoAcids,AminoAcids,Rare
Altair,Altair III,Planet,0005E05D,AltairIIIPlanetData,97338,0,3,Inorganic,000057CF,ResInorgCommonCopper,Copper,Common
Altair,Altair III,Planet,0005E05D,AltairIIIPlanetData,97338,0,3,Inorganic,000057C1,ResInorgCommonLead,Lead,Common
Altair,Altair III,Planet,0005E05D,AltairIIIPlanetData,97338,0,3,Inorganic,000083EC,ResInorgCommonWater_L,Water,Common
Altair,Altair III,Planet,0005E05D,AltairIIIPlanetData,97338,0,3,Inorganic,000057D0,ResInorgUncommonFluorine_G,Fluorine,Uncommon
Altair,Altair III,Planet,0005E05D,AltairIIIPlanetData,97338,0,3,Inorganic,000057D2,ResInorgRareGold,Gold,Rare
Altair,Altair III-b,Moon,0005E05F,AltairIII-bPlanetData,97338,3,8,Inorganic,000057D6,ResInorgCommonAluminum,Aluminum,Common
Altair,Altair III-b,Moon,0005E05F,AltairIII-bPlanetData,97338,3,8,Inorganic,000057F5,ResInorgCommonHelium3_G,Helium3,Common
Altair,Altair III-b,Moon,0005E05F,AltairIII-bPlanetData,97338,3,8,Inorganic,000057D8,ResInorgUncommonBeryllium,Beryllium,Uncommon
Altair,Altair III-b,Moon,0005E05F,AltairIII-bPlanetData,97338,3,8,Inorganic,000057DB,ResInorgRareNeodymium,Neodymium,Rare
Altair,Altair III-c,Moon,0005E05E,AltairIII-cPlanetData,97338,3,7,Inorganic,000057D6,ResInorgCommonAluminum,Aluminum,Common
Altair,Altair III-c,Moon,0005E05E,AltairIII-cPlanetData,97338,3,7,Inorganic,000057F5,ResInorgCommonHelium3_G,Helium3,Common
Altair,Altair III-c,Moon,0005E05E,AltairIII-cPlanetData,97338,3,7,Inorganic,000057D8,ResInorgUncommonBeryllium,Beryllium,Uncommon
Altair,Altair IV-a,Moon,0005E063,AltairIV-aPlanetData,97338,4,12,Inorganic,000057CF,ResInorgCommonCopper,Copper,Common
Altair,Altair IV-a,Moon,0005E063,AltairIV-aPlanetData,97338,4,12,Inorganic,000083EC,ResInorgCommonWater_L,Water,Common
Altair,Altair IV-a,Moon,0005E063,AltairIV-aPlanetData,97338,4,12,Inorganic,000057D1,ResInorgRareTetrafluorides_G,Tetrafluorides,Rare
Altair,Altair IV-b,Moon,0005E065,AltairIV-bPlanetData,97338,4,14,Inorganic,000057D5,ResInorgCommonChlorine_G,Chlorine,Common
Altair,Altair IV-b,Moon,0005E065,AltairIV-bPlanetData,97338,4,14,Inorganic,000083EC,ResInorgCommonWater_L,Water,Common
Altair,Altair IV-b,Moon,0005E065,AltairIV-bPlanetData,97338,4,14,Inorganic,000057D7,ResInorgUncommonChlorosilanes_L,Chlorosilanes,Uncommon
Altair,Altair IV-b,Moon,0005E065,AltairIV-bPlanetData,97338,4,14,Inorganic,000057DA,ResInorgRareLithium,Lithium,Rare
Altair,Altair IV-b,Moon,0005E065,AltairIV-bPlanetData,97338,4,14,Inorganic,000057DC,ResInorgExoticXenon_G,Xenon,Exotic
Altair,Altair IV-c,Moon,0005E064,AltairIV-cPlanetData,97338,4,13,Inorganic,000057D5,ResInorgCommonChlorine_G,Chlorine,Common
Altair,Altair IV-c,Moon,0005E064,AltairIV-cPlanetData,97338,4,13,Inorganic,000057C1,ResInorgCommonLead,Lead,Common
Altair,Altair IV-c,Moon,0005E064,AltairIV-cPlanetData,97338,4,13,Inorganic,000057CB,ResInorgCommonNickel,Nickel,Common
Altair,Altair IV-c,Moon,0005E064,AltairIV-cPlanetData,97338,4,13,Inorganic,000083EC,ResInorgCommonWater_L,Water,Common
Altair,Altair IV-c,Moon,0005E064,AltairIV-cPlanetData,97338,4,13,Inorganic,000057CE,ResInorgUncommonCobalt,Cobalt,Uncommon
Altair,Altair IV-c,Moon,0005E064,AltairIV-cPlanetData,97338,4,13,Inorganic,000057C4,ResInorgUncommonTungsten,Tungsten,Uncommon
Altair,Altair IV-d,Moon,0005E062,AltairIV-dPlanetData,97338,4,11,Inorganic,000057CB,ResInorgCommonNickel,Nickel,Common
Altair,Altair IV-d,Moon,0005E062,AltairIV-dPlanetData,97338,4,11,Inorganic,000083EC,ResInorgCommonWater_L,Water,Common
Altair,Altair V,Planet,0005E066,AltairVPlanetData,97338,0,5,Inorganic,000057D6,ResInorgCommonAluminum,Aluminum,Common
Altair,Altair V,Planet,0005E066,AltairVPlanetData,97338,0,5,Inorganic,000057F5,ResInorgCommonHelium3_G,Helium3,Common
Altair,Altair V,Planet,0005E066,AltairVPlanetData,97338,0,5,Inorganic,000057D8,ResInorgUncommonBeryllium,Beryllium,Uncommon
Altair,Altair V-a,Moon,0005E067,AltairV-aPlanetData,97338,5,10,Inorganic,000057C1,ResInorgCommonLead,Lead,Common
Altair,Altair V-a,Moon,0005E067,AltairV-aPlanetData,97338,5,10,Inorganic,000083EC,ResInorgCommonWater_L,Water,Common
Andromas,Andromas I,Planet,0005E0CD,AndromasIPlanetData,86705,0,1,Inorganic,000057D5,ResInorgCommonChlorine_G,Chlorine,Common
Andromas,Andromas I,Planet,0005E0CD,AndromasIPlanetData,86705,0,1,Inorganic,000057C7,ResInorgCommonIron,Iron,Common
Andromas,Andromas I,Planet,0005E0CD,AndromasIPlanetData,86705,0,1,Inorganic,000057CB,ResInorgCommonNickel,Nickel,Common
Andromas,Andromas I,Planet,0005E0CD,AndromasIPlanetData,86705,0,1,Inorganic,000057EB,ResInorgCommonUranium,Uranium,Common
Andromas,Andromas I,Planet,0005E0CD,AndromasIPlanetData,86705,0,1,Inorganic,000057EC,ResInorgUncommonIridium,Iridium,Uncommon
Andromas,Andromas I,Planet,0005E0CD,AndromasIPlanetData,86705,0,1,Inorganic,000057ED,ResInorgRareVanadium,Vanadium,Rare
Andromas,Andromas I,Planet,0005E0CD,AndromasIPlanetData,86705,0,1,Inorganic,000057DC,ResInorgExoticXenon_G,Xenon,Exotic
Andromas,Andromas II,Planet,0005E0CE,AndromasIIPlanetData,86705,0,2,Inorganic,000057EA,ResInorgCommonArgon_G,Argon,Common
Andromas,Andromas II,Planet,0005E0CE,AndromasIIPlanetData,86705,0,2,Inorganic,000057D5,ResInorgCommonChlorine_G,Chlorine,Common
Andromas,Andromas II,Planet,0005E0CE,AndromasIIPlanetData,86705,0,2,Inorganic,000057CB,ResInorgCommonNickel,Nickel,Common
Andromas,Andromas II,Planet,0005E0CE,AndromasIIPlanetData,86705,0,2,Inorganic,000083EC,ResInorgCommonWater_L,Water,Common
Andromas,Andromas II,Planet,0005E0CE,AndromasIIPlanetData,86705,0,2,Inorganic,000057D7,ResInorgUncommonChlorosilanes_L,Chlorosilanes,Uncommon
Andromas,Andromas II,Planet,0005E0CE,AndromasIIPlanetData,86705,0,2,Inorganic,000057E8,ResInorgRareCarboxylicAcids_L,CarboxylicAcids,Rare
Andromas,Andromas II,Planet,0005E0CE,AndromasIIPlanetData,86705,0,2,Inorganic,000057DA,ResInorgRareLithium,Lithium,Rare
Andromas,Andromas II,Planet,0005E0CE,AndromasIIPlanetData,86705,0,2,Organic,00077821,ResOrgCommonFiber,Fiber,Common
Andromas,Andromas II,Planet,0005E0CE,AndromasIIPlanetData,86705,0,2,Organic,00224641,ResOrgCommonMetabolicAgentFaunaHerbivore,MetabolicAgent,Common
Andromas,Andromas II,Planet,0005E0CE,AndromasIIPlanetData,86705,0,2,Organic,0007782D,ResOrgCommonSealant,Sealant,Common
Andromas,Andromas II,Planet,0005E0CE,AndromasIIPlanetData,86705,0,2,Organic,0022462E,ResOrgCommonSealantFaunaHerbivore,Sealant,Common
Andromas,Andromas II,Planet,0005E0CE,AndromasIIPlanetData,86705,0,2,Organic,0022463E,ResOrgCommonToxinFaunaHerbivore,Toxin,Common
Andromas,Andromas II,Planet,0005E0CE,AndromasIIPlanetData,86705,0,2,Organic,002246D7,ResOrgUncommonAntimicrobialFaunaCarnivore,Antimicrobial,Uncommon
Andromas,Andromas II,Planet,0005E0CE,AndromasIIPlanetData,86705,0,2,Organic,0022464E,ResOrgUncommonCosmeticFaunaCarnivore,Cosmetic,Uncommon
Andromas,Andromas II,Planet,0005E0CE,AndromasIIPlanetData,86705,0,2,Organic,0029F403,ResOrgRareHallucinogen,Hallucinogen,Rare
Andromas,Andromas III,Planet,0005E0CF,AndromasIIIPlanetData,86705,0,3,Inorganic,000057D6,ResInorgCommonAluminum,Aluminum,Common
Andromas,Andromas III,Planet,0005E0CF,AndromasIIIPlanetData,86705,0,3,Inorganic,000057EA,ResInorgCommonArgon_G,Argon,Common
Andromas,Andromas III,Planet,0005E0CF,AndromasIIIPlanetData,86705,0,3,Inorganic,000057F5,ResInorgCommonHelium3_G,Helium3,Common
Andromas,Andromas III,Planet,0005E0CF,AndromasIIIPlanetData,86705,0,3,Inorganic,000083EC,ResInorgCommonWater_L,Water,Common
Andromas,Andromas III,Planet,0005E0CF,AndromasIIIPlanetData,86705,0,3,Inorganic,000057D8,ResInorgUncommonBeryllium,Beryllium,Uncommon
Andromas,Andromas III,Planet,0005E0CF,AndromasIIIPlanetData,86705,0,3,Inorganic,000057E2,ResInorgExoticEuropium,Europium,Exotic
Andromas,Andromas III,Planet,0005E0CF,AndromasIIIPlanetData,86705,0,3,Inorganic,000057E9,ResInorgExoticNeon_G,Neon,Exotic
Andromas,Andromas III,Planet,0005E0CF,AndromasIIIPlanetData,86705,0,3,Organic,00224642,ResOrgCommonFiberFaunaHerbivore,Fiber,Common
Andromas,Andromas III,Planet,0005E0CF,AndromasIIIPlanetData,86705,0,3,Organic,0007782D,ResOrgCommonSealant,Sealant,Common
Andromas,Andromas III,Planet,0005E0CF,AndromasIIIPlanetData,86705,0,3,Organic,0022462E,ResOrgCommonSealantFaunaHerbivore,Sealant,Common
Andromas,Andromas III,Planet,0005E0CF,AndromasIIIPlanetData,86705,0,3,Organic,000777FA,ResOrgCommonStructural,Structural,Common
Andromas,Andromas III,Planet,0005E0CF,AndromasIIIPlanetData,86705,0,3,Organic,0022463F,ResOrgUncommonOrnamentalFaunaHerbivore,Ornamental,Uncommon
Andromas,Andromas III,Planet,0005E0CF,AndromasIIIPlanetData,86705,0,3,Organic,0029F403,ResOrgRareHallucinogen,Hallucinogen,Rare
Andromas,Andromas IV-a,Moon,0005E0D1,AndromasIV-aPlanetData,86705,4,8,Inorganic,000057EA,ResInorgCommonArgon_G,Argon,Common
Andromas,Andromas IV-a,Moon,0005E0D1,AndromasIV-aPlanetData,86705,4,8,Inorganic,000083EC,ResInorgCommonWater_L,Water,Common
Andromas,Andromas IV-a,Moon,0005E0D1,AndromasIV-aPlanetData,86705,4,8,Inorganic,000057E7,ResInorgUncommonBenzene_G,Benzene,Uncommon
Andromas,Andromas V-a,Moon,0005E0D4,AndromasV-aPlanetData,86705,5,10,Inorganic,000057CF,ResInorgCommonCopper,Copper,Common
Andromas,Andromas V-a,Moon,0005E0D4,AndromasV-aPlanetData,86705,5,10,Inorganic,000083EC,ResInorgCommonWater_L,Water,Common
Andromas,Andromas V-a,Moon,0005E0D4,AndromasV-aPlanetData,86705,5,10,Inorganic,000057D0,ResInorgUncommonFluorine_G,Fluorine,Uncommon
Andromas,Andromas V-b,Moon,0005E0D3,AndromasV-bPlanetData,86705,5,9,Inorganic,000057CF,ResInorgCommonCopper,Copper,Common
Andromas,Andromas V-b,Moon,0005E0D3,AndromasV-bPlanetData,86705,5,9,Inorganic,000057C7,ResInorgCommonIron,Iron,Common
Andromas,Andromas V-b,Moon,0005E0D3,AndromasV-bPlanetData,86705,5,9,Inorganic,000057C1,ResInorgCommonLead,Lead,Common
Andromas,Andromas V-b,Moon,0005E0D3,AndromasV-bPlanetData,86705,5,9,Inorganic,000083EC,ResInorgCommonWater_L,Water,Common
Andromas,Andromas V-b,Moon,0005E0D3,AndromasV-bPlanetData,86705,5,9,Inorganic,000057C9,ResInorgUncommonAlkanes_G,Alkanes,Uncommon
Andromas,Andromas V-b,Moon,0005E0D3,AndromasV-bPlanetData,86705,5,9,Inorganic,000057D0,ResInorgUncommonFluorine_G,Fluorine,Uncommon
Andromas,Andromas V-b,Moon,0005E0D3,AndromasV-bPlanetData,86705,5,9,Inorganic,000057C3,ResInorgUncommonSilver,Silver,Uncommon
Andromas,Andromas VI-a,Moon,0005E0D6,AndromasVI-aPlanetData,86705,6,11,Inorganic,000057CF,ResInorgCommonCopper,Copper,Common
Andromas,Andromas VI-a,Moon,0005E0D6,AndromasVI-aPlanetData,86705,6,11,Inorganic,000083EC,ResInorgCommonWater_L,Water,Common
Andromas,Andromas VI-a,Moon,0005E0D6,AndromasVI-aPlanetData,86705,6,11,Inorganic,000057D0,ResInorgUncommonFluorine_G,Fluorine,Uncommon
Andromas,Andromas VI-b,Moon,0005E0D7,AndromasVI-bPlanetData,86705,6,12,Inorganic,000057D6,ResInorgCommonAluminum,Aluminum,Common
Andromas,Andromas VI-b,Moon,0005E0D7,AndromasVI-bPlanetData,86705,6,12,Inorganic,000057CF,ResInorgCommonCopper,Copper,Common
Andromas,Andromas VI-b,Moon,0005E0D7,AndromasVI-bPlanetData,86705,6,12,Inorganic,000057F5,ResInorgCommonHelium3_G,Helium3,Common
Andromas,Andromas VI-b,Moon,0005E0D7,AndromasVI-bPlanetData,86705,6,12,Inorganic,000057C7,ResInorgCommonIron,Iron,Common
Andromas,Andromas VI-b,Moon,0005E0D7,AndromasVI-bPlanetData,86705,6,12,Inorganic,000083EC,ResInorgCommonWater_L,Water,Common
Andromas,Andromas VI-b,Moon,0005E0D7,AndromasVI-bPlanetData,86705,6,12,Inorganic,000057C9,ResInorgUncommonAlkanes_G,Alkanes,Uncommon
Andromas,Andromas VI-b,Moon,0005E0D7,AndromasVI-bPlanetData,86705,6,12,Inorganic,000057D8,ResInorgUncommonBeryllium,Beryllium,Uncommon
Andromas,Andromas VI-b,Moon,0005E0D7,AndromasVI-bPlanetData,86705,6,12,Inorganic,000057D0,ResInorgUncommonFluorine_G,Fluorine,Uncommon
Aranae,Aranae I,Planet,0005E287,AranaeIPlanetData,72955,0,1,Inorganic,000057D6,ResInorgCommonAluminum,Aluminum,Common
Aranae,Aranae I,Planet,0005E287,AranaeIPlanetData,72955,0,1,Inorganic,000057F5,ResInorgCommonHelium3_G,Helium3,Common
Aranae,Aranae I,Planet,0005E287,AranaeIPlanetData,72955,0,1,Inorganic,000057D8,ResInorgUncommonBeryllium,Beryllium,Uncommon
Aranae,Aranae I,Planet,0005E287,AranaeIPlanetData,72955,0,1,Organic,000777E6,ResOrgCommonNutrient,Nutrient,Common
Aranae,Aranae I,Planet,0005E287,AranaeIPlanetData,72955,0,1,Organic,0022462E,ResOrgCommonSealantFaunaHerbivore,Sealant,Common
Aranae,Aranae I,Planet,0005E287,AranaeIPlanetData,72955,0,1,Organic,0022465C,ResOrgUncommonOrnamentalFaunaCarnivore,Ornamental,Uncommon
Aranae,Aranae II,Planet,0005E288,AranaeIIPlanetData,72955,0,2,Inorganic,000057D6,ResInorgCommonAluminum,Aluminum,Common
Aranae,Aranae II,Planet,0005E288,AranaeIIPlanetData,72955,0,2,Inorganic,000057F5,ResInorgCommonHelium3_G,Helium3,Common
Aranae,Aranae II-a,Moon,0005E28A,AranaeII-aPlanetData,72955,2,8,Inorganic,000057D6,ResInorgCommonAluminum,Aluminum,Common
Aranae,Aranae II-a,Moon,0005E28A,AranaeII-aPlanetData,72955,2,8,Inorganic,000057F5,ResInorgCommonHelium3_G,Helium3,Common
Aranae,Aranae II-b,Moon,0005E289,AranaeII-bPlanetData,72955,2,7,Inorganic,000057D6,ResInorgCommonAluminum,Aluminum,Common
Aranae,Aranae II-b,Moon,0005E289,AranaeII-bPlanetData,72955,2,7,Inorganic,000057F5,ResInorgCommonHelium3_G,Helium3,Common
Aranae,Aranae III,Planet,0005E28B,AranaeIIIPlanetData,72955,0,3,Inorganic,000057F5,ResInorgCommonHelium3_G,Helium3,Common
Aranae,Aranae III,Planet,0005E28B,AranaeIIIPlanetData,72955,0,3,Inorganic,000057C7,ResInorgCommonIron,Iron,Common
Aranae,Aranae IV-a,Moon,0005E28F,AranaeIV-aPlanetData,72955,4,11,Inorganic,000057F5,ResInorgCommonHelium3_G,Helium3,Common
Aranae,Aranae IV-a,Moon,0005E28F,AranaeIV-aPlanetData,72955,4,11,Inorganic,000057C7,ResInorgCommonIron,Iron,Common
Aranae,Aranae IV-a,Moon,0005E28F,AranaeIV-aPlanetData,72955,4,11,Inorganic,000057C8,ResInorgRareTantalum,Tantalum,Rare
Aranae,Aranae IV-b,Moon,0005E28D,AranaeIV-bPlanetData,72955,4,9,Inorganic,000057F5,ResInorgCommonHelium3_G,Helium3,Common
Aranae,Aranae IV-b,Moon,0005E28D,AranaeIV-bPlanetData,72955,4,9,Inorganic,000057C7,ResInorgCommonIron,Iron,Common
Aranae,Aranae IV-b,Moon,0005E28D,AranaeIV-bPlanetData,72955,4,9,Inorganic,000057C9,ResInorgUncommonAlkanes_G,Alkanes,Uncommon
Aranae,Aranae IV-c,Moon,0005E290,AranaeIV-cPlanetData,72955,4,12,Inorganic,000057CF,ResInorgCommonCopper,Copper,Common
Aranae,Aranae IV-c,Moon,0005E290,AranaeIV-cPlanetData,72955,4,12,Inorganic,000083EC,ResInorgCommonWater_L,Water,Common
Aranae,Aranae IV-d,Moon,0005E28E,AranaeIV-dPlanetData,72955,4,10,Inorganic,000057CF,ResInorgCommonCopper,Copper,Common
Aranae,Aranae IV-d,Moon,0005E28E,AranaeIV-dPlanetData,72955,4,10,Inorganic,000083EC,ResInorgCommonWater_L,Water,Common
Aranae,Aranae V,Planet,0005E291,AranaeVPlanetData,72955,0,5,Inorganic,000057C1,ResInorgCommonLead,Lead,Common
Aranae,Aranae V,Planet,0005E291,AranaeVPlanetData,72955,0,5,Inorganic,000083EC,ResInorgCommonWater_L,Water,Common
Archimedes,Archimedes I,Planet,0005DE49,ArchimedesIPlanetData,75150,0,1,Inorganic,000057C7,ResInorgCommonIron,Iron,Common
Archimedes,Archimedes I,Planet,0005DE49,ArchimedesIPlanetData,75150,0,1,Inorganic,000057CB,ResInorgCommonNickel,Nickel,Common
Archimedes,Archimedes I,Planet,0005DE49,ArchimedesIPlanetData,75150,0,1,Inorganic,000057EB,ResInorgCommonUranium,Uranium,Common
Archimedes,Archimedes I,Planet,0005DE49,ArchimedesIPlanetData,75150,0,1,Inorganic,000057C9,ResInorgUncommonAlkanes_G,Alkanes,Uncommon
Archimedes,Archimedes I,Planet,0005DE49,ArchimedesIPlanetData,75150,0,1,Inorganic,000057CE,ResInorgUncommonCobalt,Cobalt,Uncommon
Archimedes,Archimedes I,Planet,0005DE49,ArchimedesIPlanetData,75150,0,1,Inorganic,000057CC,ResInorgRarePlatinum,Platinum,Rare
Archimedes,Archimedes I-a,Moon,0005DE4A,ArchimedesI-aPlanetData,75150,1,8,Inorganic,000057D6,ResInorgCommonAluminum,Aluminum,Common
Archimedes,Archimedes I-a,Moon,0005DE4A,ArchimedesI-aPlanetData,75150,1,8,Inorganic,000057F5,ResInorgCommonHelium3_G,Helium3,Common
Archimedes,Archimedes I-a,Moon,0005DE4A,ArchimedesI-aPlanetData,75150,1,8,Inorganic,000057D8,ResInorgUncommonBeryllium,Beryllium,Uncommon
Archimedes,Archimedes II,Planet,0005DE4B,ArchimedesIIPlanetData,75150,0,2,Inorganic,000057EA,ResInorgCommonArgon_G,Argon,Common
Archimedes,Archimedes II,Planet,0005DE4B,ArchimedesIIPlanetData,75150,0,2,Inorganic,000057EB,ResInorgCommonUranium,Uranium,Common
Archimedes,Archimedes II,Planet,0005DE4B,ArchimedesIIPlanetData,75150,0,2,Inorganic,000083EC,ResInorgCommonWater_L,Water,Common
Archimedes,Archimedes II,Planet,0005DE4B,ArchimedesIIPlanetData,75150,0,2,Organic,00077821,ResOrgCommonFiber,Fiber,Common
Archimedes,Archimedes II,Planet,0005DE4B,ArchimedesIIPlanetData,75150,0,2,Organic,00224641,ResOrgCommonMetabolicAgentFaunaHerbivore,MetabolicAgent,Common
Archimedes,Archimedes II,Planet,0005DE4B,ArchimedesIIPlanetData,75150,0,2,Organic,0007782D,ResOrgCommonSealant,Sealant,Common
Archimedes,Archimedes II,Planet,0005DE4B,ArchimedesIIPlanetData,75150,0,2,Organic,00224649,ResOrgCommonStructuralFaunaCarnivore,Structural,Common
Archimedes,Archimedes II,Planet,0005DE4B,ArchimedesIIPlanetData,75150,0,2,Organic,00224651,ResOrgRareAromaticFaunaCarnivore,Aromatic,Rare
Archimedes,Archimedes II,Planet,0005DE4B,ArchimedesIIPlanetData,75150,0,2,Organic,0007782B,ResOrgRareSedative,Sedative,Rare
Archimedes,Archimedes II,Planet,0005DE4B,ArchimedesIIPlanetData,75150,0,2,Organic,00224632,ResOrgRareSedativeFaunaHerbivore,Sedative,Rare
Archimedes,Archimedes III,Planet,0005DE4C,ArchimedesIIIPlanetData,75150,0,3,Inorganic,000057D6,ResInorgCommonAluminum,Aluminum,Common
Archimedes,Archimedes III,Planet,0005DE4C,ArchimedesIIIPlanetData,75150,0,3,Inorganic,000057D5,ResInorgCommonChlorine_G,Chlorine,Common
Archimedes,Archimedes III,Planet,0005DE4C,ArchimedesIIIPlanetData,75150,0,3,Inorganic,000057CF,ResInorgCommonCopper,Copper,Common
Archimedes,Archimedes III,Planet,0005DE4C,ArchimedesIIIPlanetData,75150,0,3,Inorganic,000057C1,ResInorgCommonLead,Lead,Common
Archimedes,Archimedes III,Planet,0005DE4C,ArchimedesIIIPlanetData,75150,0,3,Inorganic,000083EC,ResInorgCommonWater_L,Water,Common
Archimedes,Archimedes III,Planet,0005DE4C,ArchimedesIIIPlanetData,75150,0,3,Inorganic,000057D8,ResInorgUncommonBeryllium,Beryllium,Uncommon
Archimedes,Archimedes III,Planet,0005DE4C,ArchimedesIIIPlanetData,75150,0,3,Inorganic,000057C4,ResInorgUncommonTungsten,Tungsten,Uncommon
Archimedes,Archimedes III,Planet,0005DE4C,ArchimedesIIIPlanetData,75150,0,3,Inorganic,000057DB,ResInorgRareNeodymium,Neodymium,Rare
Archimedes,Archimedes III,Planet,0005DE4C,ArchimedesIIIPlanetData,75150,0,3,Organic,00224642,ResOrgCommonFiberFaunaHerbivore,Fiber,Common
Archimedes,Archimedes III,Planet,0005DE4C,ArchimedesIIIPlanetData,75150,0,3,Organic,00224641,ResOrgCommonMetabolicAgentFaunaHerbivore,MetabolicAgent,Common
Archimedes,Archimedes III,Planet,0005DE4C,ArchimedesIIIPlanetData,75150,0,3,Organic,00224640,ResOrgCommonNutrientFaunaHerbivore,Nutrient,Common
Archimedes,Archimedes III,Planet,0005DE4C,ArchimedesIIIPlanetData,75150,0,3,Organic,0007782D,ResOrgCommonSealant,Sealant,Common
Archimedes,Archimedes III,Planet,0005DE4C,ArchimedesIIIPlanetData,75150,0,3,Organic,0022462E,ResOrgCommonSealantFaunaHerbivore,Sealant,Common
Archimedes,Archimedes III,Planet,0005DE4C,ArchimedesIIIPlanetData,75150,0,3,Organic,002246D7,ResOrgUncommonAntimicrobialFaunaCarnivore,Antimicrobial,Uncommon
Archimedes,Archimedes III,Planet,0005DE4C,ArchimedesIIIPlanetData,75150,0,3,Organic,0022463F,ResOrgUncommonOrnamentalFaunaHerbivore,Ornamental,Uncommon
Archimedes,Archimedes III,Planet,0005DE4C,ArchimedesIIIPlanetData,75150,0,3,Organic,0029F401,ResOrgUncommonPigment,Pigment,Uncommon
Archimedes,Archimedes III,Planet,0005DE4C,ArchimedesIIIPlanetData,75150,0,3,Organic,0022464C,ResOrgUncommonPigmentFaunaCarnivore,Pigment,Uncommon
Archimedes,Archimedes III,Planet,0005DE4C,ArchimedesIIIPlanetData,75150,0,3,Organic,000777FB,ResOrgRareAromatic,Aromatic,Rare
Archimedes,Archimedes III,Planet,0005DE4C,ArchimedesIIIPlanetData,75150,0,3,Organic,000777F9,ResOrgExoticLubricant,Lubricant,Exotic
Archimedes,Archimedes III,Planet,0005DE4C,ArchimedesIIIPlanetData,75150,0,3,Organic,0022463B,ResOrgExoticLubricantFaunaHerbivore,Lubricant,Exotic
Archimedes,Archimedes IV,Planet,0005DE4D,ArchimedesIVPlanetData,75150,0,4,Inorganic,000057CF,ResInorgCommonCopper,Copper,Common
Archimedes,Archimedes IV,Planet,0005DE4D,ArchimedesIVPlanetData,75150,0,4,Inorganic,000057C1,ResInorgCommonLead,Lead,Common
Archimedes,Archimedes IV,Planet,0005DE4D,ArchimedesIVPlanetData,75150,0,4,Inorganic,000083EC,ResInorgCommonWater_L,Water,Common
Archimedes,Archimedes IV,Planet,0005DE4D,ArchimedesIVPlanetData,75150,0,4,Inorganic,000057D0,ResInorgUncommonFluorine_G,Fluorine,Uncommon
Archimedes,Archimedes IV,Planet,0005DE4D,ArchimedesIVPlanetData,75150,0,4,Inorganic,0027C499,ResInorgRareMercury_L,Mercury,Rare
Archimedes,Archimedes IV,Planet,0005DE4D,ArchimedesIVPlanetData,75150,0,4,Inorganic,000057D4,ResInorgExoticIonicLiquids_L,IonicLiquids,Exotic
Archimedes,Archimedes IV-a,Moon,0005DE4E,ArchimedesIV-aPlanetData,75150,4,9,Inorganic,000057D6,ResInorgCommonAluminum,Aluminum,Common
Archimedes,Archimedes IV-a,Moon,0005DE4E,ArchimedesIV-aPlanetData,75150,4,9,Inorganic,000057F5,ResInorgCommonHelium3_G,Helium3,Common
Archimedes,Archimedes IV-a,Moon,0005DE4E,ArchimedesIV-aPlanetData,75150,4,9,Inorganic,000057D8,ResInorgUncommonBeryllium,Beryllium,Uncommon
Archimedes,Archimedes IV-a,Moon,0005DE4E,ArchimedesIV-aPlanetData,75150,4,9,Inorganic,000057DB,ResInorgRareNeodymium,Neodymium,Rare
Archimedes,Archimedes V-a,Moon,0005DE51,ArchimedesV-aPlanetData,75150,5,13,Inorganic,000057D5,ResInorgCommonChlorine_G,Chlorine,Common
Archimedes,Archimedes V-a,Moon,0005DE51,ArchimedesV-aPlanetData,75150,5,13,Inorganic,000057CF,ResInorgCommonCopper,Copper,Common
Archimedes,Archimedes V-a,Moon,0005DE51,ArchimedesV-aPlanetData,75150,5,13,Inorganic,000057C7,ResInorgCommonIron,Iron,Common
Archimedes,Archimedes V-a,Moon,0005DE51,ArchimedesV-aPlanetData,75150,5,13,Inorganic,000057CB,ResInorgCommonNickel,Nickel,Common
Archimedes,Archimedes V-a,Moon,0005DE51,ArchimedesV-aPlanetData,75150,5,13,Inorganic,000083EC,ResInorgCommonWater_L,Water,Common
Archimedes,Archimedes V-a,Moon,0005DE51,ArchimedesV-aPlanetData,75150,5,13,Inorganic,000057C8,ResInorgRareTantalum,Tantalum,Rare
Archimedes,Archimedes V-a,Moon,0005DE51,ArchimedesV-aPlanetData,75150,5,13,Inorganic,000057CD,ResInorgExoticPalladium,Palladium,Exotic
Archimedes,Archimedes V-a,Moon,0005DE51,ArchimedesV-aPlanetData,75150,5,13,Inorganic,000057CA,ResInorgExoticYtterbium,Ytterbium,Exotic
Archimedes,Archimedes V-a,Moon,0005DE51,ArchimedesV-aPlanetData,75150,5,13,Organic,0007782D,ResOrgCommonSealant,Sealant,Common
Archimedes,Archimedes V-a,Moon,0005DE51,ArchimedesV-aPlanetData,75150,5,13,Organic,0022462C,ResOrgCommonStructuralFaunaHerbivore,Structural,Common
Archimedes,Archimedes V-a,Moon,0005DE51,ArchimedesV-aPlanetData,75150,5,13,Organic,00077823,ResOrgCommonToxin,Toxin,Common
Archimedes,Archimedes V-a,Moon,0005DE51,ArchimedesV-aPlanetData,75150,5,13,Organic,00077828,ResOrgRareAdhesive,Adhesive,Rare
Archimedes,Archimedes V-a,Moon,0005DE51,ArchimedesV-aPlanetData,75150,5,13,Organic,00224654,ResOrgRareAdhesiveFaunaCarnivore,Adhesive,Rare
Archimedes,Archimedes V-b,Moon,0005DE50,ArchimedesV-bPlanetData,75150,5,12,Inorganic,000057CB,ResInorgCommonNickel,Nickel,Common
Archimedes,Archimedes V-b,Moon,0005DE50,ArchimedesV-bPlanetData,75150,5,12,Inorganic,000083EC,ResInorgCommonWater_L,Water,Common
Archimedes,Archimedes V-b,Moon,0005DE50,ArchimedesV-bPlanetData,75150,5,12,Inorganic,000057CE,ResInorgUncommonCobalt,Cobalt,Uncommon
Archimedes,Archimedes V-b,Moon,0005DE50,ArchimedesV-bPlanetData,75150,5,12,Inorganic,000057CC,ResInorgRarePlatinum,Platinum,Rare
Archimedes,Archimedes VI,Planet,0005DE52,ArchimedesVIPlanetData,75150,0,6,Inorganic,000057CF,ResInorgCommonCopper,Copper,Common
Archimedes,Archimedes VI,Planet,0005DE52,ArchimedesVIPlanetData,75150,0,6,Inorganic,000057C7,ResInorgCommonIron,Iron,Common
Archimedes,Archimedes VI,Planet,0005DE52,ArchimedesVIPlanetData,75150,0,6,Inorganic,000057CB,ResInorgCommonNickel,Nickel,Common
Archimedes,Archimedes VI,Planet,0005DE52,ArchimedesVIPlanetData,75150,0,6,Inorganic,000057EB,ResInorgCommonUranium,Uranium,Common
Archimedes,Archimedes VI,Planet,0005DE52,ArchimedesVIPlanetData,75150,0,6,Inorganic,000083EC,ResInorgCommonWater_L,Water,Common
Archimedes,Archimedes VI,Planet,0005DE52,ArchimedesVIPlanetData,75150,0,6,Inorganic,000057CE,ResInorgUncommonCobalt,Cobalt,Uncommon
Archimedes,Archimedes VI,Planet,0005DE52,ArchimedesVIPlanetData,75150,0,6,Inorganic,000057CC,ResInorgRarePlatinum,Platinum,Rare
Archimedes,Archimedes VI-a,Moon,0005DE53,ArchimedesVI-aPlanetData,75150,6,10,Inorganic,000057EA,ResInorgCommonArgon_G,Argon,Common
Archimedes,Archimedes VI-a,Moon,0005DE53,ArchimedesVI-aPlanetData,75150,6,10,Inorganic,000057C1,ResInorgCommonLead,Lead,Common
Archimedes,Archimedes VI-a,Moon,0005DE53,ArchimedesVI-aPlanetData,75150,6,10,Inorganic,000057EB,ResInorgCommonUranium,Uranium,Common
Archimedes,Archimedes VI-a,Moon,0005DE53,ArchimedesVI-aPlanetData,75150,6,10,Inorganic,000083EC,ResInorgCommonWater_L,Water,Common
Archimedes,Archimedes VI-a,Moon,0005DE53,ArchimedesVI-aPlanetData,75150,6,10,Inorganic,000057EC,ResInorgUncommonIridium,Iridium,Uncommon
Archimedes,Archimedes VI-a,Moon,0005DE53,ArchimedesVI-aPlanetData,75150,6,10,Inorganic,000057C3,ResInorgUncommonSilver,Silver,Uncommon
Archimedes,Archimedes VI-a,Moon,0005DE53,ArchimedesVI-aPlanetData,75150,6,10,Inorganic,000057E8,ResInorgRareCarboxylicAcids_L,CarboxylicAcids,Rare
Archimedes,Archimedes VI-b,Moon,0005DE54,ArchimedesVI-bPlanetData,75150,6,11,Inorganic,000057EA,ResInorgCommonArgon_G,Argon,Common
Archimedes,Archimedes VI-b,Moon,0005DE54,ArchimedesVI-bPlanetData,75150,6,11,Inorganic,000083EC,ResInorgCommonWater_L,Water,Common
Archimedes,Archimedes VI-b,Moon,0005DE54,ArchimedesVI-bPlanetData,75150,6,11,Inorganic,000057E7,ResInorgUncommonBenzene_G,Benzene,Uncommon
Arcturus,Arcturus I,Planet,0005E336,ArcturusIPlanetData,69451,0,1,Inorganic,000057C1,ResInorgCommonLead,Lead,Common
Arcturus,Arcturus I,Planet,0005E336,ArcturusIPlanetData,69451,0,1,Inorganic,000057EB,ResInorgCommonUranium,Uranium,Common
Arcturus,Arcturus I,Planet,0005E336,ArcturusIPlanetData,69451,0,1,Inorganic,000057EC,ResInorgUncommonIridium,Iridium,Uncommon
Arcturus,Arcturus II,Planet,0005E337,ArcturusIIPlanetData,69451,0,2,Inorganic,000057EA,ResInorgCommonArgon_G,Argon,Common
Arcturus,Arcturus II,Planet,0005E337,ArcturusIIPlanetData,69451,0,2,Inorganic,000057D5,ResInorgCommonChlorine_G,Chlorine,Common
Arcturus,Arcturus II,Planet,0005E337,ArcturusIIPlanetData,69451,0,2,Inorganic,000057C7,ResInorgCommonIron,Iron,Common
Arcturus,Arcturus II,Planet,0005E337,ArcturusIIPlanetData,69451,0,2,Inorganic,000057EB,ResInorgCommonUranium,Uranium,Common
Arcturus,Arcturus II,Planet,0005E337,ArcturusIIPlanetData,69451,0,2,Inorganic,000083EC,ResInorgCommonWater_L,Water,Common
Arcturus,Arcturus II,Planet,0005E337,ArcturusIIPlanetData,69451,0,2,Inorganic,000057C9,ResInorgUncommonAlkanes_G,Alkanes,Uncommon
Arcturus,Arcturus II,Planet,0005E337,ArcturusIIPlanetData,69451,0,2,Inorganic,000057E7,ResInorgUncommonBenzene_G,Benzene,Uncommon
Arcturus,Arcturus II,Planet,0005E337,ArcturusIIPlanetData,69451,0,2,Inorganic,000057EC,ResInorgUncommonIridium,Iridium,Uncommon
Arcturus,Arcturus II,Planet,0005E337,ArcturusIIPlanetData,69451,0,2,Organic,00077821,ResOrgCommonFiber,Fiber,Common
Arcturus,Arcturus II,Planet,0005E337,ArcturusIIPlanetData,69451,0,2,Organic,0022465E,ResOrgCommonMetabolicAgentFaunaCarnivore,MetabolicAgent,Common
Arcturus,Arcturus II,Planet,0005E337,ArcturusIIPlanetData,69451,0,2,Organic,0007782D,ResOrgCommonSealant,Sealant,Common
Arcturus,Arcturus II,Planet,0005E337,ArcturusIIPlanetData,69451,0,2,Organic,00077823,ResOrgCommonToxin,Toxin,Common
Arcturus,Arcturus II,Planet,0005E337,ArcturusIIPlanetData,69451,0,2,Organic,0022463E,ResOrgCommonToxinFaunaHerbivore,Toxin,Common
Arcturus,Arcturus II,Planet,0005E337,ArcturusIIPlanetData,69451,0,2,Organic,00224637,ResOrgRareAdhesiveFaunaHerbivore,Adhesive,Rare
Arcturus,Arcturus II,Planet,0005E337,ArcturusIIPlanetData,69451,0,2,Organic,00224636,ResOrgRareAminoAcidsFaunaHerbivore,AminoAcids,Rare
Arcturus,Arcturus II,Planet,0005E337,ArcturusIIPlanetData,69451,0,2,Organic,00077826,ResOrgExoticPolymer,Polymer,Exotic
Arcturus,Arcturus III-a,Moon,0005E339,ArcturusIII-aPlanetData,69451,3,5,Inorganic,000057EA,ResInorgCommonArgon_G,Argon,Common
Arcturus,Arcturus III-a,Moon,0005E339,ArcturusIII-aPlanetData,69451,3,5,Inorganic,000083EC,ResInorgCommonWater_L,Water,Common
Bannoc,Bannoc I,Planet,0005E03B,BannocIPlanetData,69793,0,1,Inorganic,000057C1,ResInorgCommonLead,Lead,Common
Bannoc,Bannoc I,Planet,0005E03B,BannocIPlanetData,69793,0,1,Inorganic,000057CB,ResInorgCommonNickel,Nickel,Common
Bannoc,Bannoc I,Planet,0005E03B,BannocIPlanetData,69793,0,1,Inorganic,000057EB,ResInorgCommonUranium,Uranium,Common
Bannoc,Bannoc I,Planet,0005E03B,BannocIPlanetData,69793,0,1,Inorganic,000057CE,ResInorgUncommonCobalt,Cobalt,Uncommon
Bannoc,Bannoc I,Planet,0005E03B,BannocIPlanetData,69793,0,1,Inorganic,000057C3,ResInorgUncommonSilver,Silver,Uncommon
Bannoc,Bannoc I,Planet,0005E03B,BannocIPlanetData,69793,0,1,Inorganic,0027C499,ResInorgRareMercury_L,Mercury,Rare
Bannoc,Bannoc II,Planet,0005E03C,BannocIIPlanetData,69793,0,2,Inorganic,000057D6,ResInorgCommonAluminum,Aluminum,Common
Bannoc,Bannoc II,Planet,0005E03C,BannocIIPlanetData,69793,0,2,Inorganic,000057EA,ResInorgCommonArgon_G,Argon,Common
Bannoc,Bannoc II,Planet,0005E03C,BannocIIPlanetData,69793,0,2,Inorganic,000057CB,ResInorgCommonNickel,Nickel,Common
Bannoc,Bannoc II,Planet,0005E03C,BannocIIPlanetData,69793,0,2,Inorganic,000057EB,ResInorgCommonUranium,Uranium,Common
Bannoc,Bannoc II,Planet,0005E03C,BannocIIPlanetData,69793,0,2,Inorganic,000083EC,ResInorgCommonWater_L,Water,Common
Bannoc,Bannoc II,Planet,0005E03C,BannocIIPlanetData,69793,0,2,Inorganic,000057EC,ResInorgUncommonIridium,Iridium,Uncommon
Bannoc,Bannoc II,Planet,0005E03C,BannocIIPlanetData,69793,0,2,Inorganic,000057CC,ResInorgRarePlatinum,Platinum,Rare
Bannoc,Bannoc II,Planet,0005E03C,BannocIIPlanetData,69793,0,2,Inorganic,000057ED,ResInorgRareVanadium,Vanadium,Rare
Bannoc,Bannoc II,Planet,0005E03C,BannocIIPlanetData,69793,0,2,Organic,00077821,ResOrgCommonFiber,Fiber,Common
Bannoc,Bannoc II,Planet,0005E03C,BannocIIPlanetData,69793,0,2,Organic,00224640,ResOrgCommonNutrientFaunaHerbivore,Nutrient,Common
Bannoc,Bannoc II,Planet,0005E03C,BannocIIPlanetData,69793,0,2,Organic,0022462E,ResOrgCommonSealantFaunaHerbivore,Sealant,Common
Bannoc,Bannoc II,Planet,0005E03C,BannocIIPlanetData,69793,0,2,Organic,000777FA,ResOrgCommonStructural,Structural,Common
Bannoc,Bannoc II,Planet,0005E03C,BannocIIPlanetData,69793,0,2,Organic,0022463E,ResOrgCommonToxinFaunaHerbivore,Toxin,Common
Bannoc,Bannoc II,Planet,0005E03C,BannocIIPlanetData,69793,0,2,Organic,0007782C,ResOrgUncommonMembrane,Membrane,Uncommon
Bannoc,Bannoc II,Planet,0005E03C,BannocIIPlanetData,69793,0,2,Organic,00224630,ResOrgUncommonMembraneFaunaHerbivore,Membrane,Uncommon
Bannoc,Bannoc II,Planet,0005E03C,BannocIIPlanetData,69793,0,2,Organic,0022465C,ResOrgUncommonOrnamentalFaunaCarnivore,Ornamental,Uncommon
Bannoc,Bannoc III,Planet,0005E03D,BannocIIIPlanetData,69793,0,3,Inorganic,000057D5,ResInorgCommonChlorine_G,Chlorine,Common
Bannoc,Bannoc III,Planet,0005E03D,BannocIIIPlanetData,69793,0,3,Inorganic,000057CF,ResInorgCommonCopper,Copper,Common
Bannoc,Bannoc III,Planet,0005E03D,BannocIIIPlanetData,69793,0,3,Inorganic,000083EC,ResInorgCommonWater_L,Water,Common
Bannoc,Bannoc III,Planet,0005E03D,BannocIIIPlanetData,69793,0,3,Inorganic,000057D7,ResInorgUncommonChlorosilanes_L,Chlorosilanes,Uncommon
Bannoc,Bannoc III-a,Moon,0005E03E,BannocIII-aPlanetData,69793,3,6,Inorganic,000057D6,ResInorgCommonAluminum,Aluminum,Common
Bannoc,Bannoc III-a,Moon,0005E03E,BannocIII-aPlanetData,69793,3,6,Inorganic,000057F5,ResInorgCommonHelium3_G,Helium3,Common
Bannoc,Bannoc III-a,Moon,0005E03E,BannocIII-aPlanetData,69793,3,6,Inorganic,000057D8,ResInorgUncommonBeryllium,Beryllium,Uncommon
Bannoc,Bannoc IV-a,Moon,0005E041,BannocIV-aPlanetData,69793,4,8,Inorganic,000057D5,ResInorgCommonChlorine_G,Chlorine,Common
Bannoc,Bannoc IV-a,Moon,0005E041,BannocIV-aPlanetData,69793,4,8,Inorganic,000083EC,ResInorgCommonWater_L,Water,Common
Bannoc,Bannoc IV-a,Moon,0005E041,BannocIV-aPlanetData,69793,4,8,Inorganic,000057D7,ResInorgUncommonChlorosilanes_L,Chlorosilanes,Uncommon
Bannoc,Bannoc IV-a,Moon,0005E041,BannocIV-aPlanetData,69793,4,8,Inorganic,000057E0,ResInorgExoticCaesium_L,Caesium,Exotic
Bannoc,Bannoc IV-b,Moon,0005E040,BannocIV-bPlanetData,69793,4,7,Inorganic,000057C1,ResInorgCommonLead,Lead,Common
Bannoc,Bannoc IV-b,Moon,0005E040,BannocIV-bPlanetData,69793,4,7,Inorganic,000083EC,ResInorgCommonWater_L,Water,Common
Bannoc,Bannoc IV-b,Moon,0005E040,BannocIV-bPlanetData,69793,4,7,Inorganic,000057C3,ResInorgUncommonSilver,Silver,Uncommon
Bannoc Secondus,Bannoc Secondus I,Planet,0005E333,BannocSecondusIPlanetData,118959,0,1,Inorganic,000057D6,ResInorgCommonAluminum,Aluminum,Common
Bannoc Secondus,Bannoc Secondus I,Planet,0005E333,BannocSecondusIPlanetData,118959,0,1,Inorganic,000057F5,ResInorgCommonHelium3_G,Helium3,Common
Bannoc Secondus,Bannoc Secondus I,Planet,0005E333,BannocSecondusIPlanetData,118959,0,1,Inorganic,000057DB,ResInorgRareNeodymium,Neodymium,Rare
Bara,Bara I,Planet,0005E390,BaraIPlanetData,65515,0,1,Inorganic,000057F5,ResInorgCommonHelium3_G,Helium3,Common
Bara,Bara I,Planet,0005E390,BaraIPlanetData,65515,0,1,Inorganic,000057C7,ResInorgCommonIron,Iron,Common
Bara,Bara II,Planet,0005E391,BaraIIPlanetData,65515,0,2,Inorganic,000057C7,ResInorgCommonIron,Iron,Common
Bara,Bara II,Planet,0005E391,BaraIIPlanetData,65515,0,2,Inorganic,000057EB,ResInorgCommonUranium,Uranium,Common
Bara,Bara II,Planet,0005E391,BaraIIPlanetData,65515,0,2,Inorganic,000057EC,ResInorgUncommonIridium,Iridium,Uncommon
Bara,Bara II,Planet,0005E391,BaraIIPlanetData,65515,0,2,Organic,0022462E,ResOrgCommonSealantFaunaHerbivore,Sealant,Common
Bara,Bara II-a,Moon,0005E392,BaraII-aPlanetData,65515,2,9,Inorganic,000057D6,ResInorgCommonAluminum,Aluminum,Common
Bara,Bara II-a,Moon,0005E392,BaraII-aPlanetData,65515,2,9,Inorganic,000057F5,ResInorgCommonHelium3_G,Helium3,Common
Bara,Bara II-a,Moon,0005E392,BaraII-aPlanetData,65515,2,9,Inorganic,000057D8,ResInorgUncommonBeryllium,Beryllium,Uncommon
Bara,Bara III,Planet,0005E393,BaraIIIPlanetData,65515,0,3,Inorganic,000057EA,ResInorgCommonArgon_G,Argon,Common
Bara,Bara III,Planet,0005E393,BaraIIIPlanetData,65515,0,3,Inorganic,000057D5,ResInorgCommonChlorine_G,Chlorine,Common
Bara,Bara III,Planet,0005E393,BaraIIIPlanetData,65515,0,3,Inorganic,000057C7,ResInorgCommonIron,Iron,Common
Bara,Bara III,Planet,0005E393,BaraIIIPlanetData,65515,0,3,Inorganic,000083EC,ResInorgCommonWater_L,Water,Common
Bara,Bara III,Planet,0005E393,BaraIIIPlanetData,65515,0,3,Inorganic,000057C9,ResInorgUncommonAlkanes_G,Alkanes,Uncommon
Bara,Bara III,Planet,0005E393,BaraIIIPlanetData,65515,0,3,Inorganic,000057D7,ResInorgUncommonChlorosilanes_L,Chlorosilanes,Uncommon
Bara,Bara III,Planet,0005E393,BaraIIIPlanetData,65515,0,3,Inorganic,000057E8,ResInorgRareCarboxylicAcids_L,CarboxylicAcids,Rare
Bara,Bara III,Planet,0005E393,BaraIIIPlanetData,65515,0,3,Organic,0022465F,ResOrgCommonFiberFaunaCarnivore,Fiber,Common
Bara,Bara III,Planet,0005E393,BaraIIIPlanetData,65515,0,3,Organic,00224641,ResOrgCommonMetabolicAgentFaunaHerbivore,MetabolicAgent,Common
Bara,Bara III,Planet,0005E393,BaraIIIPlanetData,65515,0,3,Organic,00224640,ResOrgCommonNutrientFaunaHerbivore,Nutrient,Common
Bara,Bara III,Planet,0005E393,BaraIIIPlanetData,65515,0,3,Organic,0007782D,ResOrgCommonSealant,Sealant,Common
Bara,Bara III,Planet,0005E393,BaraIIIPlanetData,65515,0,3,Organic,00077823,ResOrgCommonToxin,Toxin,Common
Bara,Bara III,Planet,0005E393,BaraIIIPlanetData,65515,0,3,Organic,002246D8,ResOrgUncommonAntimicrobialFaunaHerbivore,Antimicrobial,Uncommon
Bara,Bara III,Planet,0005E393,BaraIIIPlanetData,65515,0,3,Organic,0022463F,ResOrgUncommonOrnamentalFaunaHerbivore,Ornamental,Uncommon
Bara,Bara III,Planet,0005E393,BaraIIIPlanetData,65515,0,3,Organic,0022462F,ResOrgUncommonPigmentFaunaHerbivore,Pigment,Uncommon
Bara,Bara III,Planet,0005E393,BaraIIIPlanetData,65515,0,3,Organic,00077829,ResOrgRareAnalgesic,Analgesic,Rare
Bara,Bara III,Planet,0005E393,BaraIIIPlanetData,65515,0,3,Organic,00224652,ResOrgRareAnalgesicFaunaCarnivore,Analgesic,Rare
Bara,Bara III,Planet,0005E393,BaraIIIPlanetData,65515,0,3,Organic,0022463A,ResOrgExoticStimulantFaunaHerbivore,Stimulant,Exotic
Bara,Bara III-a,Moon,0005E394,BaraIII-aPlanetData,65515,3,10,Inorganic,000057D6,ResInorgCommonAluminum,Aluminum,Common
Bara,Bara III-a,Moon,0005E394,BaraIII-aPlanetData,65515,3,10,Inorganic,000057F5,ResInorgCommonHelium3_G,Helium3,Common
Bara,Bara III-a,Moon,0005E394,BaraIII-aPlanetData,65515,3,10,Inorganic,000057D8,ResInorgUncommonBeryllium,Beryllium,Uncommon
Bara,Bara IV,Planet,0005E395,BaraIVPlanetData,65515,0,4,Inorganic,000057F5,ResInorgCommonHelium3_G,Helium3,Common
Bara,Bara IV,Planet,0005E395,BaraIVPlanetData,65515,0,4,Inorganic,000057C7,ResInorgCommonIron,Iron,Common
Bara,Bara IV,Planet,0005E395,BaraIVPlanetData,65515,0,4,Inorganic,000057C8,ResInorgRareTantalum,Tantalum,Rare
Bara,Bara V-a,Moon,0005E397,BaraV-aPlanetData,65515,5,11,Inorganic,000057C1,ResInorgCommonLead,Lead,Common
Bara,Bara V-a,Moon,0005E397,BaraV-aPlanetData,65515,5,11,Inorganic,000083EC,ResInorgCommonWater_L,Water,Common
Bara,Bara V-a,Moon,0005E397,BaraV-aPlanetData,65515,5,11,Inorganic,000057C6,ResInorgRareTitanium,Titanium,Rare
Bara,Bara VI-a,Moon,0005E39A,BaraVI-aPlanetData,65515,6,13,Inorganic,000057CB,ResInorgCommonNickel,Nickel,Common
Bara,Bara VI-a,Moon,0005E39A,BaraVI-aPlanetData,65515,6,13,Inorganic,000083EC,ResInorgCommonWater_L,Water,Common
Bara,Bara VI-a,Moon,0005E39A,BaraVI-aPlanetData,65515,6,13,Inorganic,000057CE,ResInorgUncommonCobalt,Cobalt,Uncommon
Bara,Bara VI-b,Moon,0005E39B,BaraVI-bPlanetData,65515,6,14,Inorganic,000057EA,ResInorgCommonArgon_G,Argon,Common
Bara,Bara VI-b,Moon,0005E39B,BaraVI-bPlanetData,65515,6,14,Inorganic,000083EC,ResInorgCommonWater_L,Water,Common
Bara,Bara VI-b,Moon,0005E39B,BaraVI-bPlanetData,65515,6,14,Inorganic,000057E7,ResInorgUncommonBenzene_G,Benzene,Uncommon
Bara,Bara VI-c,Moon,0005E399,BaraVI-cPlanetData,65515,6,12,Inorganic,000057CF,ResInorgCommonCopper,Copper,Common
Bara,Bara VI-c,Moon,0005E399,BaraVI-cPlanetData,65515,6,12,Inorganic,000083EC,ResInorgCommonWater_L,Water,Common
Bara,Bara VI-c,Moon,0005E399,BaraVI-cPlanetData,65515,6,12,Inorganic,000057D2,ResInorgRareGold,Gold,Rare
Bara,Bara VII-a,Moon,0005E39E,BaraVII-aPlanetData,65515,7,16,Inorganic,000057CF,ResInorgCommonCopper,Copper,Common
Bara,Bara VII-a,Moon,0005E39E,BaraVII-aPlanetData,65515,7,16,Inorganic,000083EC,ResInorgCommonWater_L,Water,Common
Bara,Bara VII-a,Moon,0005E39E,BaraVII-aPlanetData,65515,7,16,Inorganic,000057D0,ResInorgUncommonFluorine_G,Fluorine,Uncommon
Bara,Bara VII-a,Moon,0005E39E,BaraVII-aPlanetData,65515,7,16,Inorganic,000057D2,ResInorgRareGold,Gold,Rare
Bara,Bara VII-b,Moon,0005E39D,BaraVII-bPlanetData,65515,7,15,Inorganic,000057CF,ResInorgCommonCopper,Copper,Common
Bara,Bara VII-b,Moon,0005E39D,BaraVII-bPlanetData,65515,7,15,Inorganic,000083EC,ResInorgCommonWater_L,Water,Common
Bara,Bara VII-b,Moon,0005E39D,BaraVII-bPlanetData,65515,7,15,Inorganic,000057D0,ResInorgUncommonFluorine_G,Fluorine,Uncommon
Bara,Bara VII-c,Moon,0005E3A0,BaraVII-cPlanetData,65515,7,18,Inorganic,000057D5,ResInorgCommonChlorine_G,Chlorine,Common
Bara,Bara VII-c,Moon,0005E3A0,BaraVII-cPlanetData,65515,7,18,Inorganic,000083EC,ResInorgCommonWater_L,Water,Common
Bara,Bara VII-c,Moon,0005E3A0,BaraVII-cPlanetData,65515,7,18,Inorganic,000057D7,ResInorgUncommonChlorosilanes_L,Chlorosilanes,Uncommon
Bara,Bara VII-c,Moon,0005E3A0,BaraVII-cPlanetData,65515,7,18,Inorganic,000057DA,ResInorgRareLithium,Lithium,Rare
Bara,Bara VII-d,Moon,0005E39F,BaraVII-dPlanetData,65515,7,17,Inorganic,000057D6,ResInorgCommonAluminum,Aluminum,Common
Bara,Bara VII-d,Moon,0005E39F,BaraVII-dPlanetData,65515,7,17,Inorganic,000057D5,ResInorgCommonChlorine_G,Chlorine,Common
Bara,Bara VII-d,Moon,0005E39F,BaraVII-dPlanetData,65515,7,17,Inorganic,000057CF,ResInorgCommonCopper,Copper,Common
Bara,Bara VII-d,Moon,0005E39F,BaraVII-dPlanetData,65515,7,17,Inorganic,000057C7,ResInorgCommonIron,Iron,Common
Bara,Bara VII-d,Moon,0005E39F,BaraVII-dPlanetData,65515,7,17,Inorganic,000057EB,ResInorgCommonUranium,Uranium,Common
Bara,Bara VII-d,Moon,0005E39F,BaraVII-dPlanetData,65515,7,17,Inorganic,000083EC,ResInorgCommonWater_L,Water,Common
Bara,Bara VII-d,Moon,0005E39F,BaraVII-dPlanetData,65515,7,17,Inorganic,000057DA,ResInorgRareLithium,Lithium,Rare
Bardeen,Bardeen I,Planet,0005E523,BardeenIPlanetData,90582,0,1,Inorganic,000057D5,ResInorgCommonChlorine_G,Chlorine,Common
Bardeen,Bardeen I,Planet,0005E523,BardeenIPlanetData,90582,0,1,Inorganic,000057C7,ResInorgCommonIron,Iron,Common
Bardeen,Bardeen I,Planet,0005E523,BardeenIPlanetData,90582,0,1,Inorganic,000057CB,ResInorgCommonNickel,Nickel,Common
Bardeen,Bardeen I,Planet,0005E523,BardeenIPlanetData,90582,0,1,Inorganic,000057EB,ResInorgCommonUranium,Uranium,Common
Bardeen,Bardeen I,Planet,0005E523,BardeenIPlanetData,90582,0,1,Inorganic,000057D7,ResInorgUncommonChlorosilanes_L,Chlorosilanes,Uncommon
Bardeen,Bardeen I,Planet,0005E523,BardeenIPlanetData,90582,0,1,Inorganic,000057CE,ResInorgUncommonCobalt,Cobalt,Uncommon
Bardeen,Bardeen I,Planet,0005E523,BardeenIPlanetData,90582,0,1,Inorganic,000057C8,ResInorgRareTantalum,Tantalum,Rare
Bardeen,Bardeen I-a,Moon,0005E524,BardeenI-aPlanetData,90582,1,9,Inorganic,000057F5,ResInorgCommonHelium3_G,Helium3,Common
Bardeen,Bardeen I-a,Moon,0005E524,BardeenI-aPlanetData,90582,1,9,Inorganic,000057C7,ResInorgCommonIron,Iron,Common
Bardeen,Bardeen I-a,Moon,0005E524,BardeenI-aPlanetData,90582,1,9,Inorganic,000057C8,ResInorgRareTantalum,Tantalum,Rare
Bardeen,Bardeen I-a,Moon,0005E524,BardeenI-aPlanetData,90582,1,9,Inorganic,000057CA,ResInorgExoticYtterbium,Ytterbium,Exotic
Bardeen,Bardeen II,Planet,0005E525,BardeenIIPlanetData,90582,0,2,Inorganic,000057C7,ResInorgCommonIron,Iron,Common
Bardeen,Bardeen II,Planet,0005E525,BardeenIIPlanetData,90582,0,2,Inorganic,000057C1,ResInorgCommonLead,Lead,Common
Bardeen,Bardeen II,Planet,0005E525,BardeenIIPlanetData,90582,0,2,Inorganic,000057EB,ResInorgCommonUranium,Uranium,Common
Bardeen,Bardeen II,Planet,0005E525,BardeenIIPlanetData,90582,0,2,Inorganic,000057C9,ResInorgUncommonAlkanes_G,Alkanes,Uncommon
Bardeen,Bardeen II,Planet,0005E525,BardeenIIPlanetData,90582,0,2,Inorganic,000057C3,ResInorgUncommonSilver,Silver,Uncommon
Bardeen,Bardeen II,Planet,0005E525,BardeenIIPlanetData,90582,0,2,Inorganic,000057C8,ResInorgRareTantalum,Tantalum,Rare
Bardeen,Bardeen III,Planet,0005E526,BardeenIIIPlanetData,90582,0,3,Inorganic,000057EA,ResInorgCommonArgon_G,Argon,Common
Bardeen,Bardeen III,Planet,0005E526,BardeenIIIPlanetData,90582,0,3,Inorganic,000057D5,ResInorgCommonChlorine_G,Chlorine,Common
Bardeen,Bardeen III,Planet,0005E526,BardeenIIIPlanetData,90582,0,3,Inorganic,000057C7,ResInorgCommonIron,Iron,Common
Bardeen,Bardeen III,Planet,0005E526,BardeenIIIPlanetData,90582,0,3,Inorganic,000057CB,ResInorgCommonNickel,Nickel,Common
Bardeen,Bardeen III,Planet,0005E526,BardeenIIIPlanetData,90582,0,3,Inorganic,000083EC,ResInorgCommonWater_L,Water,Common
Bardeen,Bardeen III,Planet,0005E526,BardeenIIIPlanetData,90582,0,3,Inorganic,000057D7,ResInorgUncommonChlorosilanes_L,Chlorosilanes,Uncommon
Bardeen,Bardeen III,Planet,0005E526,BardeenIIIPlanetData,90582,0,3,Inorganic,000057CE,ResInorgUncommonCobalt,Cobalt,Uncommon
Bardeen,Bardeen III,Planet,0005E526,BardeenIIIPlanetData,90582,0,3,Inorganic,000057E8,ResInorgRareCarboxylicAcids_L,CarboxylicAcids,Rare
Bardeen,Bardeen III,Planet,0005E526,BardeenIIIPlanetData,90582,0,3,Organic,00077821,ResOrgCommonFiber,Fiber,Common
Bardeen,Bardeen III,Planet,0005E526,BardeenIIIPlanetData,90582,0,3,Organic,0029F3FD,ResOrgCommonMetabolicAgent,MetabolicAgent,Common
Bardeen,Bardeen III,Planet,0005E526,BardeenIIIPlanetData,90582,0,3,Organic,00224641,ResOrgCommonMetabolicAgentFaunaHerbivore,MetabolicAgent,Common
Bardeen,Bardeen III,Planet,0005E526,BardeenIIIPlanetData,90582,0,3,Organic,000777E6,ResOrgCommonNutrient,Nutrient,Common
Bardeen,Bardeen III,Planet,0005E526,BardeenIIIPlanetData,90582,0,3,Organic,00224640,ResOrgCommonNutrientFaunaHerbivore,Nutrient,Common
Bardeen,Bardeen III,Planet,0005E526,BardeenIIIPlanetData,90582,0,3,Organic,0007782D,ResOrgCommonSealant,Sealant,Common
Bardeen,Bardeen III,Planet,0005E526,BardeenIIIPlanetData,90582,0,3,Organic,0022462E,ResOrgCommonSealantFaunaHerbivore,Sealant,Common
Bardeen,Bardeen III,Planet,0005E526,BardeenIIIPlanetData,90582,0,3,Organic,0022462C,ResOrgCommonStructuralFaunaHerbivore,Structural,Common
Bardeen,Bardeen III,Planet,0005E526,BardeenIIIPlanetData,90582,0,3,Organic,00077823,ResOrgCommonToxin,Toxin,Common
Bardeen,Bardeen III,Planet,0005E526,BardeenIIIPlanetData,90582,0,3,Organic,000777F8,ResOrgUncommonCosmetic,Cosmetic,Uncommon
Bardeen,Bardeen III,Planet,0005E526,BardeenIIIPlanetData,90582,0,3,Organic,00224630,ResOrgUncommonMembraneFaunaHerbivore,Membrane,Uncommon
Bardeen,Bardeen III,Planet,0005E526,BardeenIIIPlanetData,90582,0,3,Organic,0022462F,ResOrgUncommonPigmentFaunaHerbivore,Pigment,Uncommon
Bardeen,Bardeen III,Planet,0005E526,BardeenIIIPlanetData,90582,0,3,Organic,0022464A,ResOrgUncommonSpiceFaunaCarnivore,Spice,Uncommon
Bardeen,Bardeen III,Planet,0005E526,BardeenIIIPlanetData,90582,0,3,Organic,00224636,ResOrgRareAminoAcidsFaunaHerbivore,AminoAcids,Rare
Bardeen,Bardeen III,Planet,0005E526,BardeenIIIPlanetData,90582,0,3,Organic,00077829,ResOrgRareAnalgesic,Analgesic,Rare
Bardeen,Bardeen III,Planet,0005E526,BardeenIIIPlanetData,90582,0,3,Organic,0022464F,ResOrgRareSedativeFaunaCarnivore,Sedative,Rare
Bardeen,Bardeen III,Planet,0005E526,BardeenIIIPlanetData,90582,0,3,Organic,000777F9,ResOrgExoticLubricant,Lubricant,Exotic
Bardeen,Bardeen III,Planet,0005E526,BardeenIIIPlanetData,90582,0,3,Organic,00224656,ResOrgExoticPolymerFaunaCarnivore,Polymer,Exotic
Bardeen,Bardeen III,Planet,0005E526,BardeenIIIPlanetData,90582,0,3,Organic,0022462B,ResOrgUniqueGastronomicFaunaHerbivore,Gastronomic,Unique
Bardeen,Bardeen III-a,Moon,0005E527,BardeenIII-aPlanetData,90582,3,10,Inorganic,000057D6,ResInorgCommonAluminum,Aluminum,Common
Bardeen,Bardeen III-a,Moon,0005E527,BardeenIII-aPlanetData,90582,3,10,Inorganic,000057F5,ResInorgCommonHelium3_G,Helium3,Common
Bardeen,Bardeen III-b,Moon,0005E528,BardeenIII-bPlanetData,90582,3,11,Inorganic,000057D6,ResInorgCommonAluminum,Aluminum,Common
Bardeen,Bardeen III-b,Moon,0005E528,BardeenIII-bPlanetData,90582,3,11,Inorganic,000057F5,ResInorgCommonHelium3_G,Helium3,Common
Bardeen,Bardeen III-b,Moon,0005E528,BardeenIII-bPlanetData,90582,3,11,Inorganic,000057DB,ResInorgRareNeodymium,Neodymium,Rare
Bardeen,Bardeen IV-a,Moon,0005E52A,BardeenIV-aPlanetData,90582,4,15,Inorganic,000057D5,ResInorgCommonChlorine_G,Chlorine,Common
Bardeen,Bardeen IV-a,Moon,0005E52A,BardeenIV-aPlanetData,90582,4,15,Inorganic,000083EC,ResInorgCommonWater_L,Water,Common
Bardeen,Bardeen IV-a,Moon,0005E52A,BardeenIV-aPlanetData,90582,4,15,Inorganic,000057DA,ResInorgRareLithium,Lithium,Rare
Bardeen,Bardeen IV-a,Moon,0005E52A,BardeenIV-aPlanetData,90582,4,15,Inorganic,000057E0,ResInorgExoticCaesium_L,Caesium,Exotic
Bardeen,Bardeen V-a,Moon,0005E52E,BardeenV-aPlanetData,90582,5,18,Inorganic,000057D5,ResInorgCommonChlorine_G,Chlorine,Common
Bardeen,Bardeen V-a,Moon,0005E52E,BardeenV-aPlanetData,90582,5,18,Inorganic,000083EC,ResInorgCommonWater_L,Water,Common
Bardeen,Bardeen V-a,Moon,0005E52E,BardeenV-aPlanetData,90582,5,18,Inorganic,000057D7,ResInorgUncommonChlorosilanes_L,Chlorosilanes,Uncommon
Bardeen,Bardeen V-a,Moon,0005E52E,BardeenV-aPlanetData,90582,5,18,Inorganic,000057DA,ResInorgRareLithium,Lithium,Rare
Bardeen,Bardeen V-b,Moon,0005E52D,BardeenV-bPlanetData,90582,5,17,Inorganic,000057D5,ResInorgCommonChlorine_G,Chlorine,Common
Bardeen,Bardeen V-b,Moon,0005E52D,BardeenV-bPlanetData,90582,5,17,Inorganic,000057C7,ResInorgCommonIron,Iron,Common
Bardeen,Bardeen V-b,Moon,0005E52D,BardeenV-bPlanetData,90582,5,17,Inorganic,000057C1,ResInorgCommonLead,Lead,Common
Bardeen,Bardeen V-b,Moon,0005E52D,BardeenV-bPlanetData,90582,5,17,Inorganic,000057EB,ResInorgCommonUranium,Uranium,Common
Bardeen,Bardeen V-b,Moon,0005E52D,BardeenV-bPlanetData,90582,5,17,Inorganic,000057C9,ResInorgUncommonAlkanes_G,Alkanes,Uncommon
Bardeen,Bardeen V-b,Moon,0005E52D,BardeenV-bPlanetData,90582,5,17,Inorganic,000057EC,ResInorgUncommonIridium,Iridium,Uncommon
Bardeen,Bardeen V-b,Moon,0005E52D,BardeenV-bPlanetData,90582,5,17,Inorganic,000057C8,ResInorgRareTantalum,Tantalum,Rare
Bardeen,Bardeen V-c,Moon,0005E530,BardeenV-cPlanetData,90582,5,20,Inorganic,000057D5,ResInorgCommonChlorine_G,Chlorine,Common
Bardeen,Bardeen V-c,Moon,0005E530,BardeenV-cPlanetData,90582,5,20,Inorganic,000057CF,ResInorgCommonCopper,Copper,Common
Bardeen,Bardeen V-c,Moon,0005E530,BardeenV-cPlanetData,90582,5,20,Inorganic,000057CB,ResInorgCommonNickel,Nickel,Common
Bardeen,Bardeen V-c,Moon,0005E530,BardeenV-cPlanetData,90582,5,20,Inorganic,000083EC,ResInorgCommonWater_L,Water,Common
Bardeen,Bardeen V-c,Moon,0005E530,BardeenV-cPlanetData,90582,5,20,Inorganic,000057D7,ResInorgUncommonChlorosilanes_L,Chlorosilanes,Uncommon
Bardeen,Bardeen V-c,Moon,0005E530,BardeenV-cPlanetData,90582,5,20,Inorganic,000057CE,ResInorgUncommonCobalt,Cobalt,Uncommon
Bardeen,Bardeen V-c,Moon,0005E530,BardeenV-cPlanetData,90582,5,20,Inorganic,000057CC,ResInorgRarePlatinum,Platinum,Rare
Bardeen,Bardeen V-c,Moon,0005E530,BardeenV-cPlanetData,90582,5,20,Inorganic,000057DC,ResInorgExoticXenon_G,Xenon,Exotic
Bardeen,Bardeen V-c,Moon,0005E530,BardeenV-cPlanetData,90582,5,20,Organic,00224642,ResOrgCommonFiberFaunaHerbivore,Fiber,Common
Bardeen,Bardeen V-c,Moon,0005E530,BardeenV-cPlanetData,90582,5,20,Organic,000777E6,ResOrgCommonNutrient,Nutrient,Common
Bardeen,Bardeen V-c,Moon,0005E530,BardeenV-cPlanetData,90582,5,20,Organic,0022464B,ResOrgCommonSealantFaunaCarnivore,Sealant,Common
Bardeen,Bardeen V-c,Moon,0005E530,BardeenV-cPlanetData,90582,5,20,Organic,000777FA,ResOrgCommonStructural,Structural,Common
Bardeen,Bardeen V-c,Moon,0005E530,BardeenV-cPlanetData,90582,5,20,Organic,00077823,ResOrgCommonToxin,Toxin,Common
Bardeen,Bardeen V-c,Moon,0005E530,BardeenV-cPlanetData,90582,5,20,Organic,002246D8,ResOrgUncommonAntimicrobialFaunaHerbivore,Antimicrobial,Uncommon
Bardeen,Bardeen V-c,Moon,0005E530,BardeenV-cPlanetData,90582,5,20,Organic,00224631,ResOrgUncommonCosmeticFaunaHerbivore,Cosmetic,Uncommon
Bardeen,Bardeen V-d,Moon,0005E52C,BardeenV-dPlanetData,90582,5,16,Inorganic,000057CF,ResInorgCommonCopper,Copper,Common
Bardeen,Bardeen V-d,Moon,0005E52C,BardeenV-dPlanetData,90582,5,16,Inorganic,000057C7,ResInorgCommonIron,Iron,Common
Bardeen,Bardeen V-d,Moon,0005E52C,BardeenV-dPlanetData,90582,5,16,Inorganic,000057EB,ResInorgCommonUranium,Uranium,Common
Bardeen,Bardeen V-d,Moon,0005E52C,BardeenV-dPlanetData,90582,5,16,Inorganic,000083EC,ResInorgCommonWater_L,Water,Common
Bardeen,Bardeen V-d,Moon,0005E52C,BardeenV-dPlanetData,90582,5,16,Inorganic,000057D0,ResInorgUncommonFluorine_G,Fluorine,Uncommon
Bardeen,Bardeen V-d,Moon,0005E52C,BardeenV-dPlanetData,90582,5,16,Inorganic,000057EC,ResInorgUncommonIridium,Iridium,Uncommon
Bardeen,Bardeen V-d,Moon,0005E52C,BardeenV-dPlanetData,90582,5,16,Inorganic,000057C8,ResInorgRareTantalum,Tantalum,Rare
Bardeen,Bardeen V-e,Moon,0005E52F,BardeenV-ePlanetData,90582,5,19,Inorganic,000057C1,ResInorgCommonLead,Lead,Common
Bardeen,Bardeen V-e,Moon,0005E52F,BardeenV-ePlanetData,90582,5,19,Inorganic,000083EC,ResInorgCommonWater_L,Water,Common
Bardeen,Bardeen V-e,Moon,0005E52F,BardeenV-ePlanetData,90582,5,19,Inorganic,000057C6,ResInorgRareTitanium,Titanium,Rare
Bardeen,Bardeen V-f,Moon,0005E531,BardeenV-fPlanetData,90582,5,21,Inorganic,000057CB,ResInorgCommonNickel,Nickel,Common
Bardeen,Bardeen V-f,Moon,0005E531,BardeenV-fPlanetData,90582,5,21,Inorganic,000083EC,ResInorgCommonWater_L,Water,Common
Bardeen,Bardeen VI,Planet,0005E532,BardeenVIPlanetData,90582,0,6,Inorganic,000057CF,ResInorgCommonCopper,Copper,Common
Bardeen,Bardeen VI,Planet,0005E532,BardeenVIPlanetData,90582,0,6,Inorganic,000083EC,ResInorgCommonWater_L,Water,Common
Bardeen,Bardeen VI-a,Moon,0005E533,BardeenVI-aPlanetData,90582,6,13,Inorganic,000057EA,ResInorgCommonArgon_G,Argon,Common
Bardeen,Bardeen VI-a,Moon,0005E533,BardeenVI-aPlanetData,90582,6,13,Inorganic,000083EC,ResInorgCommonWater_L,Water,Common
Bardeen,Bardeen VI-a,Moon,0005E533,BardeenVI-aPlanetData,90582,6,13,Inorganic,000057E8,ResInorgRareCarboxylicAcids_L,CarboxylicAcids,Rare
Bardeen,Bardeen VI-b,Moon,0005E534,BardeenVI-bPlanetData,90582,6,14,Inorganic,000057CF,ResInorgCommonCopper,Copper,Common
Bardeen,Bardeen VI-b,Moon,0005E534,BardeenVI-bPlanetData,90582,6,14,Inorganic,000083EC,ResInorgCommonWater_L,Water,Common
Bardeen,Bardeen VI-b,Moon,0005E534,BardeenVI-bPlanetData,90582,6,14,Inorganic,000057D0,ResInorgUncommonFluorine_G,Fluorine,Uncommon
Bardeen,Bardeen VI-b,Moon,0005E534,BardeenVI-bPlanetData,90582,6,14,Inorganic,000057D1,ResInorgRareTetrafluorides_G,Tetrafluorides,Rare
Bardeen,Bardeen VII-a,Moon,0005E536,BardeenVII-aPlanetData,90582,7,22,Inorganic,000057EA,ResInorgCommonArgon_G,Argon,Common
Bardeen,Bardeen VII-a,Moon,0005E536,BardeenVII-aPlanetData,90582,7,22,Inorganic,000083EC,ResInorgCommonWater_L,Water,Common
Bardeen,Bardeen VII-a,Moon,0005E536,BardeenVII-aPlanetData,90582,7,22,Inorganic,000057E8,ResInorgRareCarboxylicAcids_L,CarboxylicAcids,Rare
Bardeen,Bardeen VII-a,Moon,0005E536,BardeenVII-aPlanetData,90582,7,22,Inorganic,000057E9,ResInorgExoticNeon_G,Neon,Exotic
Barnard's Star,Frost,Planet,0005E0CB,FrostPlanetData,87665,0,1,Inorganic,000057C1,ResInorgCommonLead,Lead,Common
Barnard's Star,Frost,Planet,0005E0CB,FrostPlanetData,87665,0,1,Inorganic,000083EC,ResInorgCommonWater_L,Water,Common
Bel,Bel I,Planet,0005DFB1,BelIPlanetData,69192,0,1,Inorganic,000057EA,ResInorgCommonArgon_G,Argon,Common
Bel,Bel I,Planet,0005DFB1,BelIPlanetData,69192,0,1,Inorganic,000057D5,ResInorgCommonChlorine_G,Chlorine,Common
Bel,Bel I,Planet,0005DFB1,BelIPlanetData,69192,0,1,Inorganic,000057CB,ResInorgCommonNickel,Nickel,Common
Bel,Bel I,Planet,0005DFB1,BelIPlanetData,69192,0,1,Inorganic,000083EC,ResInorgCommonWater_L,Water,Common
Bel,Bel I,Planet,0005DFB1,BelIPlanetData,69192,0,1,Inorganic,000057D7,ResInorgUncommonChlorosilanes_L,Chlorosilanes,Uncommon
Bel,Bel I,Planet,0005DFB1,BelIPlanetData,69192,0,1,Inorganic,000057E8,ResInorgRareCarboxylicAcids_L,CarboxylicAcids,Rare
Bel,Bel I,Planet,0005DFB1,BelIPlanetData,69192,0,1,Organic,00224642,ResOrgCommonFiberFaunaHerbivore,Fiber,Common
Bel,Bel I,Planet,0005DFB1,BelIPlanetData,69192,0,1,Organic,00224641,ResOrgCommonMetabolicAgentFaunaHerbivore,MetabolicAgent,Common
Bel,Bel I,Planet,0005DFB1,BelIPlanetData,69192,0,1,Organic,00224640,ResOrgCommonNutrientFaunaHerbivore,Nutrient,Common
Bel,Bel I,Planet,0005DFB1,BelIPlanetData,69192,0,1,Organic,0007782D,ResOrgCommonSealant,Sealant,Common
Bel,Bel I,Planet,0005DFB1,BelIPlanetData,69192,0,1,Organic,000777FA,ResOrgCommonStructural,Structural,Common
Bel,Bel I,Planet,0005DFB1,BelIPlanetData,69192,0,1,Organic,0022465B,ResOrgCommonToxinFaunaCarnivore,Toxin,Common
Bel,Bel I,Planet,0005DFB1,BelIPlanetData,69192,0,1,Organic,00077820,ResOrgUncommonAntimicrobial,Antimicrobial,Uncommon
Bel,Bel I,Planet,0005DFB1,BelIPlanetData,69192,0,1,Organic,00224654,ResOrgRareAdhesiveFaunaCarnivore,Adhesive,Rare
Bel,Bel I,Planet,0005DFB1,BelIPlanetData,69192,0,1,Organic,00224653,ResOrgRareAminoAcidsFaunaCarnivore,AminoAcids,Rare
Bel,Bel I,Planet,0005DFB1,BelIPlanetData,69192,0,1,Organic,00077829,ResOrgRareAnalgesic,Analgesic,Rare
Bel,Bel I,Planet,0005DFB1,BelIPlanetData,69192,0,1,Organic,000777FB,ResOrgRareAromatic,Aromatic,Rare
Bel,Bel I,Planet,0005DFB1,BelIPlanetData,69192,0,1,Organic,00224634,ResOrgRareAromaticFaunaHerbivore,Aromatic,Rare
Bel,Bel I,Planet,0005DFB1,BelIPlanetData,69192,0,1,Organic,00224639,ResOrgExoticPolymerFaunaHerbivore,Polymer,Exotic
Bel,Bel I-a,Moon,0005DFB2,BelI-aPlanetData,69192,1,9,Inorganic,000057D6,ResInorgCommonAluminum,Aluminum,Common
Bel,Bel I-a,Moon,0005DFB2,BelI-aPlanetData,69192,1,9,Inorganic,000057F5,ResInorgCommonHelium3_G,Helium3,Common
Bel,Bel I-a,Moon,0005DFB2,BelI-aPlanetData,69192,1,9,Inorganic,000057D8,ResInorgUncommonBeryllium,Beryllium,Uncommon
Bel,Bel II,Planet,0005DFB3,BelIIPlanetData,69192,0,2,Inorganic,000057D6,ResInorgCommonAluminum,Aluminum,Common
Bel,Bel II,Planet,0005DFB3,BelIIPlanetData,69192,0,2,Inorganic,000057EA,ResInorgCommonArgon_G,Argon,Common
Bel,Bel II,Planet,0005DFB3,BelIIPlanetData,69192,0,2,Inorganic,000057D5,ResInorgCommonChlorine_G,Chlorine,Common
Bel,Bel II,Planet,0005DFB3,BelIIPlanetData,69192,0,2,Inorganic,000083EC,ResInorgCommonWater_L,Water,Common
Bel,Bel II,Planet,0005DFB3,BelIIPlanetData,69192,0,2,Inorganic,000057DA,ResInorgRareLithium,Lithium,Rare
Bel,Bel II,Planet,0005DFB3,BelIIPlanetData,69192,0,2,Organic,0022465F,ResOrgCommonFiberFaunaCarnivore,Fiber,Common
Bel,Bel II,Planet,0005DFB3,BelIIPlanetData,69192,0,2,Organic,00224641,ResOrgCommonMetabolicAgentFaunaHerbivore,MetabolicAgent,Common
Bel,Bel II,Planet,0005DFB3,BelIIPlanetData,69192,0,2,Organic,000777E6,ResOrgCommonNutrient,Nutrient,Common
Bel,Bel II,Planet,0005DFB3,BelIIPlanetData,69192,0,2,Organic,000777FA,ResOrgCommonStructural,Structural,Common
Bel,Bel II,Planet,0005DFB3,BelIIPlanetData,69192,0,2,Organic,00077823,ResOrgCommonToxin,Toxin,Common
Bel,Bel II,Planet,0005DFB3,BelIIPlanetData,69192,0,2,Organic,002246D8,ResOrgUncommonAntimicrobialFaunaHerbivore,Antimicrobial,Uncommon
Bel,Bel II,Planet,0005DFB3,BelIIPlanetData,69192,0,2,Organic,0022463F,ResOrgUncommonOrnamentalFaunaHerbivore,Ornamental,Uncommon
Bel,Bel II,Planet,0005DFB3,BelIIPlanetData,69192,0,2,Organic,000777FB,ResOrgRareAromatic,Aromatic,Rare
Bel,Bel II,Planet,0005DFB3,BelIIPlanetData,69192,0,2,Organic,00224627,ResOrgUniqueMemorySubstrateFaunaHerbivore,MemorySubstrate,Unique
Bel,Bel II-a,Moon,0005DFB4,BelII-aPlanetData,69192,2,10,Inorganic,000057CF,ResInorgCommonCopper,Copper,Common
Bel,Bel II-a,Moon,0005DFB4,BelII-aPlanetData,69192,2,10,Inorganic,000057C7,ResInorgCommonIron,Iron,Common
Bel,Bel II-a,Moon,0005DFB4,BelII-aPlanetData,69192,2,10,Inorganic,000057CB,ResInorgCommonNickel,Nickel,Common
Bel,Bel II-a,Moon,0005DFB4,BelII-aPlanetData,69192,2,10,Inorganic,000057EB,ResInorgCommonUranium,Uranium,Common
Bel,Bel II-a,Moon,0005DFB4,BelII-aPlanetData,69192,2,10,Inorganic,000083EC,ResInorgCommonWater_L,Water,Common
Bel,Bel II-a,Moon,0005DFB4,BelII-aPlanetData,69192,2,10,Inorganic,000057C9,ResInorgUncommonAlkanes_G,Alkanes,Uncommon
Bel,Bel II-a,Moon,0005DFB4,BelII-aPlanetData,69192,2,10,Inorganic,000057CE,ResInorgUncommonCobalt,Cobalt,Uncommon
Bel,Bel II-a,Moon,0005DFB4,BelII-aPlanetData,69192,2,10,Inorganic,000057D3,ResInorgExoticAntimony,Antimony,Exotic
Bel,Bel III,Planet,0005DFB5,BelIIIPlanetData,69192,0,3,Inorganic,000057D5,ResInorgCommonChlorine_G,Chlorine,Common
Bel,Bel III,Planet,0005DFB5,BelIIIPlanetData,69192,0,3,Inorganic,000057CF,ResInorgCommonCopper,Copper,Common
Bel,Bel III,Planet,0005DFB5,BelIIIPlanetData,69192,0,3,Inorganic,000057CB,ResInorgCommonNickel,Nickel,Common
Bel,Bel III,Planet,0005DFB5,BelIIIPlanetData,69192,0,3,Inorganic,000083EC,ResInorgCommonWater_L,Water,Common
Bel,Bel III,Planet,0005DFB5,BelIIIPlanetData,69192,0,3,Inorganic,000057D7,ResInorgUncommonChlorosilanes_L,Chlorosilanes,Uncommon
Bel,Bel III,Planet,0005DFB5,BelIIIPlanetData,69192,0,3,Inorganic,000057D1,ResInorgRareTetrafluorides_G,Tetrafluorides,Rare
Bel,Bel III,Planet,0005DFB5,BelIIIPlanetData,69192,0,3,Inorganic,000057CD,ResInorgExoticPalladium,Palladium,Exotic
Bel,Bel III-a,Moon,0005DFB6,BelIII-aPlanetData,69192,3,11,Inorganic,000057D6,ResInorgCommonAluminum,Aluminum,Common
Bel,Bel III-a,Moon,0005DFB6,BelIII-aPlanetData,69192,3,11,Inorganic,000057F5,ResInorgCommonHelium3_G,Helium3,Common
Bel,Bel III-a,Moon,0005DFB6,BelIII-aPlanetData,69192,3,11,Inorganic,000057D8,ResInorgUncommonBeryllium,Beryllium,Uncommon
Bel,Bel III-b,Moon,0005DFB7,BelIII-bPlanetData,69192,3,12,Inorganic,000057D6,ResInorgCommonAluminum,Aluminum,Common
Bel,Bel III-b,Moon,0005DFB7,BelIII-bPlanetData,69192,3,12,Inorganic,000057F5,ResInorgCommonHelium3_G,Helium3,Common
Bel,Bel III-b,Moon,0005DFB7,BelIII-bPlanetData,69192,3,12,Inorganic,000057D8,ResInorgUncommonBeryllium,Beryllium,Uncommon
Bel,Bel III-b,Moon,0005DFB7,BelIII-bPlanetData,69192,3,12,Inorganic,000057DB,ResInorgRareNeodymium,Neodymium,Rare
Bel,Bel III-c,Moon,0005DFB8,BelIII-cPlanetData,69192,3,13,Inorganic,000057D6,ResInorgCommonAluminum,Aluminum,Common
Bel,Bel III-c,Moon,0005DFB8,BelIII-cPlanetData,69192,3,13,Inorganic,000057F5,ResInorgCommonHelium3_G,Helium3,Common
Bel,Bel III-c,Moon,0005DFB8,BelIII-cPlanetData,69192,3,13,Inorganic,000057DB,ResInorgRareNeodymium,Neodymium,Rare
Bel,Bel III-c,Moon,0005DFB8,BelIII-cPlanetData,69192,3,13,Inorganic,000057E2,ResInorgExoticEuropium,Europium,Exotic
Bel,Bel IV-a,Moon,0005DFBD,BelIV-aPlanetData,69192,4,18,Inorganic,000057D5,ResInorgCommonChlorine_G,Chlorine,Common
Bel,Bel IV-a,Moon,0005DFBD,BelIV-aPlanetData,69192,4,18,Inorganic,000083EC,ResInorgCommonWater_L,Water,Common
Bel,Bel IV-b,Moon,0005DFBB,BelIV-bPlanetData,69192,4,16,Inorganic,000057D5,ResInorgCommonChlorine_G,Chlorine,Common
Bel,Bel IV-b,Moon,0005DFBB,BelIV-bPlanetData,69192,4,16,Inorganic,000083EC,ResInorgCommonWater_L,Water,Common
Bel,Bel IV-c,Moon,0005DFBA,BelIV-cPlanetData,69192,4,15,Inorganic,000057D6,ResInorgCommonAluminum,Aluminum,Common
Bel,Bel IV-c,Moon,0005DFBA,BelIV-cPlanetData,69192,4,15,Inorganic,000057CB,ResInorgCommonNickel,Nickel,Common
Bel,Bel IV-c,Moon,0005DFBA,BelIV-cPlanetData,69192,4,15,Inorganic,000083EC,ResInorgCommonWater_L,Water,Common
Bel,Bel IV-c,Moon,0005DFBA,BelIV-cPlanetData,69192,4,15,Inorganic,000057DB,ResInorgRareNeodymium,Neodymium,Rare
Bel,Bel IV-d,Moon,0005DFBC,BelIV-dPlanetData,69192,4,17,Inorganic,000057C7,ResInorgCommonIron,Iron,Common
Bel,Bel IV-d,Moon,0005DFBC,BelIV-dPlanetData,69192,4,17,Inorganic,000057CB,ResInorgCommonNickel,Nickel,Common
Bel,Bel IV-d,Moon,0005DFBC,BelIV-dPlanetData,69192,4,17,Inorganic,000083EC,ResInorgCommonWater_L,Water,Common
Bel,Bel IV-d,Moon,0005DFBC,BelIV-dPlanetData,69192,4,17,Inorganic,000057C9,ResInorgUncommonAlkanes_G,Alkanes,Uncommon
Bel,Bel IV-d,Moon,0005DFBC,BelIV-dPlanetData,69192,4,17,Inorganic,000057CE,ResInorgUncommonCobalt,Cobalt,Uncommon
Bel,Bel IV-d,Moon,0005DFBC,BelIV-dPlanetData,69192,4,17,Inorganic,000057CC,ResInorgRarePlatinum,Platinum,Rare
Bel,Bel IV-d,Moon,0005DFBC,BelIV-dPlanetData,69192,4,17,Inorganic,000057C8,ResInorgRareTantalum,Tantalum,Rare
Bel,Bel IV-e,Moon,0005DFBE,BelIV-ePlanetData,69192,4,19,Inorganic,000057C1,ResInorgCommonLead,Lead,Common
Bel,Bel IV-e,Moon,0005DFBE,BelIV-ePlanetData,69192,4,19,Inorganic,000083EC,ResInorgCommonWater_L,Water,Common
Bel,Bel V,Planet,0005DFBF,BelVPlanetData,69192,0,5,Inorganic,000057F5,ResInorgCommonHelium3_G,Helium3,Common
Bel,Bel V,Planet,0005DFBF,BelVPlanetData,69192,0,5,Inorganic,000057C7,ResInorgCommonIron,Iron,Common
Bel,Bel V-a,Moon,0005DFC0,BelV-aPlanetData,69192,5,14,Inorganic,000057CF,ResInorgCommonCopper,Copper,Common
Bel,Bel V-a,Moon,0005DFC0,BelV-aPlanetData,69192,5,14,Inorganic,000083EC,ResInorgCommonWater_L,Water,Common
Bel,Bel VII,Planet,0005DFC2,BelVIIPlanetData,69192,0,7,Inorganic,000057EA,ResInorgCommonArgon_G,Argon,Common
Bel,Bel VII,Planet,0005DFC2,BelVIIPlanetData,69192,0,7,Inorganic,000083EC,ResInorgCommonWater_L,Water,Common
Bessel,Bessel II,Planet,0005E01D,BesselIIPlanetData,103883,0,2,Inorganic,000057D6,ResInorgCommonAluminum,Aluminum,Common
Bessel,Bessel II,Planet,0005E01D,BesselIIPlanetData,103883,0,2,Inorganic,000057F5,ResInorgCommonHelium3_G,Helium3,Common
Bessel,Bessel II,Planet,0005E01D,BesselIIPlanetData,103883,0,2,Inorganic,000057D8,ResInorgUncommonBeryllium,Beryllium,Uncommon
Bessel,Bessel II,Planet,0005E01D,BesselIIPlanetData,103883,0,2,Inorganic,000057DB,ResInorgRareNeodymium,Neodymium,Rare
Bessel,Bessel III,Planet,0005E01E,BesselIIIPlanetData,103883,0,3,Inorganic,000057D6,ResInorgCommonAluminum,Aluminum,Common
Bessel,Bessel III,Planet,0005E01E,BesselIIIPlanetData,103883,0,3,Inorganic,000057F5,ResInorgCommonHelium3_G,Helium3,Common
Bessel,Bessel III-a,Moon,0005E01F,BesselIII-aPlanetData,103883,3,5,Inorganic,000057D6,ResInorgCommonAluminum,Aluminum,Common
Bessel,Bessel III-a,Moon,0005E01F,BesselIII-aPlanetData,103883,3,5,Inorganic,000057F5,ResInorgCommonHelium3_G,Helium3,Common
Bessel,Bessel III-a,Moon,0005E01F,BesselIII-aPlanetData,103883,3,5,Inorganic,000057D8,ResInorgUncommonBeryllium,Beryllium,Uncommon
Bessel,Bessel III-b,Moon,0005E020,BesselIII-bPlanetData,103883,3,6,Inorganic,000057D6,ResInorgCommonAluminum,Aluminum,Common
Bessel,Bessel III-b,Moon,0005E020,BesselIII-bPlanetData,103883,3,6,Inorganic,000057EA,ResInorgCommonArgon_G,Argon,Common
Bessel,Bessel III-b,Moon,0005E020,BesselIII-bPlanetData,103883,3,6,Inorganic,000057C7,ResInorgCommonIron,Iron,Common
Bessel,Bessel III-b,Moon,0005E020,BesselIII-bPlanetData,103883,3,6,Inorganic,000057CB,ResInorgCommonNickel,Nickel,Common
Bessel,Bessel III-b,Moon,0005E020,BesselIII-bPlanetData,103883,3,6,Inorganic,000083EC,ResInorgCommonWater_L,Water,Common
Bessel,Bessel III-b,Moon,0005E020,BesselIII-bPlanetData,103883,3,6,Inorganic,000057CE,ResInorgUncommonCobalt,Cobalt,Uncommon
Bessel,Bessel III-b,Moon,0005E020,BesselIII-bPlanetData,103883,3,6,Inorganic,000057CC,ResInorgRarePlatinum,Platinum,Rare
Bessel,Bessel III-b,Moon,0005E020,BesselIII-bPlanetData,103883,3,6,Inorganic,000057E9,ResInorgExoticNeon_G,Neon,Exotic
Beta Andraste,Beta Andraste I-a,Moon,0005E340,BetaAndrasteI-aPlanetData,119221,16,20,Inorganic,000057CF,ResInorgCommonCopper,Copper,Common
Beta Andraste,Beta Andraste I-a,Moon,0005E340,BetaAndrasteI-aPlanetData,119221,16,20,Inorganic,000057CB,ResInorgCommonNickel,Nickel,Common
Beta Andraste,Beta Andraste I-a,Moon,0005E340,BetaAndrasteI-aPlanetData,119221,16,20,Inorganic,000057EB,ResInorgCommonUranium,Uranium,Common
Beta Andraste,Beta Andraste I-a,Moon,0005E340,BetaAndrasteI-aPlanetData,119221,16,20,Inorganic,000083EC,ResInorgCommonWater_L,Water,Common
Beta Andraste,Beta Andraste I-a,Moon,0005E340,BetaAndrasteI-aPlanetData,119221,16,20,Inorganic,000057D0,ResInorgUncommonFluorine_G,Fluorine,Uncommon
Beta Andraste,Beta Andraste I-a,Moon,0005E340,BetaAndrasteI-aPlanetData,119221,16,20,Inorganic,000057EC,ResInorgUncommonIridium,Iridium,Uncommon
Beta Andraste,Beta Andraste I-a,Moon,0005E340,BetaAndrasteI-aPlanetData,119221,16,20,Inorganic,000057ED,ResInorgRareVanadium,Vanadium,Rare
Beta Andraste,Beta Andraste I-a,Moon,0005E340,BetaAndrasteI-aPlanetData,119221,16,20,Organic,0022462E,ResOrgCommonSealantFaunaHerbivore,Sealant,Common
Beta Andraste,Beta Andraste I-a,Moon,0005E340,BetaAndrasteI-aPlanetData,119221,16,20,Organic,00224649,ResOrgCommonStructuralFaunaCarnivore,Structural,Common
Beta Andraste,Beta Andraste I-b,Moon,0005E33D,BetaAndrasteI-bPlanetData,119221,16,17,Inorganic,000057D5,ResInorgCommonChlorine_G,Chlorine,Common
Beta Andraste,Beta Andraste I-b,Moon,0005E33D,BetaAndrasteI-bPlanetData,119221,16,17,Inorganic,000083EC,ResInorgCommonWater_L,Water,Common
Beta Andraste,Beta Andraste I-c,Moon,0005E33E,BetaAndrasteI-cPlanetData,119221,16,18,Inorganic,000057CF,ResInorgCommonCopper,Copper,Common
Beta Andraste,Beta Andraste I-c,Moon,0005E33E,BetaAndrasteI-cPlanetData,119221,16,18,Inorganic,000083EC,ResInorgCommonWater_L,Water,Common
Beta Andraste,Beta Andraste I-c,Moon,0005E33E,BetaAndrasteI-cPlanetData,119221,16,18,Inorganic,000057D2,ResInorgRareGold,Gold,Rare
Beta Andraste,Beta Andraste I-c,Moon,0005E33E,BetaAndrasteI-cPlanetData,119221,16,18,Inorganic,000057D3,ResInorgExoticAntimony,Antimony,Exotic
Beta Andraste,Beta Andraste I-d,Moon,0005E33F,BetaAndrasteI-dPlanetData,119221,16,19,Inorganic,000057D5,ResInorgCommonChlorine_G,Chlorine,Common
Beta Andraste,Beta Andraste I-d,Moon,0005E33F,BetaAndrasteI-dPlanetData,119221,16,19,Inorganic,000083EC,ResInorgCommonWater_L,Water,Common
Beta Marae,Beta Marae I,Planet,0005E10C,BetaMaraeIPlanetData,119159,0,1,Inorganic,000057EA,ResInorgCommonArgon_G,Argon,Common
Beta Marae,Beta Marae I,Planet,0005E10C,BetaMaraeIPlanetData,119159,0,1,Inorganic,000057D5,ResInorgCommonChlorine_G,Chlorine,Common
Beta Marae,Beta Marae I,Planet,0005E10C,BetaMaraeIPlanetData,119159,0,1,Inorganic,000057CF,ResInorgCommonCopper,Copper,Common
Beta Marae,Beta Marae I,Planet,0005E10C,BetaMaraeIPlanetData,119159,0,1,Inorganic,000057C1,ResInorgCommonLead,Lead,Common
Beta Marae,Beta Marae I,Planet,0005E10C,BetaMaraeIPlanetData,119159,0,1,Inorganic,000057EB,ResInorgCommonUranium,Uranium,Common
Beta Marae,Beta Marae I,Planet,0005E10C,BetaMaraeIPlanetData,119159,0,1,Inorganic,000083EC,ResInorgCommonWater_L,Water,Common
Beta Marae,Beta Marae I,Planet,0005E10C,BetaMaraeIPlanetData,119159,0,1,Organic,00077821,ResOrgCommonFiber,Fiber,Common
Beta Marae,Beta Marae I,Planet,0005E10C,BetaMaraeIPlanetData,119159,0,1,Organic,0029F3FD,ResOrgCommonMetabolicAgent,MetabolicAgent,Common
Beta Marae,Beta Marae I,Planet,0005E10C,BetaMaraeIPlanetData,119159,0,1,Organic,00224641,ResOrgCommonMetabolicAgentFaunaHerbivore,MetabolicAgent,Common
Beta Marae,Beta Marae I,Planet,0005E10C,BetaMaraeIPlanetData,119159,0,1,Organic,000777E6,ResOrgCommonNutrient,Nutrient,Common
Beta Marae,Beta Marae I,Planet,0005E10C,BetaMaraeIPlanetData,119159,0,1,Organic,00224640,ResOrgCommonNutrientFaunaHerbivore,Nutrient,Common
Beta Marae,Beta Marae I,Planet,0005E10C,BetaMaraeIPlanetData,119159,0,1,Organic,0007782D,ResOrgCommonSealant,Sealant,Common
Beta Marae,Beta Marae I,Planet,0005E10C,BetaMaraeIPlanetData,119159,0,1,Organic,000777FA,ResOrgCommonStructural,Structural,Common
Beta Marae,Beta Marae I,Planet,0005E10C,BetaMaraeIPlanetData,119159,0,1,Organic,00077823,ResOrgCommonToxin,Toxin,Common
Beta Marae,Beta Marae I,Planet,0005E10C,BetaMaraeIPlanetData,119159,0,1,Organic,000777F8,ResOrgUncommonCosmetic,Cosmetic,Uncommon
Beta Marae,Beta Marae I,Planet,0005E10C,BetaMaraeIPlanetData,119159,0,1,Organic,00224631,ResOrgUncommonCosmeticFaunaHerbivore,Cosmetic,Uncommon
Beta Marae,Beta Marae I,Planet,0005E10C,BetaMaraeIPlanetData,119159,0,1,Organic,00224630,ResOrgUncommonMembraneFaunaHerbivore,Membrane,Uncommon
Beta Marae,Beta Marae I,Planet,0005E10C,BetaMaraeIPlanetData,119159,0,1,Organic,0022462F,ResOrgUncommonPigmentFaunaHerbivore,Pigment,Uncommon
Beta Marae,Beta Marae I,Planet,0005E10C,BetaMaraeIPlanetData,119159,0,1,Organic,00224653,ResOrgRareAminoAcidsFaunaCarnivore,AminoAcids,Rare
Beta Marae,Beta Marae I,Planet,0005E10C,BetaMaraeIPlanetData,119159,0,1,Organic,00224634,ResOrgRareAromaticFaunaHerbivore,Aromatic,Rare
Beta Marae,Beta Marae I,Planet,0005E10C,BetaMaraeIPlanetData,119159,0,1,Organic,00224650,ResOrgRareHallucinogenFaunaCarnivore,Hallucinogen,Rare
Beta Marae,Beta Marae I,Planet,0005E10C,BetaMaraeIPlanetData,119159,0,1,Organic,00224632,ResOrgRareSedativeFaunaHerbivore,Sedative,Rare
Beta Marae,Beta Marae I,Planet,0005E10C,BetaMaraeIPlanetData,119159,0,1,Organic,0022465A,ResOrgExoticBiosuppressantFaunaCarnivore,Biosuppressant,Exotic
Beta Marae,Beta Marae I,Planet,0005E10C,BetaMaraeIPlanetData,119159,0,1,Organic,0022463B,ResOrgExoticLubricantFaunaHerbivore,Lubricant,Exotic
Beta Marae,Beta Marae I-a,Moon,0005E10D,BetaMaraeI-aPlanetData,119159,1,8,Inorganic,000057F5,ResInorgCommonHelium3_G,Helium3,Common
Beta Marae,Beta Marae I-a,Moon,0005E10D,BetaMaraeI-aPlanetData,119159,1,8,Inorganic,000057C7,ResInorgCommonIron,Iron,Common
Beta Marae,Beta Marae II,Planet,0005E10E,BetaMaraeIIPlanetData,119159,0,2,Inorganic,000057CF,ResInorgCommonCopper,Copper,Common
Beta Marae,Beta Marae II,Planet,0005E10E,BetaMaraeIIPlanetData,119159,0,2,Inorganic,000057C1,ResInorgCommonLead,Lead,Common
Beta Marae,Beta Marae II,Planet,0005E10E,BetaMaraeIIPlanetData,119159,0,2,Inorganic,000057CB,ResInorgCommonNickel,Nickel,Common
Beta Marae,Beta Marae II,Planet,0005E10E,BetaMaraeIIPlanetData,119159,0,2,Inorganic,000083EC,ResInorgCommonWater_L,Water,Common
Beta Marae,Beta Marae II,Planet,0005E10E,BetaMaraeIIPlanetData,119159,0,2,Inorganic,000057CE,ResInorgUncommonCobalt,Cobalt,Uncommon
Beta Marae,Beta Marae II,Planet,0005E10E,BetaMaraeIIPlanetData,119159,0,2,Inorganic,000057D0,ResInorgUncommonFluorine_G,Fluorine,Uncommon
Beta Marae,Beta Marae II,Planet,0005E10E,BetaMaraeIIPlanetData,119159,0,2,Inorganic,000057C4,ResInorgUncommonTungsten,Tungsten,Uncommon
Beta Marae,Beta Marae II,Planet,0005E10E,BetaMaraeIIPlanetData,119159,0,2,Inorganic,000057CD,ResInorgExoticPalladium,Palladium,Exotic
Beta Marae,Beta Marae II-a,Moon,0005E10F,BetaMaraeII-aPlanetData,119159,2,22,Inorganic,000057D6,ResInorgCommonAluminum,Aluminum,Common
Beta Marae,Beta Marae II-a,Moon,0005E10F,BetaMaraeII-aPlanetData,119159,2,22,Inorganic,000057F5,ResInorgCommonHelium3_G,Helium3,Common
Beta Marae,Beta Marae II-a,Moon,0005E10F,BetaMaraeII-aPlanetData,119159,2,22,Inorganic,000057DB,ResInorgRareNeodymium,Neodymium,Rare
Beta Marae,Beta Marae III,Planet,0005E111,BetaMaraeIIIPlanetData,119159,0,3,Inorganic,000057D5,ResInorgCommonChlorine_G,Chlorine,Common
Beta Marae,Beta Marae III,Planet,0005E111,BetaMaraeIIIPlanetData,119159,0,3,Inorganic,000057CF,ResInorgCommonCopper,Copper,Common
Beta Marae,Beta Marae III,Planet,0005E111,BetaMaraeIIIPlanetData,119159,0,3,Inorganic,000057C1,ResInorgCommonLead,Lead,Common
Beta Marae,Beta Marae III,Planet,0005E111,BetaMaraeIIIPlanetData,119159,0,3,Inorganic,000083EC,ResInorgCommonWater_L,Water,Common
Beta Marae,Beta Marae III,Planet,0005E111,BetaMaraeIIIPlanetData,119159,0,3,Inorganic,000057D4,ResInorgExoticIonicLiquids_L,IonicLiquids,Exotic
Beta Marae,Beta Marae III-a,Moon,0005E112,BetaMaraeIII-aPlanetData,119159,3,10,Inorganic,000057F5,ResInorgCommonHelium3_G,Helium3,Common
Beta Marae,Beta Marae III-a,Moon,0005E112,BetaMaraeIII-aPlanetData,119159,3,10,Inorganic,000057C7,ResInorgCommonIron,Iron,Common
Beta Marae,Beta Marae IV-a,Moon,0005E117,BetaMaraeIV-aPlanetData,119159,4,14,Inorganic,000057CB,ResInorgCommonNickel,Nickel,Common
Beta Marae,Beta Marae IV-a,Moon,0005E117,BetaMaraeIV-aPlanetData,119159,4,14,Inorganic,000083EC,ResInorgCommonWater_L,Water,Common
Beta Marae,Beta Marae IV-a,Moon,0005E117,BetaMaraeIV-aPlanetData,119159,4,14,Inorganic,000057CD,ResInorgExoticPalladium,Palladium,Exotic
Beta Marae,Beta Marae IV-b,Moon,0005E116,BetaMaraeIV-bPlanetData,119159,4,13,Inorganic,000057CB,ResInorgCommonNickel,Nickel,Common
Beta Marae,Beta Marae IV-b,Moon,0005E116,BetaMaraeIV-bPlanetData,119159,4,13,Inorganic,000057EB,ResInorgCommonUranium,Uranium,Common
Beta Marae,Beta Marae IV-b,Moon,0005E116,BetaMaraeIV-bPlanetData,119159,4,13,Inorganic,000083EC,ResInorgCommonWater_L,Water,Common
Beta Marae,Beta Marae IV-b,Moon,0005E116,BetaMaraeIV-bPlanetData,119159,4,13,Inorganic,000057CE,ResInorgUncommonCobalt,Cobalt,Uncommon
Beta Marae,Beta Marae IV-b,Moon,0005E116,BetaMaraeIV-bPlanetData,119159,4,13,Inorganic,000057EC,ResInorgUncommonIridium,Iridium,Uncommon
Beta Marae,Beta Marae IV-b,Moon,0005E116,BetaMaraeIV-bPlanetData,119159,4,13,Inorganic,000057ED,ResInorgRareVanadium,Vanadium,Rare
Beta Marae,Beta Marae IV-c,Moon,0005E115,BetaMaraeIV-cPlanetData,119159,4,12,Inorganic,000057CF,ResInorgCommonCopper,Copper,Common
Beta Marae,Beta Marae IV-c,Moon,0005E115,BetaMaraeIV-cPlanetData,119159,4,12,Inorganic,000083EC,ResInorgCommonWater_L,Water,Common
Beta Marae,Beta Marae IV-d,Moon,0005E114,BetaMaraeIV-dPlanetData,119159,4,11,Inorganic,000057EA,ResInorgCommonArgon_G,Argon,Common
Beta Marae,Beta Marae IV-d,Moon,0005E114,BetaMaraeIV-dPlanetData,119159,4,11,Inorganic,000083EC,ResInorgCommonWater_L,Water,Common
Beta Marae,Beta Marae V-a,Moon,0005E11B,BetaMaraeV-aPlanetData,119159,5,17,Inorganic,000057D6,ResInorgCommonAluminum,Aluminum,Common
Beta Marae,Beta Marae V-a,Moon,0005E11B,BetaMaraeV-aPlanetData,119159,5,17,Inorganic,000057F5,ResInorgCommonHelium3_G,Helium3,Common
Beta Marae,Beta Marae V-b,Moon,0005E119,BetaMaraeV-bPlanetData,119159,5,15,Inorganic,000057CF,ResInorgCommonCopper,Copper,Common
Beta Marae,Beta Marae V-b,Moon,0005E119,BetaMaraeV-bPlanetData,119159,5,15,Inorganic,000083EC,ResInorgCommonWater_L,Water,Common
Beta Marae,Beta Marae V-b,Moon,0005E119,BetaMaraeV-bPlanetData,119159,5,15,Inorganic,000057D3,ResInorgExoticAntimony,Antimony,Exotic
Beta Marae,Beta Marae V-c,Moon,0005E11C,BetaMaraeV-cPlanetData,119159,5,18,Inorganic,000057EA,ResInorgCommonArgon_G,Argon,Common
Beta Marae,Beta Marae V-c,Moon,0005E11C,BetaMaraeV-cPlanetData,119159,5,18,Inorganic,000057C7,ResInorgCommonIron,Iron,Common
Beta Marae,Beta Marae V-c,Moon,0005E11C,BetaMaraeV-cPlanetData,119159,5,18,Inorganic,000057CB,ResInorgCommonNickel,Nickel,Common
Beta Marae,Beta Marae V-c,Moon,0005E11C,BetaMaraeV-cPlanetData,119159,5,18,Inorganic,000057EB,ResInorgCommonUranium,Uranium,Common
Beta Marae,Beta Marae V-c,Moon,0005E11C,BetaMaraeV-cPlanetData,119159,5,18,Inorganic,000083EC,ResInorgCommonWater_L,Water,Common
Beta Marae,Beta Marae V-c,Moon,0005E11C,BetaMaraeV-cPlanetData,119159,5,18,Inorganic,000057C9,ResInorgUncommonAlkanes_G,Alkanes,Uncommon
Beta Marae,Beta Marae V-c,Moon,0005E11C,BetaMaraeV-cPlanetData,119159,5,18,Inorganic,000057ED,ResInorgRareVanadium,Vanadium,Rare
Beta Marae,Beta Marae V-c,Moon,0005E11C,BetaMaraeV-cPlanetData,119159,5,18,Inorganic,000057EE,ResInorgExoticPlutonium,Plutonium,Exotic
Beta Marae,Beta Marae V-d,Moon,0005E11A,BetaMaraeV-dPlanetData,119159,5,16,Inorganic,000057D5,ResInorgCommonChlorine_G,Chlorine,Common
Beta Marae,Beta Marae V-d,Moon,0005E11A,BetaMaraeV-dPlanetData,119159,5,16,Inorganic,000083EC,ResInorgCommonWater_L,Water,Common
Beta Marae,Beta Marae VI-a,Moon,0005E120,BetaMaraeVI-aPlanetData,119159,6,21,Inorganic,000057D5,ResInorgCommonChlorine_G,Chlorine,Common
Beta Marae,Beta Marae VI-a,Moon,0005E120,BetaMaraeVI-aPlanetData,119159,6,21,Inorganic,000083EC,ResInorgCommonWater_L,Water,Common
Beta Marae,Beta Marae VI-b,Moon,0005E11F,BetaMaraeVI-bPlanetData,119159,6,20,Inorganic,000057D5,ResInorgCommonChlorine_G,Chlorine,Common
Beta Marae,Beta Marae VI-b,Moon,0005E11F,BetaMaraeVI-bPlanetData,119159,6,20,Inorganic,000083EC,ResInorgCommonWater_L,Water,Common
Beta Marae,Beta Marae VI-b,Moon,0005E11F,BetaMaraeVI-bPlanetData,119159,6,20,Inorganic,000057D7,ResInorgUncommonChlorosilanes_L,Chlorosilanes,Uncommon
Beta Marae,Beta Marae VI-c,Moon,0005E11E,BetaMaraeVI-cPlanetData,119159,6,19,Inorganic,000057CF,ResInorgCommonCopper,Copper,Common
Beta Marae,Beta Marae VI-c,Moon,0005E11E,BetaMaraeVI-cPlanetData,119159,6,19,Inorganic,000083EC,ResInorgCommonWater_L,Water,Common
Beta Ternion,Beta Ternion I,Planet,0005DF04,BetaTernionIPlanetData,119225,0,25,Inorganic,000057D5,ResInorgCommonChlorine_G,Chlorine,Common
Beta Ternion,Beta Ternion I,Planet,0005DF04,BetaTernionIPlanetData,119225,0,25,Inorganic,000057CF,ResInorgCommonCopper,Copper,Common
Beta Ternion,Beta Ternion I,Planet,0005DF04,BetaTernionIPlanetData,119225,0,25,Inorganic,000057C7,ResInorgCommonIron,Iron,Common
Beta Ternion,Beta Ternion I,Planet,0005DF04,BetaTernionIPlanetData,119225,0,25,Inorganic,000083EC,ResInorgCommonWater_L,Water,Common
Beta Ternion,Beta Ternion I,Planet,0005DF04,BetaTernionIPlanetData,119225,0,25,Inorganic,000057D7,ResInorgUncommonChlorosilanes_L,Chlorosilanes,Uncommon
Beta Ternion,Beta Ternion I,Planet,0005DF04,BetaTernionIPlanetData,119225,0,25,Inorganic,000057DA,ResInorgRareLithium,Lithium,Rare
Beta Ternion,Beta Ternion I,Planet,0005DF04,BetaTernionIPlanetData,119225,0,25,Organic,0029F3FD,ResOrgCommonMetabolicAgent,MetabolicAgent,Common
Beta Ternion,Beta Ternion I,Planet,0005DF04,BetaTernionIPlanetData,119225,0,25,Organic,0022465D,ResOrgCommonNutrientFaunaCarnivore,Nutrient,Common
Beta Ternion,Beta Ternion I,Planet,0005DF04,BetaTernionIPlanetData,119225,0,25,Organic,000777FA,ResOrgCommonStructural,Structural,Common
Beta Ternion,Beta Ternion I,Planet,0005DF04,BetaTernionIPlanetData,119225,0,25,Organic,0022463E,ResOrgCommonToxinFaunaHerbivore,Toxin,Common
Beta Ternion,Beta Ternion I,Planet,0005DF04,BetaTernionIPlanetData,119225,0,25,Organic,00077825,ResOrgExoticStimulant,Stimulant,Exotic
Beta Ternion,Beta Ternion I,Planet,0005DF04,BetaTernionIPlanetData,119225,0,25,Organic,0022463A,ResOrgExoticStimulantFaunaHerbivore,Stimulant,Exotic
Beta Ternion,Beta Ternion II,Planet,0005DF06,BetaTernionIIPlanetData,119225,0,27,Inorganic,000057EA,ResInorgCommonArgon_G,Argon,Common
Beta Ternion,Beta Ternion II,Planet,0005DF06,BetaTernionIIPlanetData,119225,0,27,Inorganic,000057C7,ResInorgCommonIron,Iron,Common
Beta Ternion,Beta Ternion II,Planet,0005DF06,BetaTernionIIPlanetData,119225,0,27,Inorganic,000057CB,ResInorgCommonNickel,Nickel,Common
Beta Ternion,Beta Ternion II,Planet,0005DF06,BetaTernionIIPlanetData,119225,0,27,Inorganic,000057EB,ResInorgCommonUranium,Uranium,Common
Beta Ternion,Beta Ternion II,Planet,0005DF06,BetaTernionIIPlanetData,119225,0,27,Inorganic,000083EC,ResInorgCommonWater_L,Water,Common
Beta Ternion,Beta Ternion II,Planet,0005DF06,BetaTernionIIPlanetData,119225,0,27,Inorganic,000057CE,ResInorgUncommonCobalt,Cobalt,Uncommon
Beta Ternion,Beta Ternion II,Planet,0005DF06,BetaTernionIIPlanetData,119225,0,27,Inorganic,000057CC,ResInorgRarePlatinum,Platinum,Rare
Beta Ternion,Beta Ternion II,Planet,0005DF06,BetaTernionIIPlanetData,119225,0,27,Inorganic,000057CD,ResInorgExoticPalladium,Palladium,Exotic
Beta Ternion,Beta Ternion II,Planet,0005DF06,BetaTernionIIPlanetData,119225,0,27,Organic,00077821,ResOrgCommonFiber,Fiber,Common
Beta Ternion,Beta Ternion II,Planet,0005DF06,BetaTernionIIPlanetData,119225,0,27,Organic,0029F3FD,ResOrgCommonMetabolicAgent,MetabolicAgent,Common
Beta Ternion,Beta Ternion II,Planet,0005DF06,BetaTernionIIPlanetData,119225,0,27,Organic,000777E6,ResOrgCommonNutrient,Nutrient,Common
Beta Ternion,Beta Ternion II,Planet,0005DF06,BetaTernionIIPlanetData,119225,0,27,Organic,0022464B,ResOrgCommonSealantFaunaCarnivore,Sealant,Common
Beta Ternion,Beta Ternion II,Planet,0005DF06,BetaTernionIIPlanetData,119225,0,27,Organic,0022462C,ResOrgCommonStructuralFaunaHerbivore,Structural,Common
Beta Ternion,Beta Ternion II,Planet,0005DF06,BetaTernionIIPlanetData,119225,0,27,Organic,0022465B,ResOrgCommonToxinFaunaCarnivore,Toxin,Common
Beta Ternion,Beta Ternion II,Planet,0005DF06,BetaTernionIIPlanetData,119225,0,27,Organic,00224630,ResOrgUncommonMembraneFaunaHerbivore,Membrane,Uncommon
Beta Ternion,Beta Ternion II,Planet,0005DF06,BetaTernionIIPlanetData,119225,0,27,Organic,0022462F,ResOrgUncommonPigmentFaunaHerbivore,Pigment,Uncommon
Beta Ternion,Beta Ternion II,Planet,0005DF06,BetaTernionIIPlanetData,119225,0,27,Organic,0007782E,ResOrgUncommonSpice,Spice,Uncommon
Beta Ternion,Beta Ternion II,Planet,0005DF06,BetaTernionIIPlanetData,119225,0,27,Organic,00224654,ResOrgRareAdhesiveFaunaCarnivore,Adhesive,Rare
Beta Ternion,Beta Ternion II,Planet,0005DF06,BetaTernionIIPlanetData,119225,0,27,Organic,00224636,ResOrgRareAminoAcidsFaunaHerbivore,AminoAcids,Rare
Beta Ternion,Beta Ternion II,Planet,0005DF06,BetaTernionIIPlanetData,119225,0,27,Organic,00224635,ResOrgRareAnalgesicFaunaHerbivore,Analgesic,Rare
Beta Ternion,Beta Ternion II,Planet,0005DF06,BetaTernionIIPlanetData,119225,0,27,Organic,0029F403,ResOrgRareHallucinogen,Hallucinogen,Rare
Beta Ternion,Beta Ternion II,Planet,0005DF06,BetaTernionIIPlanetData,119225,0,27,Organic,0022465A,ResOrgExoticBiosuppressantFaunaCarnivore,Biosuppressant,Exotic
Beta Ternion,Beta Ternion II,Planet,0005DF06,BetaTernionIIPlanetData,119225,0,27,Organic,00077825,ResOrgExoticStimulant,Stimulant,Exotic
Beta Ternion,Beta Ternion III,Planet,0005DF07,BetaTernionIIIPlanetData,119225,0,28,Inorganic,000057EA,ResInorgCommonArgon_G,Argon,Common
Beta Ternion,Beta Ternion III,Planet,0005DF07,BetaTernionIIIPlanetData,119225,0,28,Inorganic,000057CF,ResInorgCommonCopper,Copper,Common
Beta Ternion,Beta Ternion III,Planet,0005DF07,BetaTernionIIIPlanetData,119225,0,28,Inorganic,000057C1,ResInorgCommonLead,Lead,Common
Beta Ternion,Beta Ternion III,Planet,0005DF07,BetaTernionIIIPlanetData,119225,0,28,Inorganic,000083EC,ResInorgCommonWater_L,Water,Common
Beta Ternion,Beta Ternion III,Planet,0005DF07,BetaTernionIIIPlanetData,119225,0,28,Inorganic,000057E7,ResInorgUncommonBenzene_G,Benzene,Uncommon
Beta Ternion,Beta Ternion III,Planet,0005DF07,BetaTernionIIIPlanetData,119225,0,28,Organic,00224642,ResOrgCommonFiberFaunaHerbivore,Fiber,Common
Beta Ternion,Beta Ternion III,Planet,0005DF07,BetaTernionIIIPlanetData,119225,0,28,Organic,00224641,ResOrgCommonMetabolicAgentFaunaHerbivore,MetabolicAgent,Common
Beta Ternion,Beta Ternion III,Planet,0005DF07,BetaTernionIIIPlanetData,119225,0,28,Organic,000777E6,ResOrgCommonNutrient,Nutrient,Common
Beta Ternion,Beta Ternion III,Planet,0005DF07,BetaTernionIIIPlanetData,119225,0,28,Organic,000777FA,ResOrgCommonStructural,Structural,Common
Beta Ternion,Beta Ternion III,Planet,0005DF07,BetaTernionIIIPlanetData,119225,0,28,Organic,0022463E,ResOrgCommonToxinFaunaHerbivore,Toxin,Common
Beta Ternion,Beta Ternion III,Planet,0005DF07,BetaTernionIIIPlanetData,119225,0,28,Organic,0022465C,ResOrgUncommonOrnamentalFaunaCarnivore,Ornamental,Uncommon
Beta Ternion,Beta Ternion III,Planet,0005DF07,BetaTernionIIIPlanetData,119225,0,28,Organic,00077828,ResOrgRareAdhesive,Adhesive,Rare
Beta Ternion,Beta Ternion III-a,Moon,0005DF08,BetaTernionIII-aPlanetData,119225,28,29,Inorganic,000057D6,ResInorgCommonAluminum,Aluminum,Common
Beta Ternion,Beta Ternion III-a,Moon,0005DF08,BetaTernionIII-aPlanetData,119225,28,29,Inorganic,000057D5,ResInorgCommonChlorine_G,Chlorine,Common
Beta Ternion,Beta Ternion III-a,Moon,0005DF08,BetaTernionIII-aPlanetData,119225,28,29,Inorganic,000057F5,ResInorgCommonHelium3_G,Helium3,Common
Beta Ternion,Beta Ternion III-a,Moon,0005DF08,BetaTernionIII-aPlanetData,119225,28,29,Inorganic,000057CB,ResInorgCommonNickel,Nickel,Common
Beta Ternion,Beta Ternion III-a,Moon,0005DF08,BetaTernionIII-aPlanetData,119225,28,29,Inorganic,000083EC,ResInorgCommonWater_L,Water,Common
Beta Ternion,Beta Ternion III-a,Moon,0005DF08,BetaTernionIII-aPlanetData,119225,28,29,Inorganic,000057D7,ResInorgUncommonChlorosilanes_L,Chlorosilanes,Uncommon
Beta Ternion,Beta Ternion III-a,Moon,0005DF08,BetaTernionIII-aPlanetData,119225,28,29,Inorganic,000057DA,ResInorgRareLithium,Lithium,Rare
Beta Ternion,Beta Ternion III-a,Moon,0005DF08,BetaTernionIII-aPlanetData,119225,28,29,Inorganic,000057CC,ResInorgRarePlatinum,Platinum,Rare
Beta Tirna,Tirna B,Planet,0005E473,TirnaBPlanetData,118771,0,2,Inorganic,000057F5,ResInorgCommonHelium3_G,Helium3,Common
Beta Tirna,Tirna B,Planet,0005E473,TirnaBPlanetData,118771,0,2,Inorganic,000057C7,ResInorgCommonIron,Iron,Common
Beta Tirna,Tirna B,Planet,0005E473,TirnaBPlanetData,118771,0,2,Inorganic,000057C9,ResInorgUncommonAlkanes_G,Alkanes,Uncommon
Bohr,Bohr I,Planet,0005DDF0,BohrIPlanetData,73018,0,1,Inorganic,000057D5,ResInorgCommonChlorine_G,Chlorine,Common
Bohr,Bohr I,Planet,0005DDF0,BohrIPlanetData,73018,0,1,Inorganic,000057C1,ResInorgCommonLead,Lead,Common
Bohr,Bohr I,Planet,0005DDF0,BohrIPlanetData,73018,0,1,Inorganic,000057C3,ResInorgUncommonSilver,Silver,Uncommon
Bohr,Bohr I,Planet,0005DDF0,BohrIPlanetData,73018,0,1,Inorganic,0027C499,ResInorgRareMercury_L,Mercury,Rare
Bohr,Bohr I-a,Moon,0005DDF1,BohrI-aPlanetData,73018,1,11,Inorganic,000057F5,ResInorgCommonHelium3_G,Helium3,Common
Bohr,Bohr I-a,Moon,0005DDF1,BohrI-aPlanetData,73018,1,11,Inorganic,000057C7,ResInorgCommonIron,Iron,Common
Bohr,Bohr II,Planet,0003F598,BohrIIPlanetData,73018,0,2,Inorganic,000057CF,ResInorgCommonCopper,Copper,Common
Bohr,Bohr II,Planet,0003F598,BohrIIPlanetData,73018,0,2,Inorganic,000057C7,ResInorgCommonIron,Iron,Common
Bohr,Bohr II,Planet,0003F598,BohrIIPlanetData,73018,0,2,Inorganic,000057CB,ResInorgCommonNickel,Nickel,Common
Bohr,Bohr II,Planet,0003F598,BohrIIPlanetData,73018,0,2,Inorganic,000083EC,ResInorgCommonWater_L,Water,Common
Bohr,Bohr II,Planet,0003F598,BohrIIPlanetData,73018,0,2,Organic,00077821,ResOrgCommonFiber,Fiber,Common
Bohr,Bohr II,Planet,0003F598,BohrIIPlanetData,73018,0,2,Organic,00224641,ResOrgCommonMetabolicAgentFaunaHerbivore,MetabolicAgent,Common
Bohr,Bohr II,Planet,0003F598,BohrIIPlanetData,73018,0,2,Organic,000777E6,ResOrgCommonNutrient,Nutrient,Common
Bohr,Bohr II,Planet,0003F598,BohrIIPlanetData,73018,0,2,Organic,0007782D,ResOrgCommonSealant,Sealant,Common
Bohr,Bohr II,Planet,0003F598,BohrIIPlanetData,73018,0,2,Organic,000777FA,ResOrgCommonStructural,Structural,Common
Bohr,Bohr II,Planet,0003F598,BohrIIPlanetData,73018,0,2,Organic,00077823,ResOrgCommonToxin,Toxin,Common
Bohr,Bohr II,Planet,0003F598,BohrIIPlanetData,73018,0,2,Organic,000777F8,ResOrgUncommonCosmetic,Cosmetic,Uncommon
Bohr,Bohr II,Planet,0003F598,BohrIIPlanetData,73018,0,2,Organic,00224630,ResOrgUncommonMembraneFaunaHerbivore,Membrane,Uncommon
Bohr,Bohr II,Planet,0003F598,BohrIIPlanetData,73018,0,2,Organic,0022462F,ResOrgUncommonPigmentFaunaHerbivore,Pigment,Uncommon
Bohr,Bohr II,Planet,0003F598,BohrIIPlanetData,73018,0,2,Organic,00077828,ResOrgRareAdhesive,Adhesive,Rare
Bohr,Bohr II,Planet,0003F598,BohrIIPlanetData,73018,0,2,Organic,00224651,ResOrgRareAromaticFaunaCarnivore,Aromatic,Rare
Bohr,Bohr II,Planet,0003F598,BohrIIPlanetData,73018,0,2,Organic,00224634,ResOrgRareAromaticFaunaHerbivore,Aromatic,Rare
Bohr,Bohr II,Planet,0003F598,BohrIIPlanetData,73018,0,2,Organic,00224639,ResOrgExoticPolymerFaunaHerbivore,Polymer,Exotic
Bohr,Bohr III,Planet,0005DDF2,BohrIIIPlanetData,73018,0,3,Inorganic,000057D5,ResInorgCommonChlorine_G,Chlorine,Common
Bohr,Bohr III,Planet,0005DDF2,BohrIIIPlanetData,73018,0,3,Inorganic,000057C7,ResInorgCommonIron,Iron,Common
Bohr,Bohr III,Planet,0005DDF2,BohrIIIPlanetData,73018,0,3,Inorganic,000057CB,ResInorgCommonNickel,Nickel,Common
Bohr,Bohr III,Planet,0005DDF2,BohrIIIPlanetData,73018,0,3,Inorganic,000083EC,ResInorgCommonWater_L,Water,Common
Bohr,Bohr III,Planet,0005DDF2,BohrIIIPlanetData,73018,0,3,Inorganic,000057C9,ResInorgUncommonAlkanes_G,Alkanes,Uncommon
Bohr,Bohr III,Planet,0005DDF2,BohrIIIPlanetData,73018,0,3,Inorganic,000057D7,ResInorgUncommonChlorosilanes_L,Chlorosilanes,Uncommon
Bohr,Bohr III,Planet,0005DDF2,BohrIIIPlanetData,73018,0,3,Inorganic,000057CE,ResInorgUncommonCobalt,Cobalt,Uncommon
Bohr,Bohr III,Planet,0005DDF2,BohrIIIPlanetData,73018,0,3,Inorganic,000057DA,ResInorgRareLithium,Lithium,Rare
Bohr,Bohr III-a,Moon,0005DDF3,BohrIII-aPlanetData,73018,3,12,Inorganic,000057D6,ResInorgCommonAluminum,Aluminum,Common
Bohr,Bohr III-a,Moon,0005DDF3,BohrIII-aPlanetData,73018,3,12,Inorganic,000057F5,ResInorgCommonHelium3_G,Helium3,Common
Bohr,Bohr III-a,Moon,0005DDF3,BohrIII-aPlanetData,73018,3,12,Inorganic,000057D8,ResInorgUncommonBeryllium,Beryllium,Uncommon
Bohr,Bohr III-a,Moon,0005DDF3,BohrIII-aPlanetData,73018,3,12,Inorganic,000057E2,ResInorgExoticEuropium,Europium,Exotic
Bohr,Bohr III-b,Moon,0005DDF4,BohrIII-bPlanetData,73018,3,13,Inorganic,000057D6,ResInorgCommonAluminum,Aluminum,Common
Bohr,Bohr III-b,Moon,0005DDF4,BohrIII-bPlanetData,73018,3,13,Inorganic,000057F5,ResInorgCommonHelium3_G,Helium3,Common
Bohr,Bohr IV,Planet,0005DDF5,BohrIVPlanetData,73018,0,4,Inorganic,000057CF,ResInorgCommonCopper,Copper,Common
Bohr,Bohr IV,Planet,0005DDF5,BohrIVPlanetData,73018,0,4,Inorganic,000057CB,ResInorgCommonNickel,Nickel,Common
Bohr,Bohr IV,Planet,0005DDF5,BohrIVPlanetData,73018,0,4,Inorganic,000057EB,ResInorgCommonUranium,Uranium,Common
Bohr,Bohr IV,Planet,0005DDF5,BohrIVPlanetData,73018,0,4,Inorganic,000057CE,ResInorgUncommonCobalt,Cobalt,Uncommon
Bohr,Bohr IV,Planet,0005DDF5,BohrIVPlanetData,73018,0,4,Inorganic,000057D0,ResInorgUncommonFluorine_G,Fluorine,Uncommon
Bohr,Bohr IV,Planet,0005DDF5,BohrIVPlanetData,73018,0,4,Inorganic,000057D2,ResInorgRareGold,Gold,Rare
Bohr,Bohr IV,Planet,0005DDF5,BohrIVPlanetData,73018,0,4,Inorganic,000057CC,ResInorgRarePlatinum,Platinum,Rare
Bohr,Bohr IV,Planet,0005DDF5,BohrIVPlanetData,73018,0,4,Inorganic,000057D3,ResInorgExoticAntimony,Antimony,Exotic
Bohr,Bohr V,Planet,0005DDF6,BohrVPlanetData,73018,0,5,Inorganic,000057D5,ResInorgCommonChlorine_G,Chlorine,Common
Bohr,Bohr V,Planet,0005DDF6,BohrVPlanetData,73018,0,5,Inorganic,000057C7,ResInorgCommonIron,Iron,Common
Bohr,Bohr V,Planet,0005DDF6,BohrVPlanetData,73018,0,5,Inorganic,000057EB,ResInorgCommonUranium,Uranium,Common
Bohr,Bohr V,Planet,0005DDF6,BohrVPlanetData,73018,0,5,Inorganic,000083EC,ResInorgCommonWater_L,Water,Common
Bohr,Bohr V,Planet,0005DDF6,BohrVPlanetData,73018,0,5,Inorganic,000057C9,ResInorgUncommonAlkanes_G,Alkanes,Uncommon
Bohr,Bohr V,Planet,0005DDF6,BohrVPlanetData,73018,0,5,Inorganic,000057E0,ResInorgExoticCaesium_L,Caesium,Exotic
Bohr,Bohr VI-a,Moon,0005DDF9,BohrVI-aPlanetData,73018,6,15,Inorganic,000057EA,ResInorgCommonArgon_G,Argon,Common
Bohr,Bohr VI-a,Moon,0005DDF9,BohrVI-aPlanetData,73018,6,15,Inorganic,000083EC,ResInorgCommonWater_L,Water,Common
Bohr,Bohr VI-a,Moon,0005DDF9,BohrVI-aPlanetData,73018,6,15,Inorganic,000057E7,ResInorgUncommonBenzene_G,Benzene,Uncommon
Bohr,Bohr VI-a,Moon,0005DDF9,BohrVI-aPlanetData,73018,6,15,Inorganic,000057E8,ResInorgRareCarboxylicAcids_L,CarboxylicAcids,Rare
Bohr,Bohr VI-b,Moon,0005DDF8,BohrVI-bPlanetData,73018,6,14,Inorganic,000057EA,ResInorgCommonArgon_G,Argon,Common
Bohr,Bohr VI-b,Moon,0005DDF8,BohrVI-bPlanetData,73018,6,14,Inorganic,000083EC,ResInorgCommonWater_L,Water,Common
Bohr,Bohr VI-b,Moon,0005DDF8,BohrVI-bPlanetData,73018,6,14,Inorganic,000057E8,ResInorgRareCarboxylicAcids_L,CarboxylicAcids,Rare
Bohr,Bohr VI-c,Moon,0005DDFA,BohrVI-cPlanetData,73018,6,16,Inorganic,000057D6,ResInorgCommonAluminum,Aluminum,Common
Bohr,Bohr VI-c,Moon,0005DDFA,BohrVI-cPlanetData,73018,6,16,Inorganic,000057F5,ResInorgCommonHelium3_G,Helium3,Common
Bohr,Bohr VI-d,Moon,0005DDFB,BohrVI-dPlanetData,73018,6,17,Inorganic,000057CF,ResInorgCommonCopper,Copper,Common
Bohr,Bohr VI-d,Moon,0005DDFB,BohrVI-dPlanetData,73018,6,17,Inorganic,000083EC,ResInorgCommonWater_L,Water,Common
Bohr,Bohr VI-d,Moon,0005DDFB,BohrVI-dPlanetData,73018,6,17,Inorganic,000057D2,ResInorgRareGold,Gold,Rare
Bohr,Bohr VII,Planet,0005DDFC,BohrVIIPlanetData,73018,0,7,Inorganic,000057D5,ResInorgCommonChlorine_G,Chlorine,Common
Bohr,Bohr VII,Planet,0005DDFC,BohrVIIPlanetData,73018,0,7,Inorganic,000057C7,ResInorgCommonIron,Iron,Common
Bohr,Bohr VII,Planet,0005DDFC,BohrVIIPlanetData,73018,0,7,Inorganic,000057C1,ResInorgCommonLead,Lead,Common
Bohr,Bohr VII,Planet,0005DDFC,BohrVIIPlanetData,73018,0,7,Inorganic,000083EC,ResInorgCommonWater_L,Water,Common
Bohr,Bohr VII,Planet,0005DDFC,BohrVIIPlanetData,73018,0,7,Inorganic,000057C4,ResInorgUncommonTungsten,Tungsten,Uncommon
Bohr,Bohr VIII,Planet,0005DDFD,BohrVIIIPlanetData,73018,0,8,Inorganic,000057EA,ResInorgCommonArgon_G,Argon,Common
Bohr,Bohr VIII,Planet,0005DDFD,BohrVIIIPlanetData,73018,0,8,Inorganic,000083EC,ResInorgCommonWater_L,Water,Common
Bolivar,Bolivar I,Planet,0005E547,BolivarIPlanetData,118818,0,1,Inorganic,000057D5,ResInorgCommonChlorine_G,Chlorine,Common
Bolivar,Bolivar I,Planet,0005E547,BolivarIPlanetData,118818,0,1,Inorganic,000057CF,ResInorgCommonCopper,Copper,Common
Bolivar,Bolivar I,Planet,0005E547,BolivarIPlanetData,118818,0,1,Inorganic,000057C1,ResInorgCommonLead,Lead,Common
Bolivar,Bolivar I,Planet,0005E547,BolivarIPlanetData,118818,0,1,Inorganic,000057CB,ResInorgCommonNickel,Nickel,Common
Bolivar,Bolivar I,Planet,0005E547,BolivarIPlanetData,118818,0,1,Inorganic,000083EC,ResInorgCommonWater_L,Water,Common
Bolivar,Bolivar I,Planet,0005E547,BolivarIPlanetData,118818,0,1,Inorganic,000057C4,ResInorgUncommonTungsten,Tungsten,Uncommon
Bolivar,Bolivar I,Planet,0005E547,BolivarIPlanetData,118818,0,1,Organic,00077821,ResOrgCommonFiber,Fiber,Common
Bolivar,Bolivar I,Planet,0005E547,BolivarIPlanetData,118818,0,1,Organic,00224641,ResOrgCommonMetabolicAgentFaunaHerbivore,MetabolicAgent,Common
Bolivar,Bolivar I,Planet,0005E547,BolivarIPlanetData,118818,0,1,Organic,000777E6,ResOrgCommonNutrient,Nutrient,Common
Bolivar,Bolivar I,Planet,0005E547,BolivarIPlanetData,118818,0,1,Organic,0007782D,ResOrgCommonSealant,Sealant,Common
Bolivar,Bolivar I,Planet,0005E547,BolivarIPlanetData,118818,0,1,Organic,000777FA,ResOrgCommonStructural,Structural,Common
Bolivar,Bolivar I,Planet,0005E547,BolivarIPlanetData,118818,0,1,Organic,0022463E,ResOrgCommonToxinFaunaHerbivore,Toxin,Common
Bolivar,Bolivar I,Planet,0005E547,BolivarIPlanetData,118818,0,1,Organic,00224650,ResOrgRareHallucinogenFaunaCarnivore,Hallucinogen,Rare
Bradbury,Bradbury I,Planet,0005E1FD,BradburyIPlanetData,81444,0,1,Inorganic,000057F5,ResInorgCommonHelium3_G,Helium3,Common
Bradbury,Bradbury I,Planet,0005E1FD,BradburyIPlanetData,81444,0,1,Inorganic,000057C7,ResInorgCommonIron,Iron,Common
Bradbury,Bradbury I,Planet,0005E1FD,BradburyIPlanetData,81444,0,1,Inorganic,000057C9,ResInorgUncommonAlkanes_G,Alkanes,Uncommon
Bradbury,Bradbury I,Planet,0005E1FD,BradburyIPlanetData,81444,0,1,Inorganic,000057CA,ResInorgExoticYtterbium,Ytterbium,Exotic
Bradbury,Bradbury I-a,Moon,0005E1FF,BradburyI-aPlanetData,81444,1,8,Inorganic,000057D6,ResInorgCommonAluminum,Aluminum,Common
Bradbury,Bradbury I-a,Moon,0005E1FF,BradburyI-aPlanetData,81444,1,8,Inorganic,000057F5,ResInorgCommonHelium3_G,Helium3,Common
Bradbury,Bradbury I-b,Moon,0005E1FE,BradburyI-bPlanetData,81444,1,7,Inorganic,000057D6,ResInorgCommonAluminum,Aluminum,Common
Bradbury,Bradbury I-b,Moon,0005E1FE,BradburyI-bPlanetData,81444,1,7,Inorganic,000057F5,ResInorgCommonHelium3_G,Helium3,Common
Bradbury,Bradbury II,Planet,0005E200,BradburyIIPlanetData,81444,0,2,Inorganic,000057C7,ResInorgCommonIron,Iron,Common
Bradbury,Bradbury II,Planet,0005E200,BradburyIIPlanetData,81444,0,2,Inorganic,000057C1,ResInorgCommonLead,Lead,Common
Bradbury,Bradbury II,Planet,0005E200,BradburyIIPlanetData,81444,0,2,Inorganic,000057EB,ResInorgCommonUranium,Uranium,Common
Bradbury,Bradbury II,Planet,0005E200,BradburyIIPlanetData,81444,0,2,Inorganic,000057C9,ResInorgUncommonAlkanes_G,Alkanes,Uncommon
Bradbury,Bradbury II,Planet,0005E200,BradburyIIPlanetData,81444,0,2,Inorganic,000057EC,ResInorgUncommonIridium,Iridium,Uncommon
Bradbury,Bradbury II,Planet,0005E200,BradburyIIPlanetData,81444,0,2,Inorganic,000057C4,ResInorgUncommonTungsten,Tungsten,Uncommon
Bradbury,Bradbury II,Planet,0005E200,BradburyIIPlanetData,81444,0,2,Inorganic,000057C8,ResInorgRareTantalum,Tantalum,Rare
Bradbury,Bradbury II,Planet,0005E200,BradburyIIPlanetData,81444,0,2,Inorganic,000057CA,ResInorgExoticYtterbium,Ytterbium,Exotic
Bradbury,Bradbury III,Planet,0005E201,BradburyIIIPlanetData,81444,0,3,Inorganic,000057D5,ResInorgCommonChlorine_G,Chlorine,Common
Bradbury,Bradbury III,Planet,0005E201,BradburyIIIPlanetData,81444,0,3,Inorganic,000057C1,ResInorgCommonLead,Lead,Common
Bradbury,Bradbury III,Planet,0005E201,BradburyIIIPlanetData,81444,0,3,Inorganic,000057CB,ResInorgCommonNickel,Nickel,Common
Bradbury,Bradbury III,Planet,0005E201,BradburyIIIPlanetData,81444,0,3,Inorganic,000057EB,ResInorgCommonUranium,Uranium,Common
Bradbury,Bradbury III,Planet,0005E201,BradburyIIIPlanetData,81444,0,3,Inorganic,000083EC,ResInorgCommonWater_L,Water,Common
Bradbury,Bradbury III,Planet,0005E201,BradburyIIIPlanetData,81444,0,3,Inorganic,000057D7,ResInorgUncommonChlorosilanes_L,Chlorosilanes,Uncommon
Bradbury,Bradbury III,Planet,0005E201,BradburyIIIPlanetData,81444,0,3,Inorganic,000057CE,ResInorgUncommonCobalt,Cobalt,Uncommon
Bradbury,Bradbury III,Planet,0005E201,BradburyIIIPlanetData,81444,0,3,Inorganic,000057C6,ResInorgRareTitanium,Titanium,Rare
Bradbury,Bradbury III,Planet,0005E201,BradburyIIIPlanetData,81444,0,3,Organic,0022465E,ResOrgCommonMetabolicAgentFaunaCarnivore,MetabolicAgent,Common
Bradbury,Bradbury III,Planet,0005E201,BradburyIIIPlanetData,81444,0,3,Organic,000777FA,ResOrgCommonStructural,Structural,Common
Bradbury,Bradbury III,Planet,0005E201,BradburyIIIPlanetData,81444,0,3,Organic,0022462C,ResOrgCommonStructuralFaunaHerbivore,Structural,Common
Bradbury,Bradbury III,Planet,0005E201,BradburyIIIPlanetData,81444,0,3,Organic,00077823,ResOrgCommonToxin,Toxin,Common
Bradbury,Bradbury III,Planet,0005E201,BradburyIIIPlanetData,81444,0,3,Organic,00077820,ResOrgUncommonAntimicrobial,Antimicrobial,Uncommon
Bradbury,Bradbury III,Planet,0005E201,BradburyIIIPlanetData,81444,0,3,Organic,00224631,ResOrgUncommonCosmeticFaunaHerbivore,Cosmetic,Uncommon
Bradbury,Bradbury III,Planet,0005E201,BradburyIIIPlanetData,81444,0,3,Organic,00224654,ResOrgRareAdhesiveFaunaCarnivore,Adhesive,Rare
Bradbury,Bradbury IV,Planet,0005E202,BradburyIVPlanetData,81444,0,4,Inorganic,000057EA,ResInorgCommonArgon_G,Argon,Common
Bradbury,Bradbury IV,Planet,0005E202,BradburyIVPlanetData,81444,0,4,Inorganic,000057EB,ResInorgCommonUranium,Uranium,Common
Bradbury,Bradbury IV,Planet,0005E202,BradburyIVPlanetData,81444,0,4,Inorganic,000083EC,ResInorgCommonWater_L,Water,Common
Bradbury,Bradbury IV,Planet,0005E202,BradburyIVPlanetData,81444,0,4,Inorganic,000057E7,ResInorgUncommonBenzene_G,Benzene,Uncommon
Bradbury,Bradbury IV,Planet,0005E202,BradburyIVPlanetData,81444,0,4,Organic,000777E6,ResOrgCommonNutrient,Nutrient,Common
Bradbury,Bradbury IV,Planet,0005E202,BradburyIVPlanetData,81444,0,4,Organic,0022462E,ResOrgCommonSealantFaunaHerbivore,Sealant,Common
Bradbury,Bradbury IV,Planet,0005E202,BradburyIVPlanetData,81444,0,4,Organic,00077823,ResOrgCommonToxin,Toxin,Common
Bradbury,Bradbury IV,Planet,0005E202,BradburyIVPlanetData,81444,0,4,Organic,002246D8,ResOrgUncommonAntimicrobialFaunaHerbivore,Antimicrobial,Uncommon
Bradbury,Bradbury IV,Planet,0005E202,BradburyIVPlanetData,81444,0,4,Organic,0022463F,ResOrgUncommonOrnamentalFaunaHerbivore,Ornamental,Uncommon
Bradbury,Bradbury IV,Planet,0005E202,BradburyIVPlanetData,81444,0,4,Organic,0029F403,ResOrgRareHallucinogen,Hallucinogen,Rare
Bradbury,Bradbury IV,Planet,0005E202,BradburyIVPlanetData,81444,0,4,Organic,00224650,ResOrgRareHallucinogenFaunaCarnivore,Hallucinogen,Rare
Bradbury,Bradbury IV-a,Moon,0005E203,BradburyIV-aPlanetData,81444,4,9,Inorganic,000057D6,ResInorgCommonAluminum,Aluminum,Common
Bradbury,Bradbury IV-a,Moon,0005E203,BradburyIV-aPlanetData,81444,4,9,Inorganic,000057F5,ResInorgCommonHelium3_G,Helium3,Common
Bradbury,Bradbury IV-a,Moon,0005E203,BradburyIV-aPlanetData,81444,4,9,Inorganic,000057E2,ResInorgExoticEuropium,Europium,Exotic
Bradbury,Bradbury V-a,Moon,0005E205,BradburyV-aPlanetData,81444,5,10,Inorganic,000057D5,ResInorgCommonChlorine_G,Chlorine,Common
Bradbury,Bradbury V-a,Moon,0005E205,BradburyV-aPlanetData,81444,5,10,Inorganic,000083EC,ResInorgCommonWater_L,Water,Common
Bradbury,Bradbury V-a,Moon,0005E205,BradburyV-aPlanetData,81444,5,10,Inorganic,000057D7,ResInorgUncommonChlorosilanes_L,Chlorosilanes,Uncommon
Carinae,Carinae I,Planet,0005E4D6,CarinaeIPlanetData,118021,0,1,Inorganic,000057D6,ResInorgCommonAluminum,Aluminum,Common
Carinae,Carinae I,Planet,0005E4D6,CarinaeIPlanetData,118021,0,1,Inorganic,000057F5,ResInorgCommonHelium3_G,Helium3,Common
Carinae,Carinae II,Planet,0005E4D8,CarinaeIIPlanetData,118021,0,2,Inorganic,000057D6,ResInorgCommonAluminum,Aluminum,Common
Carinae,Carinae II,Planet,0005E4D8,CarinaeIIPlanetData,118021,0,2,Inorganic,000057EA,ResInorgCommonArgon_G,Argon,Common
Carinae,Carinae II,Planet,0005E4D8,CarinaeIIPlanetData,118021,0,2,Inorganic,000057F5,ResInorgCommonHelium3_G,Helium3,Common
Carinae,Carinae II,Planet,0005E4D8,CarinaeIIPlanetData,118021,0,2,Inorganic,000083EC,ResInorgCommonWater_L,Water,Common
Carinae,Carinae II,Planet,0005E4D8,CarinaeIIPlanetData,118021,0,2,Inorganic,000057DB,ResInorgRareNeodymium,Neodymium,Rare
Carinae,Carinae II,Planet,0005E4D8,CarinaeIIPlanetData,118021,0,2,Inorganic,000057E9,ResInorgExoticNeon_G,Neon,Exotic
Carinae,Carinae II-a,Moon,0005E4D7,CarinaeII-aPlanetData,118021,2,16,Inorganic,000057D6,ResInorgCommonAluminum,Aluminum,Common
Carinae,Carinae II-a,Moon,0005E4D7,CarinaeII-aPlanetData,118021,2,16,Inorganic,000057F5,ResInorgCommonHelium3_G,Helium3,Common
Carinae,Carinae II-a,Moon,0005E4D7,CarinaeII-aPlanetData,118021,2,16,Inorganic,000057D8,ResInorgUncommonBeryllium,Beryllium,Uncommon
Carinae,Carinae III-a,Moon,0005E4DA,CarinaeIII-aPlanetData,118021,3,8,Inorganic,000057C7,ResInorgCommonIron,Iron,Common
Carinae,Carinae III-a,Moon,0005E4DA,CarinaeIII-aPlanetData,118021,3,8,Inorganic,000057C1,ResInorgCommonLead,Lead,Common
Carinae,Carinae III-a,Moon,0005E4DA,CarinaeIII-aPlanetData,118021,3,8,Inorganic,000083EC,ResInorgCommonWater_L,Water,Common
Carinae,Carinae III-a,Moon,0005E4DA,CarinaeIII-aPlanetData,118021,3,8,Inorganic,000057C9,ResInorgUncommonAlkanes_G,Alkanes,Uncommon
Carinae,Carinae III-a,Moon,0005E4DA,CarinaeIII-aPlanetData,118021,3,8,Inorganic,00005DF1,ResInorgUniqueRothicite,Rothicite,Unique
Carinae,Carinae III-b,Moon,0005E4DB,CarinaeIII-bPlanetData,118021,3,9,Inorganic,000057C1,ResInorgCommonLead,Lead,Common
Carinae,Carinae III-b,Moon,0005E4DB,CarinaeIII-bPlanetData,118021,3,9,Inorganic,000083EC,ResInorgCommonWater_L,Water,Common
Carinae,Carinae III-b,Moon,0005E4DB,CarinaeIII-bPlanetData,118021,3,9,Inorganic,0027C499,ResInorgRareMercury_L,Mercury,Rare
Carinae,Carinae III-c,Moon,0005E4DD,CarinaeIII-cPlanetData,118021,3,11,Inorganic,000057C1,ResInorgCommonLead,Lead,Common
Carinae,Carinae III-c,Moon,0005E4DD,CarinaeIII-cPlanetData,118021,3,11,Inorganic,000083EC,ResInorgCommonWater_L,Water,Common
Carinae,Carinae III-d,Moon,0005E4DC,CarinaeIII-dPlanetData,118021,3,10,Inorganic,000057EA,ResInorgCommonArgon_G,Argon,Common
Carinae,Carinae III-d,Moon,0005E4DC,CarinaeIII-dPlanetData,118021,3,10,Inorganic,000083EC,ResInorgCommonWater_L,Water,Common
Carinae,Carinae III-d,Moon,0005E4DC,CarinaeIII-dPlanetData,118021,3,10,Inorganic,000057E7,ResInorgUncommonBenzene_G,Benzene,Uncommon
Carinae,Carinae IV-a,Moon,0005E4DF,CarinaeIV-aPlanetData,118021,4,12,Inorganic,000057CF,ResInorgCommonCopper,Copper,Common
Carinae,Carinae IV-a,Moon,0005E4DF,CarinaeIV-aPlanetData,118021,4,12,Inorganic,000083EC,ResInorgCommonWater_L,Water,Common
Carinae,Carinae V-a,Moon,0005E4E2,CarinaeV-aPlanetData,118021,5,14,Inorganic,000057CF,ResInorgCommonCopper,Copper,Common
Carinae,Carinae V-a,Moon,0005E4E2,CarinaeV-aPlanetData,118021,5,14,Inorganic,000083EC,ResInorgCommonWater_L,Water,Common
Carinae,Carinae V-a,Moon,0005E4E2,CarinaeV-aPlanetData,118021,5,14,Inorganic,000057D1,ResInorgRareTetrafluorides_G,Tetrafluorides,Rare
Carinae,Carinae V-b,Moon,0005E4E3,CarinaeV-bPlanetData,118021,5,15,Inorganic,000057D5,ResInorgCommonChlorine_G,Chlorine,Common
Carinae,Carinae V-b,Moon,0005E4E3,CarinaeV-bPlanetData,118021,5,15,Inorganic,000083EC,ResInorgCommonWater_L,Water,Common
Carinae,Carinae V-b,Moon,0005E4E3,CarinaeV-bPlanetData,118021,5,15,Inorganic,000057D7,ResInorgUncommonChlorosilanes_L,Chlorosilanes,Uncommon
Carinae,Carinae V-b,Moon,0005E4E3,CarinaeV-bPlanetData,118021,5,15,Inorganic,000057E0,ResInorgExoticCaesium_L,Caesium,Exotic
Carinae,Carinae V-c,Moon,0005E4E1,CarinaeV-cPlanetData,118021,5,13,Inorganic,000057D5,ResInorgCommonChlorine_G,Chlorine,Common
Carinae,Carinae V-c,Moon,0005E4E1,CarinaeV-cPlanetData,118021,5,13,Inorganic,000057C1,ResInorgCommonLead,Lead,Common
Carinae,Carinae V-c,Moon,0005E4E1,CarinaeV-cPlanetData,118021,5,13,Inorganic,000057CB,ResInorgCommonNickel,Nickel,Common
Carinae,Carinae V-c,Moon,0005E4E1,CarinaeV-cPlanetData,118021,5,13,Inorganic,000083EC,ResInorgCommonWater_L,Water,Common
Carinae,Carinae V-c,Moon,0005E4E1,CarinaeV-cPlanetData,118021,5,13,Inorganic,000057D7,ResInorgUncommonChlorosilanes_L,Chlorosilanes,Uncommon
Carinae,Carinae V-c,Moon,0005E4E1,CarinaeV-cPlanetData,118021,5,13,Inorganic,000057C4,ResInorgUncommonTungsten,Tungsten,Uncommon
Carinae,Carinae V-c,Moon,0005E4E1,CarinaeV-cPlanetData,118021,5,13,Inorganic,000057CD,ResInorgExoticPalladium,Palladium,Exotic
Carinae,Carinae V-c,Moon,0005E4E1,CarinaeV-cPlanetData,118021,5,13,Inorganic,000057DC,ResInorgExoticXenon_G,Xenon,Exotic
Celebrai,Celebrai I,Planet,0005DE80,CelabraiIPlanetData,86475,0,1,Inorganic,000057C7,ResInorgCommonIron,Iron,Common
Celebrai,Celebrai I,Planet,0005DE80,CelabraiIPlanetData,86475,0,1,Inorganic,000057EB,ResInorgCommonUranium,Uranium,Common
Celebrai,Celebrai I,Planet,0005DE80,CelabraiIPlanetData,86475,0,1,Inorganic,000057C9,ResInorgUncommonAlkanes_G,Alkanes,Uncommon
Celebrai,Celebrai I,Planet,0005DE80,CelabraiIPlanetData,86475,0,1,Inorganic,000057C8,ResInorgRareTantalum,Tantalum,Rare
Celebrai,Celebrai I,Planet,0005DE80,CelabraiIPlanetData,86475,0,1,Inorganic,000057CA,ResInorgExoticYtterbium,Ytterbium,Exotic
Celebrai,Celebrai II,Planet,0005DE81,CelabraiIIPlanetData,86475,0,2,Inorganic,000057D5,ResInorgCommonChlorine_G,Chlorine,Common
Celebrai,Celebrai II,Planet,0005DE81,CelabraiIIPlanetData,86475,0,2,Inorganic,000057CF,ResInorgCommonCopper,Copper,Common
Celebrai,Celebrai II,Planet,0005DE81,CelabraiIIPlanetData,86475,0,2,Inorganic,000057C7,ResInorgCommonIron,Iron,Common
Celebrai,Celebrai II,Planet,0005DE81,CelabraiIIPlanetData,86475,0,2,Inorganic,000083EC,ResInorgCommonWater_L,Water,Common
Celebrai,Celebrai II,Planet,0005DE81,CelabraiIIPlanetData,86475,0,2,Inorganic,000057C9,ResInorgUncommonAlkanes_G,Alkanes,Uncommon
Celebrai,Celebrai II,Planet,0005DE81,CelabraiIIPlanetData,86475,0,2,Inorganic,000057D7,ResInorgUncommonChlorosilanes_L,Chlorosilanes,Uncommon
Celebrai,Celebrai II,Planet,0005DE81,CelabraiIIPlanetData,86475,0,2,Inorganic,000057D2,ResInorgRareGold,Gold,Rare
Celebrai,Celebrai II,Planet,0005DE81,CelabraiIIPlanetData,86475,0,2,Organic,00077821,ResOrgCommonFiber,Fiber,Common
Celebrai,Celebrai II,Planet,0005DE81,CelabraiIIPlanetData,86475,0,2,Organic,0029F3FD,ResOrgCommonMetabolicAgent,MetabolicAgent,Common
Celebrai,Celebrai II,Planet,0005DE81,CelabraiIIPlanetData,86475,0,2,Organic,00224640,ResOrgCommonNutrientFaunaHerbivore,Nutrient,Common
Celebrai,Celebrai II,Planet,0005DE81,CelabraiIIPlanetData,86475,0,2,Organic,0007782D,ResOrgCommonSealant,Sealant,Common
Celebrai,Celebrai II,Planet,0005DE81,CelabraiIIPlanetData,86475,0,2,Organic,000777FA,ResOrgCommonStructural,Structural,Common
Celebrai,Celebrai II,Planet,0005DE81,CelabraiIIPlanetData,86475,0,2,Organic,00077823,ResOrgCommonToxin,Toxin,Common
Celebrai,Celebrai II,Planet,0005DE81,CelabraiIIPlanetData,86475,0,2,Organic,0022463F,ResOrgUncommonOrnamentalFaunaHerbivore,Ornamental,Uncommon
Celebrai,Celebrai II,Planet,0005DE81,CelabraiIIPlanetData,86475,0,2,Organic,0029F401,ResOrgUncommonPigment,Pigment,Uncommon
Celebrai,Celebrai II,Planet,0005DE81,CelabraiIIPlanetData,86475,0,2,Organic,0022462D,ResOrgUncommonSpiceFaunaHerbivore,Spice,Uncommon
Celebrai,Celebrai II,Planet,0005DE81,CelabraiIIPlanetData,86475,0,2,Organic,00224653,ResOrgRareAminoAcidsFaunaCarnivore,AminoAcids,Rare
Celebrai,Celebrai II,Planet,0005DE81,CelabraiIIPlanetData,86475,0,2,Organic,00224635,ResOrgRareAnalgesicFaunaHerbivore,Analgesic,Rare
Celebrai,Celebrai II,Planet,0005DE81,CelabraiIIPlanetData,86475,0,2,Organic,00224650,ResOrgRareHallucinogenFaunaCarnivore,Hallucinogen,Rare
Celebrai,Celebrai II,Planet,0005DE81,CelabraiIIPlanetData,86475,0,2,Organic,00224632,ResOrgRareSedativeFaunaHerbivore,Sedative,Rare
Celebrai,Celebrai II,Planet,0005DE81,CelabraiIIPlanetData,86475,0,2,Organic,0022463B,ResOrgExoticLubricantFaunaHerbivore,Lubricant,Exotic
Celebrai,Celebrai III-a,Moon,0005DE83,CelabraiIII-aPlanetData,86475,3,6,Inorganic,000057EA,ResInorgCommonArgon_G,Argon,Common
Celebrai,Celebrai III-a,Moon,0005DE83,CelabraiIII-aPlanetData,86475,3,6,Inorganic,000083EC,ResInorgCommonWater_L,Water,Common
Celebrai,Celebrai III-a,Moon,0005DE83,CelabraiIII-aPlanetData,86475,3,6,Inorganic,000057E9,ResInorgExoticNeon_G,Neon,Exotic
Celebrai,Celebrai III-b,Moon,0005DE84,CelabraiIII-bPlanetData,86475,3,7,Inorganic,000057CF,ResInorgCommonCopper,Copper,Common
Celebrai,Celebrai III-b,Moon,0005DE84,CelabraiIII-bPlanetData,86475,3,7,Inorganic,000083EC,ResInorgCommonWater_L,Water,Common
Celebrai,Celebrai III-c,Moon,0005DE85,CelabraiIII-cPlanetData,86475,3,8,Inorganic,000057EA,ResInorgCommonArgon_G,Argon,Common
Celebrai,Celebrai III-c,Moon,0005DE85,CelabraiIII-cPlanetData,86475,3,8,Inorganic,000083EC,ResInorgCommonWater_L,Water,Common
Celebrai,Celebrai III-c,Moon,0005DE85,CelabraiIII-cPlanetData,86475,3,8,Inorganic,000057E7,ResInorgUncommonBenzene_G,Benzene,Uncommon
Celebrai,Celebrai III-c,Moon,0005DE85,CelabraiIII-cPlanetData,86475,3,8,Inorganic,000057E9,ResInorgExoticNeon_G,Neon,Exotic
Celebrai,Celebrai IV,Planet,0005DE86,CelabraiIVPlanetData,86475,0,4,Inorganic,000057D6,ResInorgCommonAluminum,Aluminum,Common
Celebrai,Celebrai IV,Planet,0005DE86,CelabraiIVPlanetData,86475,0,4,Inorganic,000057F5,ResInorgCommonHelium3_G,Helium3,Common
Celebrai,Celebrai IV,Planet,0005DE86,CelabraiIVPlanetData,86475,0,4,Inorganic,000057D8,ResInorgUncommonBeryllium,Beryllium,Uncommon
Charybdis,Charybdis I,Planet,0005E007,CharybdisIPlanetData,56075,0,1,Inorganic,000057C7,ResInorgCommonIron,Iron,Common
Charybdis,Charybdis I,Planet,0005E007,CharybdisIPlanetData,56075,0,1,Inorganic,000057C1,ResInorgCommonLead,Lead,Common
Charybdis,Charybdis I,Planet,0005E007,CharybdisIPlanetData,56075,0,1,Inorganic,000057EB,ResInorgCommonUranium,Uranium,Common
Charybdis,Charybdis II,Planet,0005E008,CharybdisIIPlanetData,56075,0,2,Inorganic,000057D6,ResInorgCommonAluminum,Aluminum,Common
Charybdis,Charybdis II,Planet,0005E008,CharybdisIIPlanetData,56075,0,2,Inorganic,000057EA,ResInorgCommonArgon_G,Argon,Common
Charybdis,Charybdis II,Planet,0005E008,CharybdisIIPlanetData,56075,0,2,Inorganic,000057D5,ResInorgCommonChlorine_G,Chlorine,Common
Charybdis,Charybdis II,Planet,0005E008,CharybdisIIPlanetData,56075,0,2,Inorganic,000083EC,ResInorgCommonWater_L,Water,Common
Charybdis,Charybdis II,Planet,0005E008,CharybdisIIPlanetData,56075,0,2,Inorganic,000057D8,ResInorgUncommonBeryllium,Beryllium,Uncommon
Charybdis,Charybdis II,Planet,0005E008,CharybdisIIPlanetData,56075,0,2,Inorganic,000057D7,ResInorgUncommonChlorosilanes_L,Chlorosilanes,Uncommon
Charybdis,Charybdis II,Planet,0005E008,CharybdisIIPlanetData,56075,0,2,Inorganic,000057DB,ResInorgRareNeodymium,Neodymium,Rare
Charybdis,Charybdis II,Planet,0005E008,CharybdisIIPlanetData,56075,0,2,Inorganic,000057E2,ResInorgExoticEuropium,Europium,Exotic
Charybdis,Charybdis II,Planet,0005E008,CharybdisIIPlanetData,56075,0,2,Organic,00077821,ResOrgCommonFiber,Fiber,Common
Charybdis,Charybdis II,Planet,0005E008,CharybdisIIPlanetData,56075,0,2,Organic,0029F3FD,ResOrgCommonMetabolicAgent,MetabolicAgent,Common
Charybdis,Charybdis II,Planet,0005E008,CharybdisIIPlanetData,56075,0,2,Organic,000777E6,ResOrgCommonNutrient,Nutrient,Common
Charybdis,Charybdis II,Planet,0005E008,CharybdisIIPlanetData,56075,0,2,Organic,00224640,ResOrgCommonNutrientFaunaHerbivore,Nutrient,Common
Charybdis,Charybdis II,Planet,0005E008,CharybdisIIPlanetData,56075,0,2,Organic,0007782D,ResOrgCommonSealant,Sealant,Common
Charybdis,Charybdis II,Planet,0005E008,CharybdisIIPlanetData,56075,0,2,Organic,0022462E,ResOrgCommonSealantFaunaHerbivore,Sealant,Common
Charybdis,Charybdis II,Planet,0005E008,CharybdisIIPlanetData,56075,0,2,Organic,000777FA,ResOrgCommonStructural,Structural,Common
Charybdis,Charybdis II,Planet,0005E008,CharybdisIIPlanetData,56075,0,2,Organic,0022462C,ResOrgCommonStructuralFaunaHerbivore,Structural,Common
Charybdis,Charybdis II,Planet,0005E008,CharybdisIIPlanetData,56075,0,2,Organic,00077823,ResOrgCommonToxin,Toxin,Common
Charybdis,Charybdis II,Planet,0005E008,CharybdisIIPlanetData,56075,0,2,Organic,000777F8,ResOrgUncommonCosmetic,Cosmetic,Uncommon
Charybdis,Charybdis II,Planet,0005E008,CharybdisIIPlanetData,56075,0,2,Organic,00224630,ResOrgUncommonMembraneFaunaHerbivore,Membrane,Uncommon
Charybdis,Charybdis II,Planet,0005E008,CharybdisIIPlanetData,56075,0,2,Organic,00077822,ResOrgUncommonOrnamental,Ornamental,Uncommon
Charybdis,Charybdis II,Planet,0005E008,CharybdisIIPlanetData,56075,0,2,Organic,0022465C,ResOrgUncommonOrnamentalFaunaCarnivore,Ornamental,Uncommon
Charybdis,Charybdis II,Planet,0005E008,CharybdisIIPlanetData,56075,0,2,Organic,0022462F,ResOrgUncommonPigmentFaunaHerbivore,Pigment,Uncommon
Charybdis,Charybdis II,Planet,0005E008,CharybdisIIPlanetData,56075,0,2,Organic,0022462D,ResOrgUncommonSpiceFaunaHerbivore,Spice,Uncommon
Charybdis,Charybdis II,Planet,0005E008,CharybdisIIPlanetData,56075,0,2,Organic,00224654,ResOrgRareAdhesiveFaunaCarnivore,Adhesive,Rare
Charybdis,Charybdis II,Planet,0005E008,CharybdisIIPlanetData,56075,0,2,Organic,00224653,ResOrgRareAminoAcidsFaunaCarnivore,AminoAcids,Rare
Charybdis,Charybdis II,Planet,0005E008,CharybdisIIPlanetData,56075,0,2,Organic,00224659,ResOrgExoticHypercatalystFaunaCarnivore,Hypercatalyst,Exotic
Charybdis,Charybdis III,Planet,0005E009,CharybdisIIIPlanetData,56075,0,3,Inorganic,000057D5,ResInorgCommonChlorine_G,Chlorine,Common
Charybdis,Charybdis III,Planet,0005E009,CharybdisIIIPlanetData,56075,0,3,Inorganic,000057CF,ResInorgCommonCopper,Copper,Common
Charybdis,Charybdis III,Planet,0005E009,CharybdisIIIPlanetData,56075,0,3,Inorganic,000083EC,ResInorgCommonWater_L,Water,Common
Charybdis,Charybdis III,Planet,0005E009,CharybdisIIIPlanetData,56075,0,3,Inorganic,000057D7,ResInorgUncommonChlorosilanes_L,Chlorosilanes,Uncommon
Charybdis,Charybdis III,Planet,0005E009,CharybdisIIIPlanetData,56075,0,3,Inorganic,000057E0,ResInorgExoticCaesium_L,Caesium,Exotic
Charybdis,Charybdis III,Planet,0005E009,CharybdisIIIPlanetData,56075,0,3,Organic,00077821,ResOrgCommonFiber,Fiber,Common
Charybdis,Charybdis III,Planet,0005E009,CharybdisIIIPlanetData,56075,0,3,Organic,00224640,ResOrgCommonNutrientFaunaHerbivore,Nutrient,Common
Charybdis,Charybdis III,Planet,0005E009,CharybdisIIIPlanetData,56075,0,3,Organic,0007782D,ResOrgCommonSealant,Sealant,Common
Charybdis,Charybdis III,Planet,0005E009,CharybdisIIIPlanetData,56075,0,3,Organic,000777FA,ResOrgCommonStructural,Structural,Common
Charybdis,Charybdis III,Planet,0005E009,CharybdisIIIPlanetData,56075,0,3,Organic,00224631,ResOrgUncommonCosmeticFaunaHerbivore,Cosmetic,Uncommon
Charybdis,Charybdis III,Planet,0005E009,CharybdisIIIPlanetData,56075,0,3,Organic,00224630,ResOrgUncommonMembraneFaunaHerbivore,Membrane,Uncommon
Charybdis,Charybdis III,Planet,0005E009,CharybdisIIIPlanetData,56075,0,3,Organic,0022465C,ResOrgUncommonOrnamentalFaunaCarnivore,Ornamental,Uncommon
Charybdis,Charybdis III,Planet,0005E009,CharybdisIIIPlanetData,56075,0,3,Organic,0022462D,ResOrgUncommonSpiceFaunaHerbivore,Spice,Uncommon
Charybdis,Charybdis III,Planet,0005E009,CharybdisIIIPlanetData,56075,0,3,Organic,00224650,ResOrgRareHallucinogenFaunaCarnivore,Hallucinogen,Rare
Charybdis,Charybdis III,Planet,0005E009,CharybdisIIIPlanetData,56075,0,3,Organic,0022463B,ResOrgExoticLubricantFaunaHerbivore,Lubricant,Exotic
Charybdis,Charybdis III,Planet,0005E009,CharybdisIIIPlanetData,56075,0,3,Organic,00224655,ResOrgExoticSolventFaunaCarnivore,Solvent,Exotic
Charybdis,Charybdis IV,Planet,0005E00A,CharybdisIVPlanetData,56075,0,4,Inorganic,000057CF,ResInorgCommonCopper,Copper,Common
Charybdis,Charybdis IV,Planet,0005E00A,CharybdisIVPlanetData,56075,0,4,Inorganic,000057CB,ResInorgCommonNickel,Nickel,Common
Charybdis,Charybdis IV,Planet,0005E00A,CharybdisIVPlanetData,56075,0,4,Inorganic,000057EB,ResInorgCommonUranium,Uranium,Common
Charybdis,Charybdis IV,Planet,0005E00A,CharybdisIVPlanetData,56075,0,4,Inorganic,000083EC,ResInorgCommonWater_L,Water,Common
Charybdis,Charybdis IV,Planet,0005E00A,CharybdisIVPlanetData,56075,0,4,Inorganic,000057CE,ResInorgUncommonCobalt,Cobalt,Uncommon
Charybdis,Charybdis IV,Planet,0005E00A,CharybdisIVPlanetData,56075,0,4,Inorganic,000057EC,ResInorgUncommonIridium,Iridium,Uncommon
Charybdis,Charybdis IV,Planet,0005E00A,CharybdisIVPlanetData,56075,0,4,Inorganic,000057D2,ResInorgRareGold,Gold,Rare
Charybdis,Charybdis IV,Planet,0005E00A,CharybdisIVPlanetData,56075,0,4,Organic,000777E6,ResOrgCommonNutrient,Nutrient,Common
Charybdis,Charybdis IV,Planet,0005E00A,CharybdisIVPlanetData,56075,0,4,Organic,000777FA,ResOrgCommonStructural,Structural,Common
Charybdis,Charybdis IV-a,Moon,0005E00B,CharybdisIV-aPlanetData,56075,4,11,Inorganic,000057D6,ResInorgCommonAluminum,Aluminum,Common
Charybdis,Charybdis IV-a,Moon,0005E00B,CharybdisIV-aPlanetData,56075,4,11,Inorganic,000057F5,ResInorgCommonHelium3_G,Helium3,Common
Charybdis,Charybdis IV-a,Moon,0005E00B,CharybdisIV-aPlanetData,56075,4,11,Inorganic,000057DB,ResInorgRareNeodymium,Neodymium,Rare
Charybdis,Charybdis IX,Planet,0005E019,CharybdisIXPlanetData,56075,0,9,Inorganic,000057D5,ResInorgCommonChlorine_G,Chlorine,Common
Charybdis,Charybdis IX,Planet,0005E019,CharybdisIXPlanetData,56075,0,9,Inorganic,000083EC,ResInorgCommonWater_L,Water,Common
Charybdis,Charybdis V,Planet,0005E00C,CharybdisVPlanetData,56075,0,5,Inorganic,000057D5,ResInorgCommonChlorine_G,Chlorine,Common
Charybdis,Charybdis V,Planet,0005E00C,CharybdisVPlanetData,56075,0,5,Inorganic,000057CF,ResInorgCommonCopper,Copper,Common
Charybdis,Charybdis V,Planet,0005E00C,CharybdisVPlanetData,56075,0,5,Inorganic,000057C1,ResInorgCommonLead,Lead,Common
Charybdis,Charybdis V,Planet,0005E00C,CharybdisVPlanetData,56075,0,5,Inorganic,000083EC,ResInorgCommonWater_L,Water,Common
Charybdis,Charybdis V,Planet,0005E00C,CharybdisVPlanetData,56075,0,5,Inorganic,000057C4,ResInorgUncommonTungsten,Tungsten,Uncommon
Charybdis,Charybdis V,Planet,0005E00C,CharybdisVPlanetData,56075,0,5,Inorganic,000057D2,ResInorgRareGold,Gold,Rare
Charybdis,Charybdis V,Planet,0005E00C,CharybdisVPlanetData,56075,0,5,Inorganic,000057C6,ResInorgRareTitanium,Titanium,Rare
Charybdis,Charybdis V,Planet,0005E00C,CharybdisVPlanetData,56075,0,5,Inorganic,000057D3,ResInorgExoticAntimony,Antimony,Exotic
Charybdis,Charybdis VI,Planet,0005E00E,CharybdisVIPlanetData,56075,0,6,Inorganic,000057CF,ResInorgCommonCopper,Copper,Common
Charybdis,Charybdis VI,Planet,0005E00E,CharybdisVIPlanetData,56075,0,6,Inorganic,000057CB,ResInorgCommonNickel,Nickel,Common
Charybdis,Charybdis VI,Planet,0005E00E,CharybdisVIPlanetData,56075,0,6,Inorganic,000057EB,ResInorgCommonUranium,Uranium,Common
Charybdis,Charybdis VI,Planet,0005E00E,CharybdisVIPlanetData,56075,0,6,Inorganic,000083EC,ResInorgCommonWater_L,Water,Common
Charybdis,Charybdis VI,Planet,0005E00E,CharybdisVIPlanetData,56075,0,6,Inorganic,000057CE,ResInorgUncommonCobalt,Cobalt,Uncommon
Charybdis,Charybdis VI,Planet,0005E00E,CharybdisVIPlanetData,56075,0,6,Inorganic,000057D0,ResInorgUncommonFluorine_G,Fluorine,Uncommon
Charybdis,Charybdis VI,Planet,0005E00E,CharybdisVIPlanetData,56075,0,6,Inorganic,000057EC,ResInorgUncommonIridium,Iridium,Uncommon
Charybdis,Charybdis VI,Planet,0005E00E,CharybdisVIPlanetData,56075,0,6,Inorganic,000057CC,ResInorgRarePlatinum,Platinum,Rare
Charybdis,Charybdis VI-a,Moon,0005E00F,CharybdisVI-aPlanetData,56075,6,13,Inorganic,000057D6,ResInorgCommonAluminum,Aluminum,Common
Charybdis,Charybdis VI-a,Moon,0005E00F,CharybdisVI-aPlanetData,56075,6,13,Inorganic,000057F5,ResInorgCommonHelium3_G,Helium3,Common
Charybdis,Charybdis VI-a,Moon,0005E00F,CharybdisVI-aPlanetData,56075,6,13,Inorganic,000057D8,ResInorgUncommonBeryllium,Beryllium,Uncommon
Charybdis,Charybdis VI-a,Moon,0005E00F,CharybdisVI-aPlanetData,56075,6,13,Inorganic,000057DB,ResInorgRareNeodymium,Neodymium,Rare
Charybdis,Charybdis VI-b,Moon,0005E010,CharybdisVI-bPlanetData,56075,6,14,Inorganic,000057D5,ResInorgCommonChlorine_G,Chlorine,Common
Charybdis,Charybdis VI-b,Moon,0005E010,CharybdisVI-bPlanetData,56075,6,14,Inorganic,000057C7,ResInorgCommonIron,Iron,Common
Charybdis,Charybdis VI-b,Moon,0005E010,CharybdisVI-bPlanetData,56075,6,14,Inorganic,000057EB,ResInorgCommonUranium,Uranium,Common
Charybdis,Charybdis VI-b,Moon,0005E010,CharybdisVI-bPlanetData,56075,6,14,Inorganic,000083EC,ResInorgCommonWater_L,Water,Common
Charybdis,Charybdis VI-b,Moon,0005E010,CharybdisVI-bPlanetData,56075,6,14,Inorganic,000057C9,ResInorgUncommonAlkanes_G,Alkanes,Uncommon
Charybdis,Charybdis VI-b,Moon,0005E010,CharybdisVI-bPlanetData,56075,6,14,Inorganic,000057C8,ResInorgRareTantalum,Tantalum,Rare
Charybdis,Charybdis VII-a,Moon,0005E014,CharybdisVII-aPlanetData,56075,7,17,Inorganic,000057CF,ResInorgCommonCopper,Copper,Common
Charybdis,Charybdis VII-a,Moon,0005E014,CharybdisVII-aPlanetData,56075,7,17,Inorganic,000083EC,ResInorgCommonWater_L,Water,Common
Charybdis,Charybdis VII-a,Moon,0005E014,CharybdisVII-aPlanetData,56075,7,17,Inorganic,000057D0,ResInorgUncommonFluorine_G,Fluorine,Uncommon
Charybdis,Charybdis VII-b,Moon,0005E012,CharybdisVII-bPlanetData,56075,7,15,Inorganic,000057CF,ResInorgCommonCopper,Copper,Common
Charybdis,Charybdis VII-b,Moon,0005E012,CharybdisVII-bPlanetData,56075,7,15,Inorganic,000083EC,ResInorgCommonWater_L,Water,Common
Charybdis,Charybdis VII-b,Moon,0005E012,CharybdisVII-bPlanetData,56075,7,15,Inorganic,000057D0,ResInorgUncommonFluorine_G,Fluorine,Uncommon
Charybdis,Charybdis VII-b,Moon,0005E012,CharybdisVII-bPlanetData,56075,7,15,Inorganic,000057D1,ResInorgRareTetrafluorides_G,Tetrafluorides,Rare
Charybdis,Charybdis VII-c,Moon,0005E013,CharybdisVII-cPlanetData,56075,7,16,Inorganic,000057C1,ResInorgCommonLead,Lead,Common
Charybdis,Charybdis VII-c,Moon,0005E013,CharybdisVII-cPlanetData,56075,7,16,Inorganic,000083EC,ResInorgCommonWater_L,Water,Common
Charybdis,Charybdis VII-c,Moon,0005E013,CharybdisVII-cPlanetData,56075,7,16,Inorganic,0027C499,ResInorgRareMercury_L,Mercury,Rare
Charybdis,Charybdis VII-d,Moon,0005E015,CharybdisVII-dPlanetData,56075,7,18,Inorganic,000057D5,ResInorgCommonChlorine_G,Chlorine,Common
Charybdis,Charybdis VII-d,Moon,0005E015,CharybdisVII-dPlanetData,56075,7,18,Inorganic,000057C7,ResInorgCommonIron,Iron,Common
Charybdis,Charybdis VII-d,Moon,0005E015,CharybdisVII-dPlanetData,56075,7,18,Inorganic,000057C1,ResInorgCommonLead,Lead,Common
Charybdis,Charybdis VII-d,Moon,0005E015,CharybdisVII-dPlanetData,56075,7,18,Inorganic,000057CB,ResInorgCommonNickel,Nickel,Common
Charybdis,Charybdis VII-d,Moon,0005E015,CharybdisVII-dPlanetData,56075,7,18,Inorganic,000083EC,ResInorgCommonWater_L,Water,Common
Charybdis,Charybdis VII-d,Moon,0005E015,CharybdisVII-dPlanetData,56075,7,18,Inorganic,000057CE,ResInorgUncommonCobalt,Cobalt,Uncommon
Charybdis,Charybdis VII-d,Moon,0005E015,CharybdisVII-dPlanetData,56075,7,18,Inorganic,000057CC,ResInorgRarePlatinum,Platinum,Rare
Charybdis,Charybdis VII-d,Moon,0005E015,CharybdisVII-dPlanetData,56075,7,18,Inorganic,000057C8,ResInorgRareTantalum,Tantalum,Rare
Charybdis,Charybdis VIII-a,Moon,0005E017,CharybdisVIII-aPlanetData,56075,8,19,Inorganic,000057C1,ResInorgCommonLead,Lead,Common
Charybdis,Charybdis VIII-a,Moon,0005E017,CharybdisVIII-aPlanetData,56075,8,19,Inorganic,000083EC,ResInorgCommonWater_L,Water,Common
Charybdis,Charybdis VIII-b,Moon,0005E018,CharybdisVIII-bPlanetData,56075,8,20,Inorganic,000057EA,ResInorgCommonArgon_G,Argon,Common
Charybdis,Charybdis VIII-b,Moon,0005E018,CharybdisVIII-bPlanetData,56075,8,20,Inorganic,000083EC,ResInorgCommonWater_L,Water,Common
Charybdis,Charybdis VIII-b,Moon,0005E018,CharybdisVIII-bPlanetData,56075,8,20,Inorganic,000057E7,ResInorgUncommonBenzene_G,Benzene,Uncommon
Charybdis,Charybdis VIII-b,Moon,0005E018,CharybdisVIII-bPlanetData,56075,8,20,Inorganic,000057E8,ResInorgRareCarboxylicAcids_L,CarboxylicAcids,Rare
Charybdis,Charybdis VIII-b,Moon,0005E018,CharybdisVIII-bPlanetData,56075,8,20,Inorganic,000057E9,ResInorgExoticNeon_G,Neon,Exotic
Cheyenne,Agamon A,Moon,0005E2C9,AgamonAPlanetData,72432,6,22,Inorganic,000057EA,ResInorgCommonArgon_G,Argon,Common
Cheyenne,Agamon A,Moon,0005E2C9,AgamonAPlanetData,72432,6,22,Inorganic,000057CF,ResInorgCommonCopper,Copper,Common
Cheyenne,Agamon A,Moon,0005E2C9,AgamonAPlanetData,72432,6,22,Inorganic,000083EC,ResInorgCommonWater_L,Water,Common
Cheyenne,Agamon B,Moon,0005E2C8,AgamonBPlanetData,72432,6,21,Inorganic,000057CF,ResInorgCommonCopper,Copper,Common
Cheyenne,Agamon B,Moon,0005E2C8,AgamonBPlanetData,72432,6,21,Inorganic,000083EC,ResInorgCommonWater_L,Water,Common
Cheyenne,Agamon C,Moon,0005E2C7,AgamonCPlanetData,72432,6,20,Inorganic,000057EA,ResInorgCommonArgon_G,Argon,Common
Cheyenne,Agamon C,Moon,0005E2C7,AgamonCPlanetData,72432,6,20,Inorganic,000083EC,ResInorgCommonWater_L,Water,Common
Cheyenne,Agamon C,Moon,0005E2C7,AgamonCPlanetData,72432,6,20,Inorganic,000057E7,ResInorgUncommonBenzene_G,Benzene,Uncommon
Cheyenne,Agamon D,Moon,0005E2C6,AgamonDPlanetData,72432,6,19,Inorganic,000057CF,ResInorgCommonCopper,Copper,Common
Cheyenne,Agamon D,Moon,0005E2C6,AgamonDPlanetData,72432,6,19,Inorganic,000083EC,ResInorgCommonWater_L,Water,Common
Cheyenne,Akila,Planet,0005E2B6,AkilaPlanetData,72432,0,2,Inorganic,000057D6,ResInorgCommonAluminum,Aluminum,Common
Cheyenne,Akila,Planet,0005E2B6,AkilaPlanetData,72432,0,2,Inorganic,000057EA,ResInorgCommonArgon_G,Argon,Common
Cheyenne,Akila,Planet,0005E2B6,AkilaPlanetData,72432,0,2,Inorganic,000057CB,ResInorgCommonNickel,Nickel,Common
Cheyenne,Akila,Planet,0005E2B6,AkilaPlanetData,72432,0,2,Inorganic,000083EC,ResInorgCommonWater_L,Water,Common
Cheyenne,Akila,Planet,0005E2B6,AkilaPlanetData,72432,0,2,Inorganic,000057E7,ResInorgUncommonBenzene_G,Benzene,Uncommon
Cheyenne,Akila,Planet,0005E2B6,AkilaPlanetData,72432,0,2,Inorganic,000057CE,ResInorgUncommonCobalt,Cobalt,Uncommon
Cheyenne,Akila,Planet,0005E2B6,AkilaPlanetData,72432,0,2,Organic,00077821,ResOrgCommonFiber,Fiber,Common
Cheyenne,Akila,Planet,0005E2B6,AkilaPlanetData,72432,0,2,Organic,000777E6,ResOrgCommonNutrient,Nutrient,Common
Cheyenne,Akila,Planet,0005E2B6,AkilaPlanetData,72432,0,2,Organic,00224640,ResOrgCommonNutrientFaunaHerbivore,Nutrient,Common
Cheyenne,Akila,Planet,0005E2B6,AkilaPlanetData,72432,0,2,Organic,0022464B,ResOrgCommonSealantFaunaCarnivore,Sealant,Common
Cheyenne,Akila,Planet,0005E2B6,AkilaPlanetData,72432,0,2,Organic,00224649,ResOrgCommonStructuralFaunaCarnivore,Structural,Common
Cheyenne,Akila,Planet,0005E2B6,AkilaPlanetData,72432,0,2,Organic,00077823,ResOrgCommonToxin,Toxin,Common
Cheyenne,Akila,Planet,0005E2B6,AkilaPlanetData,72432,0,2,Organic,0022463E,ResOrgCommonToxinFaunaHerbivore,Toxin,Common
Cheyenne,Akila,Planet,0005E2B6,AkilaPlanetData,72432,0,2,Organic,002246D7,ResOrgUncommonAntimicrobialFaunaCarnivore,Antimicrobial,Uncommon
Cheyenne,Akila,Planet,0005E2B6,AkilaPlanetData,72432,0,2,Organic,002246D8,ResOrgUncommonAntimicrobialFaunaHerbivore,Antimicrobial,Uncommon
Cheyenne,Akila,Planet,0005E2B6,AkilaPlanetData,72432,0,2,Organic,0022464E,ResOrgUncommonCosmeticFaunaCarnivore,Cosmetic,Uncommon
Cheyenne,Akila,Planet,0005E2B6,AkilaPlanetData,72432,0,2,Organic,00224634,ResOrgRareAromaticFaunaHerbivore,Aromatic,Rare
Cheyenne,Akila,Planet,0005E2B6,AkilaPlanetData,72432,0,2,Organic,0029F403,ResOrgRareHallucinogen,Hallucinogen,Rare
Cheyenne,Akila,Planet,0005E2B6,AkilaPlanetData,72432,0,2,Organic,00224633,ResOrgRareHallucinogenFaunaHerbivore,Hallucinogen,Rare
Cheyenne,Akila,Planet,0005E2B6,AkilaPlanetData,72432,0,2,Organic,00224655,ResOrgExoticSolventFaunaCarnivore,Solvent,Exotic
Cheyenne,Antharum,Moon,0005E2B8,AntharumPlanetData,72432,2,13,Inorganic,000057D6,ResInorgCommonAluminum,Aluminum,Common
Cheyenne,Antharum,Moon,0005E2B8,AntharumPlanetData,72432,2,13,Inorganic,000057F5,ResInorgCommonHelium3_G,Helium3,Common
Cheyenne,Antharum,Moon,0005E2B8,AntharumPlanetData,72432,2,13,Inorganic,000057D8,ResInorgUncommonBeryllium,Beryllium,Uncommon
Cheyenne,Antharum,Moon,0005E2B8,AntharumPlanetData,72432,2,13,Inorganic,000057DB,ResInorgRareNeodymium,Neodymium,Rare
Cheyenne,Belwah,Moon,0005E2D6,BelwahPlanetData,72432,9,32,Inorganic,000057EA,ResInorgCommonArgon_G,Argon,Common
Cheyenne,Belwah,Moon,0005E2D6,BelwahPlanetData,72432,9,32,Inorganic,000057C7,ResInorgCommonIron,Iron,Common
Cheyenne,Belwah,Moon,0005E2D6,BelwahPlanetData,72432,9,32,Inorganic,000057CB,ResInorgCommonNickel,Nickel,Common
Cheyenne,Belwah,Moon,0005E2D6,BelwahPlanetData,72432,9,32,Inorganic,000057EB,ResInorgCommonUranium,Uranium,Common
Cheyenne,Belwah,Moon,0005E2D6,BelwahPlanetData,72432,9,32,Inorganic,000083EC,ResInorgCommonWater_L,Water,Common
Cheyenne,Belwah,Moon,0005E2D6,BelwahPlanetData,72432,9,32,Inorganic,000057CE,ResInorgUncommonCobalt,Cobalt,Uncommon
Cheyenne,Belwah,Moon,0005E2D6,BelwahPlanetData,72432,9,32,Inorganic,000057EC,ResInorgUncommonIridium,Iridium,Uncommon
Cheyenne,Belwah,Moon,0005E2D6,BelwahPlanetData,72432,9,32,Inorganic,000057ED,ResInorgRareVanadium,Vanadium,Rare
Cheyenne,Bindi,Moon,0005E2B7,BindiPlanetData,72432,2,12,Inorganic,000057D6,ResInorgCommonAluminum,Aluminum,Common
Cheyenne,Bindi,Moon,0005E2B7,BindiPlanetData,72432,2,12,Inorganic,000057F5,ResInorgCommonHelium3_G,Helium3,Common
Cheyenne,Bindi,Moon,0005E2B7,BindiPlanetData,72432,2,12,Inorganic,000057C1,ResInorgCommonLead,Lead,Common
Cheyenne,Bindi,Moon,0005E2B7,BindiPlanetData,72432,2,12,Inorganic,000057CB,ResInorgCommonNickel,Nickel,Common
Cheyenne,Bindi,Moon,0005E2B7,BindiPlanetData,72432,2,12,Inorganic,000057EB,ResInorgCommonUranium,Uranium,Common
Cheyenne,Bindi,Moon,0005E2B7,BindiPlanetData,72432,2,12,Inorganic,000057C3,ResInorgUncommonSilver,Silver,Uncommon
Cheyenne,Bismark,Moon,0005E2D3,BismarkPlanetData,72432,9,29,Inorganic,000057CB,ResInorgCommonNickel,Nickel,Common
Cheyenne,Bismark,Moon,0005E2D3,BismarkPlanetData,72432,9,29,Inorganic,000083EC,ResInorgCommonWater_L,Water,Common
Cheyenne,Bismark,Moon,0005E2D3,BismarkPlanetData,72432,9,29,Inorganic,000057CE,ResInorgUncommonCobalt,Cobalt,Uncommon
Cheyenne,Burran,Planet,0005E2BC,BurranPlanetData,72432,0,4,Inorganic,000057F5,ResInorgCommonHelium3_G,Helium3,Common
Cheyenne,Burran,Planet,0005E2BC,BurranPlanetData,72432,0,4,Inorganic,000057C7,ResInorgCommonIron,Iron,Common
Cheyenne,Codos,Moon,0005E2B9,CodosPlanetData,72432,2,14,Inorganic,000057D6,ResInorgCommonAluminum,Aluminum,Common
Cheyenne,Codos,Moon,0005E2B9,CodosPlanetData,72432,2,14,Inorganic,000057EA,ResInorgCommonArgon_G,Argon,Common
Cheyenne,Codos,Moon,0005E2B9,CodosPlanetData,72432,2,14,Inorganic,000057D5,ResInorgCommonChlorine_G,Chlorine,Common
Cheyenne,Codos,Moon,0005E2B9,CodosPlanetData,72432,2,14,Inorganic,000057C7,ResInorgCommonIron,Iron,Common
Cheyenne,Codos,Moon,0005E2B9,CodosPlanetData,72432,2,14,Inorganic,000083EC,ResInorgCommonWater_L,Water,Common
Cheyenne,Codos,Moon,0005E2B9,CodosPlanetData,72432,2,14,Inorganic,000057C9,ResInorgUncommonAlkanes_G,Alkanes,Uncommon
Cheyenne,Codos,Moon,0005E2B9,CodosPlanetData,72432,2,14,Inorganic,000057D8,ResInorgUncommonBeryllium,Beryllium,Uncommon
Cheyenne,Codos,Moon,0005E2B9,CodosPlanetData,72432,2,14,Inorganic,000057E8,ResInorgRareCarboxylicAcids_L,CarboxylicAcids,Rare
Cheyenne,Codos,Moon,0005E2B9,CodosPlanetData,72432,2,14,Organic,00077821,ResOrgCommonFiber,Fiber,Common
Cheyenne,Codos,Moon,0005E2B9,CodosPlanetData,72432,2,14,Organic,00224640,ResOrgCommonNutrientFaunaHerbivore,Nutrient,Common
Cheyenne,Codos,Moon,0005E2B9,CodosPlanetData,72432,2,14,Organic,0022462E,ResOrgCommonSealantFaunaHerbivore,Sealant,Common
Cheyenne,Codos,Moon,0005E2B9,CodosPlanetData,72432,2,14,Organic,00224631,ResOrgUncommonCosmeticFaunaHerbivore,Cosmetic,Uncommon
Cheyenne,Codos,Moon,0005E2B9,CodosPlanetData,72432,2,14,Organic,0022464D,ResOrgUncommonMembraneFaunaCarnivore,Membrane,Uncommon
Cheyenne,Codos,Moon,0005E2B9,CodosPlanetData,72432,2,14,Organic,00077829,ResOrgRareAnalgesic,Analgesic,Rare
Cheyenne,Codos,Moon,0005E2B9,CodosPlanetData,72432,2,14,Organic,00077827,ResOrgExoticSolvent,Solvent,Exotic
Cheyenne,Cragg,Moon,0005E2D0,CraggPlanetData,72432,8,27,Inorganic,000057CF,ResInorgCommonCopper,Copper,Common
Cheyenne,Cragg,Moon,0005E2D0,CraggPlanetData,72432,8,27,Inorganic,000057C7,ResInorgCommonIron,Iron,Common
Cheyenne,Cragg,Moon,0005E2D0,CraggPlanetData,72432,8,27,Inorganic,000057C1,ResInorgCommonLead,Lead,Common
Cheyenne,Cragg,Moon,0005E2D0,CraggPlanetData,72432,8,27,Inorganic,000083EC,ResInorgCommonWater_L,Water,Common
Cheyenne,Cragg,Moon,0005E2D0,CraggPlanetData,72432,8,27,Inorganic,000057C3,ResInorgUncommonSilver,Silver,Uncommon
Cheyenne,Cragg,Moon,0005E2D0,CraggPlanetData,72432,8,27,Inorganic,000057D1,ResInorgRareTetrafluorides_G,Tetrafluorides,Rare
Cheyenne,Grizzit,Moon,0005E2BE,GrizzitPlanetData,72432,4,35,Inorganic,000057D6,ResInorgCommonAluminum,Aluminum,Common
Cheyenne,Grizzit,Moon,0005E2BE,GrizzitPlanetData,72432,4,35,Inorganic,000057F5,ResInorgCommonHelium3_G,Helium3,Common
Cheyenne,Grizzit,Moon,0005E2BE,GrizzitPlanetData,72432,4,35,Inorganic,000057D8,ResInorgUncommonBeryllium,Beryllium,Uncommon
Cheyenne,Hardpoint,Moon,0005E2D5,HardpointPlanetData,72432,9,31,Inorganic,000057D6,ResInorgCommonAluminum,Aluminum,Common
Cheyenne,Hardpoint,Moon,0005E2D5,HardpointPlanetData,72432,9,31,Inorganic,000057CF,ResInorgCommonCopper,Copper,Common
Cheyenne,Hardpoint,Moon,0005E2D5,HardpointPlanetData,72432,9,31,Inorganic,000057F5,ResInorgCommonHelium3_G,Helium3,Common
Cheyenne,Hardpoint,Moon,0005E2D5,HardpointPlanetData,72432,9,31,Inorganic,000057C7,ResInorgCommonIron,Iron,Common
Cheyenne,Hardpoint,Moon,0005E2D5,HardpointPlanetData,72432,9,31,Inorganic,000083EC,ResInorgCommonWater_L,Water,Common
Cheyenne,Hardpoint,Moon,0005E2D5,HardpointPlanetData,72432,9,31,Inorganic,000057D0,ResInorgUncommonFluorine_G,Fluorine,Uncommon
Cheyenne,Hardpoint,Moon,0005E2D5,HardpointPlanetData,72432,9,31,Inorganic,000057CA,ResInorgExoticYtterbium,Ytterbium,Exotic
Cheyenne,Heilo,Moon,0005E2C0,HeiloPlanetData,72432,5,36,Inorganic,000057C1,ResInorgCommonLead,Lead,Common
Cheyenne,Heilo,Moon,0005E2C0,HeiloPlanetData,72432,5,36,Inorganic,000083EC,ResInorgCommonWater_L,Water,Common
Cheyenne,Heilo,Moon,0005E2C0,HeiloPlanetData,72432,5,36,Inorganic,000057C4,ResInorgUncommonTungsten,Tungsten,Uncommon
Cheyenne,Heilo,Moon,0005E2C0,HeiloPlanetData,72432,5,36,Inorganic,000057C6,ResInorgRareTitanium,Titanium,Rare
Cheyenne,Kalira,Moon,0005E2C3,KaliraPlanetData,72432,5,17,Inorganic,000057CF,ResInorgCommonCopper,Copper,Common
Cheyenne,Kalira,Moon,0005E2C3,KaliraPlanetData,72432,5,17,Inorganic,000083EC,ResInorgCommonWater_L,Water,Common
Cheyenne,Kalira,Moon,0005E2C3,KaliraPlanetData,72432,5,17,Inorganic,000057D0,ResInorgUncommonFluorine_G,Fluorine,Uncommon
Cheyenne,Kalira,Moon,0005E2C3,KaliraPlanetData,72432,5,17,Inorganic,000057D2,ResInorgRareGold,Gold,Rare
Cheyenne,Laramie,Moon,0005E2D4,LaramiePlanetData,72432,9,30,Inorganic,000057D5,ResInorgCommonChlorine_G,Chlorine,Common
Cheyenne,Laramie,Moon,0005E2D4,LaramiePlanetData,72432,9,30,Inorganic,000083EC,ResInorgCommonWater_L,Water,Common
Cheyenne,Montara Luna,Moon,0005E2C4,MontaraLunaPlanetData,72432,5,18,Inorganic,000057D6,ResInorgCommonAluminum,Aluminum,Common
Cheyenne,Montara Luna,Moon,0005E2C4,MontaraLunaPlanetData,72432,5,18,Inorganic,000057EA,ResInorgCommonArgon_G,Argon,Common
Cheyenne,Montara Luna,Moon,0005E2C4,MontaraLunaPlanetData,72432,5,18,Inorganic,000057D5,ResInorgCommonChlorine_G,Chlorine,Common
Cheyenne,Montara Luna,Moon,0005E2C4,MontaraLunaPlanetData,72432,5,18,Inorganic,000057CB,ResInorgCommonNickel,Nickel,Common
Cheyenne,Montara Luna,Moon,0005E2C4,MontaraLunaPlanetData,72432,5,18,Inorganic,000083EC,ResInorgCommonWater_L,Water,Common
Cheyenne,Montara Luna,Moon,0005E2C4,MontaraLunaPlanetData,72432,5,18,Inorganic,000057E7,ResInorgUncommonBenzene_G,Benzene,Uncommon
Cheyenne,Montara Luna,Moon,0005E2C4,MontaraLunaPlanetData,72432,5,18,Inorganic,000057CE,ResInorgUncommonCobalt,Cobalt,Uncommon
Cheyenne,Montara Luna,Moon,0005E2C4,MontaraLunaPlanetData,72432,5,18,Inorganic,000057E8,ResInorgRareCarboxylicAcids_L,CarboxylicAcids,Rare
Cheyenne,Montara Luna,Moon,0005E2C4,MontaraLunaPlanetData,72432,5,18,Organic,00224642,ResOrgCommonFiberFaunaHerbivore,Fiber,Common
Cheyenne,Montara Luna,Moon,0005E2C4,MontaraLunaPlanetData,72432,5,18,Organic,0029F3FD,ResOrgCommonMetabolicAgent,MetabolicAgent,Common
Cheyenne,Montara Luna,Moon,0005E2C4,MontaraLunaPlanetData,72432,5,18,Organic,000777E6,ResOrgCommonNutrient,Nutrient,Common
Cheyenne,Montara Luna,Moon,0005E2C4,MontaraLunaPlanetData,72432,5,18,Organic,00224640,ResOrgCommonNutrientFaunaHerbivore,Nutrient,Common
Cheyenne,Montara Luna,Moon,0005E2C4,MontaraLunaPlanetData,72432,5,18,Organic,0007782D,ResOrgCommonSealant,Sealant,Common
Cheyenne,Montara Luna,Moon,0005E2C4,MontaraLunaPlanetData,72432,5,18,Organic,000777FA,ResOrgCommonStructural,Structural,Common
Cheyenne,Montara Luna,Moon,0005E2C4,MontaraLunaPlanetData,72432,5,18,Organic,00077823,ResOrgCommonToxin,Toxin,Common
Cheyenne,Montara Luna,Moon,0005E2C4,MontaraLunaPlanetData,72432,5,18,Organic,002246D7,ResOrgUncommonAntimicrobialFaunaCarnivore,Antimicrobial,Uncommon
Cheyenne,Montara Luna,Moon,0005E2C4,MontaraLunaPlanetData,72432,5,18,Organic,000777F8,ResOrgUncommonCosmetic,Cosmetic,Uncommon
Cheyenne,Montara Luna,Moon,0005E2C4,MontaraLunaPlanetData,72432,5,18,Organic,00224630,ResOrgUncommonMembraneFaunaHerbivore,Membrane,Uncommon
Cheyenne,Montara Luna,Moon,0005E2C4,MontaraLunaPlanetData,72432,5,18,Organic,0022462F,ResOrgUncommonPigmentFaunaHerbivore,Pigment,Uncommon
Cheyenne,Montara Luna,Moon,0005E2C4,MontaraLunaPlanetData,72432,5,18,Organic,0022462D,ResOrgUncommonSpiceFaunaHerbivore,Spice,Uncommon
Cheyenne,Montara Luna,Moon,0005E2C4,MontaraLunaPlanetData,72432,5,18,Organic,0007782A,ResOrgRareAminoAcids,AminoAcids,Rare
Cheyenne,Montara Luna,Moon,0005E2C4,MontaraLunaPlanetData,72432,5,18,Organic,00224653,ResOrgRareAminoAcidsFaunaCarnivore,AminoAcids,Rare
Cheyenne,Olaran,Moon,0005E2D7,OlaranPlanetData,72432,9,33,Inorganic,000057EA,ResInorgCommonArgon_G,Argon,Common
Cheyenne,Olaran,Moon,0005E2D7,OlaranPlanetData,72432,9,33,Inorganic,000083EC,ResInorgCommonWater_L,Water,Common
Cheyenne,Olaran,Moon,0005E2D7,OlaranPlanetData,72432,9,33,Inorganic,000057E7,ResInorgUncommonBenzene_G,Benzene,Uncommon
Cheyenne,Rell,Moon,0005E2BD,RellPlanetData,72432,4,34,Inorganic,000057D6,ResInorgCommonAluminum,Aluminum,Common
Cheyenne,Rell,Moon,0005E2BD,RellPlanetData,72432,4,34,Inorganic,000057F5,ResInorgCommonHelium3_G,Helium3,Common
Cheyenne,Rell,Moon,0005E2BD,RellPlanetData,72432,4,34,Inorganic,000057D8,ResInorgUncommonBeryllium,Beryllium,Uncommon
Cheyenne,Skink,Planet,0005E2B5,SkinkPlanetData,72432,0,1,Inorganic,000057CF,ResInorgCommonCopper,Copper,Common
Cheyenne,Skink,Planet,0005E2B5,SkinkPlanetData,72432,0,1,Inorganic,000057C1,ResInorgCommonLead,Lead,Common
Cheyenne,Skink,Planet,0005E2B5,SkinkPlanetData,72432,0,1,Inorganic,000057CB,ResInorgCommonNickel,Nickel,Common
Cheyenne,Skink,Planet,0005E2B5,SkinkPlanetData,72432,0,1,Inorganic,000057CE,ResInorgUncommonCobalt,Cobalt,Uncommon
Cheyenne,Skink,Planet,0005E2B5,SkinkPlanetData,72432,0,1,Inorganic,000057D0,ResInorgUncommonFluorine_G,Fluorine,Uncommon
Cheyenne,Skink,Planet,0005E2B5,SkinkPlanetData,72432,0,1,Inorganic,000057C3,ResInorgUncommonSilver,Silver,Uncommon
Cheyenne,Skink,Planet,0005E2B5,SkinkPlanetData,72432,0,1,Inorganic,0027C499,ResInorgRareMercury_L,Mercury,Rare
Cheyenne,Smet,Moon,0005E2BB,SmetPlanetData,72432,3,15,Inorganic,000057D6,ResInorgCommonAluminum,Aluminum,Common
Cheyenne,Smet,Moon,0005E2BB,SmetPlanetData,72432,3,15,Inorganic,000057F5,ResInorgCommonHelium3_G,Helium3,Common
Cheyenne,Smet,Moon,0005E2BB,SmetPlanetData,72432,3,15,Inorganic,000057D8,ResInorgUncommonBeryllium,Beryllium,Uncommon
Cheyenne,Smet,Moon,0005E2BB,SmetPlanetData,72432,3,15,Inorganic,000057E2,ResInorgExoticEuropium,Europium,Exotic
Cheyenne,Stellis A,Moon,0005E2CE,StellisAPlanetData,72432,7,26,Inorganic,000057CF,ResInorgCommonCopper,Copper,Common
Cheyenne,Stellis A,Moon,0005E2CE,StellisAPlanetData,72432,7,26,Inorganic,000057CB,ResInorgCommonNickel,Nickel,Common
Cheyenne,Stellis A,Moon,0005E2CE,StellisAPlanetData,72432,7,26,Inorganic,000083EC,ResInorgCommonWater_L,Water,Common
Cheyenne,Stellis A,Moon,0005E2CE,StellisAPlanetData,72432,7,26,Inorganic,000057CE,ResInorgUncommonCobalt,Cobalt,Uncommon
Cheyenne,Stellis A,Moon,0005E2CE,StellisAPlanetData,72432,7,26,Inorganic,000057D2,ResInorgRareGold,Gold,Rare
Cheyenne,Stellis B,Moon,0005E2CD,StellisBPlanetData,72432,7,25,Inorganic,000057D5,ResInorgCommonChlorine_G,Chlorine,Common
Cheyenne,Stellis B,Moon,0005E2CD,StellisBPlanetData,72432,7,25,Inorganic,000083EC,ResInorgCommonWater_L,Water,Common
Cheyenne,Stellis C,Moon,0005E2CC,StellisCPlanetData,72432,7,24,Inorganic,000057CB,ResInorgCommonNickel,Nickel,Common
Cheyenne,Stellis C,Moon,0005E2CC,StellisCPlanetData,72432,7,24,Inorganic,000083EC,ResInorgCommonWater_L,Water,Common
Cheyenne,Stellis C,Moon,0005E2CC,StellisCPlanetData,72432,7,24,Inorganic,000057CE,ResInorgUncommonCobalt,Cobalt,Uncommon
Cheyenne,Stellis D,Moon,0005E2CB,StellisDPlanetData,72432,7,23,Inorganic,000057CB,ResInorgCommonNickel,Nickel,Common
Cheyenne,Stellis D,Moon,0005E2CB,StellisDPlanetData,72432,7,23,Inorganic,000083EC,ResInorgCommonWater_L,Water,Common
Cheyenne,Stellis D,Moon,0005E2CB,StellisDPlanetData,72432,7,23,Inorganic,000057CE,ResInorgUncommonCobalt,Cobalt,Uncommon
Cheyenne,Stellis D,Moon,0005E2CB,StellisDPlanetData,72432,7,23,Inorganic,000057CC,ResInorgRarePlatinum,Platinum,Rare
Cheyenne,Stellis D,Moon,0005E2CB,StellisDPlanetData,72432,7,23,Inorganic,000057CD,ResInorgExoticPalladium,Palladium,Exotic
Cheyenne,Tahrnis,Moon,0005E2D1,TahrnisPlanetData,72432,8,28,Inorganic,000057CF,ResInorgCommonCopper,Copper,Common
Cheyenne,Tahrnis,Moon,0005E2D1,TahrnisPlanetData,72432,8,28,Inorganic,000083EC,ResInorgCommonWater_L,Water,Common
Cheyenne,Thren,Moon,0005E2C2,ThrenPlanetData,72432,5,16,Inorganic,000057C1,ResInorgCommonLead,Lead,Common
Cheyenne,Thren,Moon,0005E2C2,ThrenPlanetData,72432,5,16,Inorganic,000083EC,ResInorgCommonWater_L,Water,Common
Cheyenne,Thren,Moon,0005E2C2,ThrenPlanetData,72432,5,16,Inorganic,000057C4,ResInorgUncommonTungsten,Tungsten,Uncommon
Cheyenne,Washakie,Planet,0005E2BA,WashakiePlanetData,72432,0,3,Inorganic,000057EA,ResInorgCommonArgon_G,Argon,Common
Cheyenne,Washakie,Planet,0005E2BA,WashakiePlanetData,72432,0,3,Inorganic,000057C1,ResInorgCommonLead,Lead,Common
Cheyenne,Washakie,Planet,0005E2BA,WashakiePlanetData,72432,0,3,Inorganic,000057EB,ResInorgCommonUranium,Uranium,Common
Cheyenne,Washakie,Planet,0005E2BA,WashakiePlanetData,72432,0,3,Inorganic,000083EC,ResInorgCommonWater_L,Water,Common
Cheyenne,Washakie,Planet,0005E2BA,WashakiePlanetData,72432,0,3,Inorganic,000057E7,ResInorgUncommonBenzene_G,Benzene,Uncommon
Cheyenne,Washakie,Planet,0005E2BA,WashakiePlanetData,72432,0,3,Inorganic,000057C3,ResInorgUncommonSilver,Silver,Uncommon
Cheyenne,Washakie,Planet,0005E2BA,WashakiePlanetData,72432,0,3,Inorganic,000057E9,ResInorgExoticNeon_G,Neon,Exotic
Cheyenne,Wellish,Moon,0005E2C1,WellishPlanetData,72432,5,37,Inorganic,000057CF,ResInorgCommonCopper,Copper,Common
Cheyenne,Wellish,Moon,0005E2C1,WellishPlanetData,72432,5,37,Inorganic,000083EC,ResInorgCommonWater_L,Water,Common
Cheyenne,Wellish,Moon,0005E2C1,WellishPlanetData,72432,5,37,Inorganic,000057D4,ResInorgExoticIonicLiquids_L,IonicLiquids,Exotic
Copernicus,Copernicus I,Planet,0005E255,CopernicusIPlanetData,76816,0,1,Inorganic,000057C1,ResInorgCommonLead,Lead,Common
Copernicus,Copernicus I,Planet,0005E255,CopernicusIPlanetData,76816,0,1,Inorganic,000057CB,ResInorgCommonNickel,Nickel,Common
Copernicus,Copernicus I,Planet,0005E255,CopernicusIPlanetData,76816,0,1,Inorganic,000057C4,ResInorgUncommonTungsten,Tungsten,Uncommon
Copernicus,Copernicus II,Planet,0005E256,CopernicusIIPlanetData,76816,0,2,Inorganic,000057CF,ResInorgCommonCopper,Copper,Common
Copernicus,Copernicus II,Planet,0005E256,CopernicusIIPlanetData,76816,0,2,Inorganic,000057C7,ResInorgCommonIron,Iron,Common
Copernicus,Copernicus II,Planet,0005E256,CopernicusIIPlanetData,76816,0,2,Inorganic,000057C1,ResInorgCommonLead,Lead,Common
Copernicus,Copernicus II,Planet,0005E256,CopernicusIIPlanetData,76816,0,2,Inorganic,000057CB,ResInorgCommonNickel,Nickel,Common
Copernicus,Copernicus II,Planet,0005E256,CopernicusIIPlanetData,76816,0,2,Inorganic,000083EC,ResInorgCommonWater_L,Water,Common
Copernicus,Copernicus II,Planet,0005E256,CopernicusIIPlanetData,76816,0,2,Inorganic,000057D0,ResInorgUncommonFluorine_G,Fluorine,Uncommon
Copernicus,Copernicus II,Planet,0005E256,CopernicusIIPlanetData,76816,0,2,Inorganic,000057C6,ResInorgRareTitanium,Titanium,Rare
Copernicus,Copernicus II,Planet,0005E256,CopernicusIIPlanetData,76816,0,2,Organic,00224641,ResOrgCommonMetabolicAgentFaunaHerbivore,MetabolicAgent,Common
Copernicus,Copernicus II,Planet,0005E256,CopernicusIIPlanetData,76816,0,2,Organic,000777E6,ResOrgCommonNutrient,Nutrient,Common
Copernicus,Copernicus II,Planet,0005E256,CopernicusIIPlanetData,76816,0,2,Organic,00224640,ResOrgCommonNutrientFaunaHerbivore,Nutrient,Common
Copernicus,Copernicus II,Planet,0005E256,CopernicusIIPlanetData,76816,0,2,Organic,0007782D,ResOrgCommonSealant,Sealant,Common
Copernicus,Copernicus II,Planet,0005E256,CopernicusIIPlanetData,76816,0,2,Organic,0022462E,ResOrgCommonSealantFaunaHerbivore,Sealant,Common
Copernicus,Copernicus II,Planet,0005E256,CopernicusIIPlanetData,76816,0,2,Organic,000777FA,ResOrgCommonStructural,Structural,Common
Copernicus,Copernicus II,Planet,0005E256,CopernicusIIPlanetData,76816,0,2,Organic,00077823,ResOrgCommonToxin,Toxin,Common
Copernicus,Copernicus II,Planet,0005E256,CopernicusIIPlanetData,76816,0,2,Organic,00224631,ResOrgUncommonCosmeticFaunaHerbivore,Cosmetic,Uncommon
Copernicus,Copernicus II,Planet,0005E256,CopernicusIIPlanetData,76816,0,2,Organic,0029F401,ResOrgUncommonPigment,Pigment,Uncommon
Copernicus,Copernicus II,Planet,0005E256,CopernicusIIPlanetData,76816,0,2,Organic,00224636,ResOrgRareAminoAcidsFaunaHerbivore,AminoAcids,Rare
Copernicus,Copernicus II,Planet,0005E256,CopernicusIIPlanetData,76816,0,2,Organic,00224652,ResOrgRareAnalgesicFaunaCarnivore,Analgesic,Rare
Copernicus,Copernicus II,Planet,0005E256,CopernicusIIPlanetData,76816,0,2,Organic,00224655,ResOrgExoticSolventFaunaCarnivore,Solvent,Exotic
Copernicus,Copernicus III,Planet,0005E257,CopernicusIIIPlanetData,76816,0,3,Inorganic,000057EA,ResInorgCommonArgon_G,Argon,Common
Copernicus,Copernicus III,Planet,0005E257,CopernicusIIIPlanetData,76816,0,3,Inorganic,000057C1,ResInorgCommonLead,Lead,Common
Copernicus,Copernicus III,Planet,0005E257,CopernicusIIIPlanetData,76816,0,3,Inorganic,000083EC,ResInorgCommonWater_L,Water,Common
Copernicus,Copernicus III,Planet,0005E257,CopernicusIIIPlanetData,76816,0,3,Inorganic,000057E7,ResInorgUncommonBenzene_G,Benzene,Uncommon
Copernicus,Copernicus III,Planet,0005E257,CopernicusIIIPlanetData,76816,0,3,Organic,000777E6,ResOrgCommonNutrient,Nutrient,Common
Copernicus,Copernicus III,Planet,0005E257,CopernicusIIIPlanetData,76816,0,3,Organic,0007782D,ResOrgCommonSealant,Sealant,Common
Copernicus,Copernicus III,Planet,0005E257,CopernicusIIIPlanetData,76816,0,3,Organic,00224649,ResOrgCommonStructuralFaunaCarnivore,Structural,Common
Copernicus,Copernicus III,Planet,0005E257,CopernicusIIIPlanetData,76816,0,3,Organic,0022462C,ResOrgCommonStructuralFaunaHerbivore,Structural,Common
Copernicus,Copernicus III,Planet,0005E257,CopernicusIIIPlanetData,76816,0,3,Organic,00077820,ResOrgUncommonAntimicrobial,Antimicrobial,Uncommon
Copernicus,Copernicus III,Planet,0005E257,CopernicusIIIPlanetData,76816,0,3,Organic,002246D8,ResOrgUncommonAntimicrobialFaunaHerbivore,Antimicrobial,Uncommon
Copernicus,Copernicus III,Planet,0005E257,CopernicusIIIPlanetData,76816,0,3,Organic,0007782A,ResOrgRareAminoAcids,AminoAcids,Rare
Copernicus,Copernicus III-a,Moon,0005E258,CopernicusIII-aPlanetData,76816,3,10,Inorganic,000057D6,ResInorgCommonAluminum,Aluminum,Common
Copernicus,Copernicus III-a,Moon,0005E258,CopernicusIII-aPlanetData,76816,3,10,Inorganic,000057F5,ResInorgCommonHelium3_G,Helium3,Common
Copernicus,Copernicus III-a,Moon,0005E258,CopernicusIII-aPlanetData,76816,3,10,Inorganic,000057D8,ResInorgUncommonBeryllium,Beryllium,Uncommon
Copernicus,Copernicus III-a,Moon,0005E258,CopernicusIII-aPlanetData,76816,3,10,Inorganic,000057E2,ResInorgExoticEuropium,Europium,Exotic
Copernicus,Copernicus IV,Planet,0005E259,CopernicusIVPlanetData,76816,0,4,Inorganic,000057D6,ResInorgCommonAluminum,Aluminum,Common
Copernicus,Copernicus IV,Planet,0005E259,CopernicusIVPlanetData,76816,0,4,Inorganic,000057EA,ResInorgCommonArgon_G,Argon,Common
Copernicus,Copernicus IV,Planet,0005E259,CopernicusIVPlanetData,76816,0,4,Inorganic,000057CB,ResInorgCommonNickel,Nickel,Common
Copernicus,Copernicus IV,Planet,0005E259,CopernicusIVPlanetData,76816,0,4,Inorganic,000083EC,ResInorgCommonWater_L,Water,Common
Copernicus,Copernicus IV,Planet,0005E259,CopernicusIVPlanetData,76816,0,4,Inorganic,000057D8,ResInorgUncommonBeryllium,Beryllium,Uncommon
Copernicus,Copernicus IV,Planet,0005E259,CopernicusIVPlanetData,76816,0,4,Organic,00224642,ResOrgCommonFiberFaunaHerbivore,Fiber,Common
Copernicus,Copernicus IV,Planet,0005E259,CopernicusIVPlanetData,76816,0,4,Organic,000777E6,ResOrgCommonNutrient,Nutrient,Common
Copernicus,Copernicus IV,Planet,0005E259,CopernicusIVPlanetData,76816,0,4,Organic,0007782D,ResOrgCommonSealant,Sealant,Common
Copernicus,Copernicus IV,Planet,0005E259,CopernicusIVPlanetData,76816,0,4,Organic,000777FA,ResOrgCommonStructural,Structural,Common
Copernicus,Copernicus IV,Planet,0005E259,CopernicusIVPlanetData,76816,0,4,Organic,0007782C,ResOrgUncommonMembrane,Membrane,Uncommon
Copernicus,Copernicus IV,Planet,0005E259,CopernicusIVPlanetData,76816,0,4,Organic,0022464D,ResOrgUncommonMembraneFaunaCarnivore,Membrane,Uncommon
Copernicus,Copernicus IV,Planet,0005E259,CopernicusIVPlanetData,76816,0,4,Organic,00224630,ResOrgUncommonMembraneFaunaHerbivore,Membrane,Uncommon
Copernicus,Copernicus V,Planet,0005E25A,CopernicusVPlanetData,76816,0,5,Inorganic,000057EA,ResInorgCommonArgon_G,Argon,Common
Copernicus,Copernicus V,Planet,0005E25A,CopernicusVPlanetData,76816,0,5,Inorganic,000057D5,ResInorgCommonChlorine_G,Chlorine,Common
Copernicus,Copernicus V,Planet,0005E25A,CopernicusVPlanetData,76816,0,5,Inorganic,000057CB,ResInorgCommonNickel,Nickel,Common
Copernicus,Copernicus V,Planet,0005E25A,CopernicusVPlanetData,76816,0,5,Inorganic,000083EC,ResInorgCommonWater_L,Water,Common
Copernicus,Copernicus V,Planet,0005E25A,CopernicusVPlanetData,76816,0,5,Inorganic,000057DA,ResInorgRareLithium,Lithium,Rare
Copernicus,Copernicus VI,Planet,0005E25B,CopernicusVIPlanetData,76816,0,6,Inorganic,000057D6,ResInorgCommonAluminum,Aluminum,Common
Copernicus,Copernicus VI,Planet,0005E25B,CopernicusVIPlanetData,76816,0,6,Inorganic,000057F5,ResInorgCommonHelium3_G,Helium3,Common
Copernicus,Copernicus VI,Planet,0005E25B,CopernicusVIPlanetData,76816,0,6,Inorganic,000057DB,ResInorgRareNeodymium,Neodymium,Rare
Copernicus,Copernicus VI,Planet,0005E25B,CopernicusVIPlanetData,76816,0,6,Inorganic,000057E2,ResInorgExoticEuropium,Europium,Exotic
Copernicus,Copernicus VII-a,Moon,0005E25E,CopernicusVII-aPlanetData,76816,7,12,Inorganic,000057D5,ResInorgCommonChlorine_G,Chlorine,Common
Copernicus,Copernicus VII-a,Moon,0005E25E,CopernicusVII-aPlanetData,76816,7,12,Inorganic,000057CF,ResInorgCommonCopper,Copper,Common
Copernicus,Copernicus VII-a,Moon,0005E25E,CopernicusVII-aPlanetData,76816,7,12,Inorganic,000057CB,ResInorgCommonNickel,Nickel,Common
Copernicus,Copernicus VII-a,Moon,0005E25E,CopernicusVII-aPlanetData,76816,7,12,Inorganic,000083EC,ResInorgCommonWater_L,Water,Common
Copernicus,Copernicus VII-a,Moon,0005E25E,CopernicusVII-aPlanetData,76816,7,12,Inorganic,000057D0,ResInorgUncommonFluorine_G,Fluorine,Uncommon
Copernicus,Copernicus VII-b,Moon,0005E25D,CopernicusVII-bPlanetData,76816,7,11,Inorganic,000057D5,ResInorgCommonChlorine_G,Chlorine,Common
Copernicus,Copernicus VII-b,Moon,0005E25D,CopernicusVII-bPlanetData,76816,7,11,Inorganic,000083EC,ResInorgCommonWater_L,Water,Common
Copernicus,Copernicus VII-b,Moon,0005E25D,CopernicusVII-bPlanetData,76816,7,11,Inorganic,000057D7,ResInorgUncommonChlorosilanes_L,Chlorosilanes,Uncommon
Copernicus,Copernicus VII-b,Moon,0005E25D,CopernicusVII-bPlanetData,76816,7,11,Inorganic,000057DA,ResInorgRareLithium,Lithium,Rare
Copernicus,Copernicus VIII-a,Moon,0005E262,CopernicusVIII-aPlanetData,76816,8,15,Inorganic,000057D5,ResInorgCommonChlorine_G,Chlorine,Common
Copernicus,Copernicus VIII-a,Moon,0005E262,CopernicusVIII-aPlanetData,76816,8,15,Inorganic,000083EC,ResInorgCommonWater_L,Water,Common
Copernicus,Copernicus VIII-a,Moon,0005E262,CopernicusVIII-aPlanetData,76816,8,15,Inorganic,000057D7,ResInorgUncommonChlorosilanes_L,Chlorosilanes,Uncommon
Copernicus,Copernicus VIII-a,Moon,0005E262,CopernicusVIII-aPlanetData,76816,8,15,Inorganic,000057DA,ResInorgRareLithium,Lithium,Rare
Copernicus,Copernicus VIII-a,Moon,0005E262,CopernicusVIII-aPlanetData,76816,8,15,Inorganic,000057DC,ResInorgExoticXenon_G,Xenon,Exotic
Copernicus,Copernicus VIII-b,Moon,0005E260,CopernicusVIII-bPlanetData,76816,8,13,Inorganic,000057C1,ResInorgCommonLead,Lead,Common
Copernicus,Copernicus VIII-b,Moon,0005E260,CopernicusVIII-bPlanetData,76816,8,13,Inorganic,000083EC,ResInorgCommonWater_L,Water,Common
Copernicus,Copernicus VIII-c,Moon,0005E261,CopernicusVIII-cPlanetData,76816,8,14,Inorganic,000057C1,ResInorgCommonLead,Lead,Common
Copernicus,Copernicus VIII-c,Moon,0005E261,CopernicusVIII-cPlanetData,76816,8,14,Inorganic,000083EC,ResInorgCommonWater_L,Water,Common
Copernicus,Copernicus VIII-c,Moon,0005E261,CopernicusVIII-cPlanetData,76816,8,14,Inorganic,000057C6,ResInorgRareTitanium,Titanium,Rare
Copernicus,Copernicus VIII-d,Moon,0005E263,CopernicusVIII-dPlanetData,76816,8,16,Inorganic,000057CB,ResInorgCommonNickel,Nickel,Common
Copernicus,Copernicus VIII-d,Moon,0005E263,CopernicusVIII-dPlanetData,76816,8,16,Inorganic,000083EC,ResInorgCommonWater_L,Water,Common
Copernicus,Copernicus VIII-d,Moon,0005E263,CopernicusVIII-dPlanetData,76816,8,16,Inorganic,000057CE,ResInorgUncommonCobalt,Cobalt,Uncommon
Copernicus Minor,Copernicus Minor I-a,Moon,0005E252,CopernicusMinorI-aPlanetData,119039,1,4,Inorganic,000057D5,ResInorgCommonChlorine_G,Chlorine,Common
Copernicus Minor,Copernicus Minor I-a,Moon,0005E252,CopernicusMinorI-aPlanetData,119039,1,4,Inorganic,000083EC,ResInorgCommonWater_L,Water,Common
Copernicus Minor,Copernicus Minor I-a,Moon,0005E252,CopernicusMinorI-aPlanetData,119039,1,4,Inorganic,000057DA,ResInorgRareLithium,Lithium,Rare
Copernicus Minor,Copernicus Minor I-a,Moon,0005E252,CopernicusMinorI-aPlanetData,119039,1,4,Organic,00224640,ResOrgCommonNutrientFaunaHerbivore,Nutrient,Common
Copernicus Minor,Copernicus Minor I-a,Moon,0005E252,CopernicusMinorI-aPlanetData,119039,1,4,Organic,0022463E,ResOrgCommonToxinFaunaHerbivore,Toxin,Common
Copernicus Minor,Copernicus Minor I-a,Moon,0005E252,CopernicusMinorI-aPlanetData,119039,1,4,Organic,0022464A,ResOrgUncommonSpiceFaunaCarnivore,Spice,Uncommon
Copernicus Minor,Copernicus Minor I-b,Moon,0005E251,CopernicusMinorI-bPlanetData,119039,1,3,Inorganic,000057D5,ResInorgCommonChlorine_G,Chlorine,Common
Copernicus Minor,Copernicus Minor I-b,Moon,0005E251,CopernicusMinorI-bPlanetData,119039,1,3,Inorganic,000057C7,ResInorgCommonIron,Iron,Common
Copernicus Minor,Copernicus Minor I-b,Moon,0005E251,CopernicusMinorI-bPlanetData,119039,1,3,Inorganic,000083EC,ResInorgCommonWater_L,Water,Common
Copernicus Minor,Copernicus Minor I-b,Moon,0005E251,CopernicusMinorI-bPlanetData,119039,1,3,Inorganic,000057C9,ResInorgUncommonAlkanes_G,Alkanes,Uncommon
Copernicus Minor,Copernicus Minor I-b,Moon,0005E251,CopernicusMinorI-bPlanetData,119039,1,3,Inorganic,000057D7,ResInorgUncommonChlorosilanes_L,Chlorosilanes,Uncommon
Copernicus Minor,Copernicus Minor I-b,Moon,0005E251,CopernicusMinorI-bPlanetData,119039,1,3,Inorganic,000057DA,ResInorgRareLithium,Lithium,Rare
Decaran,Decaran I,Planet,0005DF74,DecaranIPlanetData,119105,0,1,Inorganic,000057EA,ResInorgCommonArgon_G,Argon,Common
Decaran,Decaran I,Planet,0005DF74,DecaranIPlanetData,119105,0,1,Inorganic,000057C7,ResInorgCommonIron,Iron,Common
Decaran,Decaran I,Planet,0005DF74,DecaranIPlanetData,119105,0,1,Inorganic,000083EC,ResInorgCommonWater_L,Water,Common
Decaran,Decaran I,Planet,0005DF74,DecaranIPlanetData,119105,0,1,Inorganic,000057E7,ResInorgUncommonBenzene_G,Benzene,Uncommon
Decaran,Decaran I,Planet,0005DF74,DecaranIPlanetData,119105,0,1,Inorganic,000057E8,ResInorgRareCarboxylicAcids_L,CarboxylicAcids,Rare
Decaran,Decaran I,Planet,0005DF74,DecaranIPlanetData,119105,0,1,Organic,00077821,ResOrgCommonFiber,Fiber,Common
Decaran,Decaran I,Planet,0005DF74,DecaranIPlanetData,119105,0,1,Organic,0029F3FD,ResOrgCommonMetabolicAgent,MetabolicAgent,Common
Decaran,Decaran I,Planet,0005DF74,DecaranIPlanetData,119105,0,1,Organic,000777E6,ResOrgCommonNutrient,Nutrient,Common
Decaran,Decaran I,Planet,0005DF74,DecaranIPlanetData,119105,0,1,Organic,0007782D,ResOrgCommonSealant,Sealant,Common
Decaran,Decaran I,Planet,0005DF74,DecaranIPlanetData,119105,0,1,Organic,0022463E,ResOrgCommonToxinFaunaHerbivore,Toxin,Common
Decaran,Decaran I,Planet,0005DF74,DecaranIPlanetData,119105,0,1,Organic,002246D8,ResOrgUncommonAntimicrobialFaunaHerbivore,Antimicrobial,Uncommon
Decaran,Decaran I,Planet,0005DF74,DecaranIPlanetData,119105,0,1,Organic,00224630,ResOrgUncommonMembraneFaunaHerbivore,Membrane,Uncommon
Decaran,Decaran I,Planet,0005DF74,DecaranIPlanetData,119105,0,1,Organic,0007782A,ResOrgRareAminoAcids,AminoAcids,Rare
Decaran,Decaran I,Planet,0005DF74,DecaranIPlanetData,119105,0,1,Organic,00224658,ResOrgExoticLubricantFaunaCarnivore,Lubricant,Exotic
Decaran,Decaran II,Planet,0005DF75,DecaranIIPlanetData,119105,0,2,Inorganic,000057D6,ResInorgCommonAluminum,Aluminum,Common
Decaran,Decaran II,Planet,0005DF75,DecaranIIPlanetData,119105,0,2,Inorganic,000057F5,ResInorgCommonHelium3_G,Helium3,Common
Decaran,Decaran II,Planet,0005DF75,DecaranIIPlanetData,119105,0,2,Inorganic,000057D8,ResInorgUncommonBeryllium,Beryllium,Uncommon
Decaran,Decaran II,Planet,0005DF75,DecaranIIPlanetData,119105,0,2,Inorganic,000057E2,ResInorgExoticEuropium,Europium,Exotic
Decaran,Decaran III,Planet,0005DF76,DecaranIIIPlanetData,119105,0,3,Inorganic,000057CF,ResInorgCommonCopper,Copper,Common
Decaran,Decaran III,Planet,0005DF76,DecaranIIIPlanetData,119105,0,3,Inorganic,000057C1,ResInorgCommonLead,Lead,Common
Decaran,Decaran III,Planet,0005DF76,DecaranIIIPlanetData,119105,0,3,Inorganic,000057CB,ResInorgCommonNickel,Nickel,Common
Decaran,Decaran III,Planet,0005DF76,DecaranIIIPlanetData,119105,0,3,Inorganic,000057EB,ResInorgCommonUranium,Uranium,Common
Decaran,Decaran III,Planet,0005DF76,DecaranIIIPlanetData,119105,0,3,Inorganic,000083EC,ResInorgCommonWater_L,Water,Common
Decaran,Decaran III,Planet,0005DF76,DecaranIIIPlanetData,119105,0,3,Inorganic,000057CE,ResInorgUncommonCobalt,Cobalt,Uncommon
Decaran,Decaran III,Planet,0005DF76,DecaranIIIPlanetData,119105,0,3,Inorganic,000057C4,ResInorgUncommonTungsten,Tungsten,Uncommon
Decaran,Decaran III,Planet,0005DF76,DecaranIIIPlanetData,119105,0,3,Inorganic,000057CD,ResInorgExoticPalladium,Palladium,Exotic
Decaran,Decaran IV,Planet,0005DF77,DecaranIVPlanetData,119105,0,4,Inorganic,000057D6,ResInorgCommonAluminum,Aluminum,Common
Decaran,Decaran IV,Planet,0005DF77,DecaranIVPlanetData,119105,0,4,Inorganic,000057F5,ResInorgCommonHelium3_G,Helium3,Common
Decaran,Decaran IV,Planet,0005DF77,DecaranIVPlanetData,119105,0,4,Inorganic,000057D8,ResInorgUncommonBeryllium,Beryllium,Uncommon
Decaran,Decaran IX,Planet,0005DF83,DecaranIXPlanetData,119105,0,9,Inorganic,000057D6,ResInorgCommonAluminum,Aluminum,Common
Decaran,Decaran IX,Planet,0005DF83,DecaranIXPlanetData,119105,0,9,Inorganic,000057F5,ResInorgCommonHelium3_G,Helium3,Common
Decaran,Decaran IX,Planet,0005DF83,DecaranIXPlanetData,119105,0,9,Inorganic,000057D8,ResInorgUncommonBeryllium,Beryllium,Uncommon
Decaran,Decaran V,Planet,0005DF78,DecaranVPlanetData,119105,0,5,Inorganic,000057D6,ResInorgCommonAluminum,Aluminum,Common
Decaran,Decaran V,Planet,0005DF78,DecaranVPlanetData,119105,0,5,Inorganic,000057F5,ResInorgCommonHelium3_G,Helium3,Common
Decaran,Decaran V,Planet,0005DF78,DecaranVPlanetData,119105,0,5,Inorganic,000057D8,ResInorgUncommonBeryllium,Beryllium,Uncommon
Decaran,Decaran V-a,Moon,0005DF79,DecaranV-aPlanetData,119105,5,11,Inorganic,000057F5,ResInorgCommonHelium3_G,Helium3,Common
Decaran,Decaran V-a,Moon,0005DF79,DecaranV-aPlanetData,119105,5,11,Inorganic,000057C7,ResInorgCommonIron,Iron,Common
Decaran,Decaran V-b,Moon,0005DF7A,DecaranV-bPlanetData,119105,5,12,Inorganic,000057D6,ResInorgCommonAluminum,Aluminum,Common
Decaran,Decaran V-b,Moon,0005DF7A,DecaranV-bPlanetData,119105,5,12,Inorganic,000057F5,ResInorgCommonHelium3_G,Helium3,Common
Decaran,Decaran V-b,Moon,0005DF7A,DecaranV-bPlanetData,119105,5,12,Inorganic,000057D8,ResInorgUncommonBeryllium,Beryllium,Uncommon
Decaran,Decaran VI-a,Moon,0005DF7C,DecaranVI-aPlanetData,119105,6,15,Inorganic,000057CF,ResInorgCommonCopper,Copper,Common
Decaran,Decaran VI-a,Moon,0005DF7C,DecaranVI-aPlanetData,119105,6,15,Inorganic,000083EC,ResInorgCommonWater_L,Water,Common
Decaran,Decaran VI-a,Moon,0005DF7C,DecaranVI-aPlanetData,119105,6,15,Inorganic,000057D0,ResInorgUncommonFluorine_G,Fluorine,Uncommon
Decaran,Decaran VII,Planet,0005DF7D,DecaranVIIPlanetData,119105,0,7,Inorganic,000057D6,ResInorgCommonAluminum,Aluminum,Common
Decaran,Decaran VII,Planet,0005DF7D,DecaranVIIPlanetData,119105,0,7,Inorganic,000057F5,ResInorgCommonHelium3_G,Helium3,Common
Decaran,Decaran VII-a,Moon,0005DF7E,DecaranVII-aPlanetData,119105,7,13,Inorganic,000057D5,ResInorgCommonChlorine_G,Chlorine,Common
Decaran,Decaran VII-a,Moon,0005DF7E,DecaranVII-aPlanetData,119105,7,13,Inorganic,000083EC,ResInorgCommonWater_L,Water,Common
Decaran,Decaran VII-a,Moon,0005DF7E,DecaranVII-aPlanetData,119105,7,13,Inorganic,000057D7,ResInorgUncommonChlorosilanes_L,Chlorosilanes,Uncommon
Decaran,Decaran VII-b,Moon,0005DF7F,DecaranVII-bPlanetData,119105,7,14,Inorganic,000057F5,ResInorgCommonHelium3_G,Helium3,Common
Decaran,Decaran VII-b,Moon,0005DF7F,DecaranVII-bPlanetData,119105,7,14,Inorganic,000057EB,ResInorgCommonUranium,Uranium,Common
Decaran,Decaran VII-b,Moon,0005DF7F,DecaranVII-bPlanetData,119105,7,14,Inorganic,000057EC,ResInorgUncommonIridium,Iridium,Uncommon
Decaran,Decaran VII-b,Moon,0005DF7F,DecaranVII-bPlanetData,119105,7,14,Inorganic,00005DF8,ResInorgUniqueVytinium,Vytinium,Unique
Decaran,Decaran VIII-a,Moon,0005DF81,DecaranVIII-aPlanetData,119105,8,16,Inorganic,000057F5,ResInorgCommonHelium3_G,Helium3,Common
Decaran,Decaran VIII-a,Moon,0005DF81,DecaranVIII-aPlanetData,119105,8,16,Inorganic,000057C7,ResInorgCommonIron,Iron,Common
Decaran,Decaran VIII-b,Moon,0005DF82,DecaranVIII-bPlanetData,119105,8,17,Inorganic,000057CB,ResInorgCommonNickel,Nickel,Common
Decaran,Decaran VIII-b,Moon,0005DF82,DecaranVIII-bPlanetData,119105,8,17,Inorganic,000083EC,ResInorgCommonWater_L,Water,Common
Decaran,Decaran VIII-b,Moon,0005DF82,DecaranVIII-bPlanetData,119105,8,17,Inorganic,000057CE,ResInorgUncommonCobalt,Cobalt,Uncommon
Delta Pavonis,Ampere,Moon,0005E053,AmperePlanetData,98924,7,18,Inorganic,000057C7,ResInorgCommonIron,Iron,Common
Delta Pavonis,Ampere,Moon,0005E053,AmperePlanetData,98924,7,18,Inorganic,000057C1,ResInorgCommonLead,Lead,Common
Delta Pavonis,Ampere,Moon,0005E053,AmperePlanetData,98924,7,18,Inorganic,000057EB,ResInorgCommonUranium,Uranium,Common
Delta Pavonis,Ampere,Moon,0005E053,AmperePlanetData,98924,7,18,Inorganic,000083EC,ResInorgCommonWater_L,Water,Common
Delta Pavonis,Ampere,Moon,0005E053,AmperePlanetData,98924,7,18,Inorganic,000057C9,ResInorgUncommonAlkanes_G,Alkanes,Uncommon
Delta Pavonis,Ampere,Moon,0005E053,AmperePlanetData,98924,7,18,Inorganic,000057EC,ResInorgUncommonIridium,Iridium,Uncommon
Delta Pavonis,Ampere,Moon,0005E053,AmperePlanetData,98924,7,18,Inorganic,000057C3,ResInorgUncommonSilver,Silver,Uncommon
Delta Pavonis,Ampere,Moon,0005E053,AmperePlanetData,98924,7,18,Inorganic,000057ED,ResInorgRareVanadium,Vanadium,Rare
Delta Pavonis,Arachna,Planet,0005E046,ArachnaPlanetData,98924,0,3,Inorganic,000057D5,ResInorgCommonChlorine_G,Chlorine,Common
Delta Pavonis,Arachna,Planet,0005E046,ArachnaPlanetData,98924,0,3,Inorganic,000057C1,ResInorgCommonLead,Lead,Common
Delta Pavonis,Arachna,Planet,0005E046,ArachnaPlanetData,98924,0,3,Inorganic,000057EB,ResInorgCommonUranium,Uranium,Common
Delta Pavonis,Arachna,Planet,0005E046,ArachnaPlanetData,98924,0,3,Inorganic,000083EC,ResInorgCommonWater_L,Water,Common
Delta Pavonis,Arachna,Planet,0005E046,ArachnaPlanetData,98924,0,3,Inorganic,000057D7,ResInorgUncommonChlorosilanes_L,Chlorosilanes,Uncommon
Delta Pavonis,Arachna,Planet,0005E046,ArachnaPlanetData,98924,0,3,Inorganic,000057C4,ResInorgUncommonTungsten,Tungsten,Uncommon
Delta Pavonis,Arachna,Planet,0005E046,ArachnaPlanetData,98924,0,3,Inorganic,000057C2,ResInorgExoticDysprosium,Dysprosium,Exotic
Delta Pavonis,Augur,Moon,0005E050,AugurPlanetData,98924,6,16,Inorganic,000057CF,ResInorgCommonCopper,Copper,Common
Delta Pavonis,Augur,Moon,0005E050,AugurPlanetData,98924,6,16,Inorganic,000083EC,ResInorgCommonWater_L,Water,Common
Delta Pavonis,Augur,Moon,0005E050,AugurPlanetData,98924,6,16,Inorganic,000057D0,ResInorgUncommonFluorine_G,Fluorine,Uncommon
Delta Pavonis,Augur,Moon,0005E050,AugurPlanetData,98924,6,16,Inorganic,000057D1,ResInorgRareTetrafluorides_G,Tetrafluorides,Rare
Delta Pavonis,Bitsy,Moon,0005E049,BitsyPlanetData,98924,3,12,Inorganic,000057D6,ResInorgCommonAluminum,Aluminum,Common
Delta Pavonis,Bitsy,Moon,0005E049,BitsyPlanetData,98924,3,12,Inorganic,000057F5,ResInorgCommonHelium3_G,Helium3,Common
Delta Pavonis,Bitsy,Moon,0005E049,BitsyPlanetData,98924,3,12,Inorganic,000057D8,ResInorgUncommonBeryllium,Beryllium,Uncommon
Delta Pavonis,Bitsy,Moon,0005E049,BitsyPlanetData,98924,3,12,Inorganic,000057DB,ResInorgRareNeodymium,Neodymium,Rare
Delta Pavonis,Bode,Planet,0005E04F,BodePlanetData,98924,0,6,Inorganic,000057D6,ResInorgCommonAluminum,Aluminum,Common
Delta Pavonis,Bode,Planet,0005E04F,BodePlanetData,98924,0,6,Inorganic,000057F5,ResInorgCommonHelium3_G,Helium3,Common
Delta Pavonis,Bode,Planet,0005E04F,BodePlanetData,98924,0,6,Inorganic,000057D8,ResInorgUncommonBeryllium,Beryllium,Uncommon
Delta Pavonis,Bode,Planet,0005E04F,BodePlanetData,98924,0,6,Inorganic,000057DB,ResInorgRareNeodymium,Neodymium,Rare
Delta Pavonis,Bose,Moon,0005E04B,BosePlanetData,98924,4,13,Inorganic,000057F5,ResInorgCommonHelium3_G,Helium3,Common
Delta Pavonis,Bose,Moon,0005E04B,BosePlanetData,98924,4,13,Inorganic,000057C7,ResInorgCommonIron,Iron,Common
Delta Pavonis,Coulomb,Moon,0005E055,CoulombPlanetData,98924,7,20,Inorganic,000057CF,ResInorgCommonCopper,Copper,Common
Delta Pavonis,Coulomb,Moon,0005E055,CoulombPlanetData,98924,7,20,Inorganic,000083EC,ResInorgCommonWater_L,Water,Common
Delta Pavonis,Coulomb,Moon,0005E055,CoulombPlanetData,98924,7,20,Inorganic,000057D0,ResInorgUncommonFluorine_G,Fluorine,Uncommon
Delta Pavonis,Curie,Planet,0005E044,CuriePlanetData,98924,0,1,Inorganic,000057D6,ResInorgCommonAluminum,Aluminum,Common
Delta Pavonis,Curie,Planet,0005E044,CuriePlanetData,98924,0,1,Inorganic,000057F5,ResInorgCommonHelium3_G,Helium3,Common
Delta Pavonis,Gamow,Planet,0005E04A,GamowPlanetData,98924,0,4,Inorganic,000057D5,ResInorgCommonChlorine_G,Chlorine,Common
Delta Pavonis,Gamow,Planet,0005E04A,GamowPlanetData,98924,0,4,Inorganic,000057C7,ResInorgCommonIron,Iron,Common
Delta Pavonis,Gamow,Planet,0005E04A,GamowPlanetData,98924,0,4,Inorganic,000057CB,ResInorgCommonNickel,Nickel,Common
Delta Pavonis,Gamow,Planet,0005E04A,GamowPlanetData,98924,0,4,Inorganic,000083EC,ResInorgCommonWater_L,Water,Common
Delta Pavonis,Gamow,Planet,0005E04A,GamowPlanetData,98924,0,4,Inorganic,000057C9,ResInorgUncommonAlkanes_G,Alkanes,Uncommon
Delta Pavonis,Gamow,Planet,0005E04A,GamowPlanetData,98924,0,4,Inorganic,000057D7,ResInorgUncommonChlorosilanes_L,Chlorosilanes,Uncommon
Delta Pavonis,Gamow,Planet,0005E04A,GamowPlanetData,98924,0,4,Inorganic,000057CE,ResInorgUncommonCobalt,Cobalt,Uncommon
Delta Pavonis,Gamow,Planet,0005E04A,GamowPlanetData,98924,0,4,Inorganic,000057DA,ResInorgRareLithium,Lithium,Rare
Delta Pavonis,Herald,Moon,0005E051,HeraldPlanetData,98924,6,17,Inorganic,000057D6,ResInorgCommonAluminum,Aluminum,Common
Delta Pavonis,Herald,Moon,0005E051,HeraldPlanetData,98924,6,17,Inorganic,000057F5,ResInorgCommonHelium3_G,Helium3,Common
Delta Pavonis,Herald,Moon,0005E051,HeraldPlanetData,98924,6,17,Inorganic,000057D8,ResInorgUncommonBeryllium,Beryllium,Uncommon
Delta Pavonis,Magnar,Planet,0005E045,MagnarPlanetData,98924,0,2,Inorganic,000057D6,ResInorgCommonAluminum,Aluminum,Common
Delta Pavonis,Magnar,Planet,0005E045,MagnarPlanetData,98924,0,2,Inorganic,000057EA,ResInorgCommonArgon_G,Argon,Common
Delta Pavonis,Magnar,Planet,0005E045,MagnarPlanetData,98924,0,2,Inorganic,000057C1,ResInorgCommonLead,Lead,Common
Delta Pavonis,Magnar,Planet,0005E045,MagnarPlanetData,98924,0,2,Inorganic,000057CB,ResInorgCommonNickel,Nickel,Common
Delta Pavonis,Magnar,Planet,0005E045,MagnarPlanetData,98924,0,2,Inorganic,000083EC,ResInorgCommonWater_L,Water,Common
Delta Pavonis,Magnar,Planet,0005E045,MagnarPlanetData,98924,0,2,Inorganic,000057D8,ResInorgUncommonBeryllium,Beryllium,Uncommon
Delta Pavonis,Magnar,Planet,0005E045,MagnarPlanetData,98924,0,2,Inorganic,000057CE,ResInorgUncommonCobalt,Cobalt,Uncommon
Delta Pavonis,Magnar,Planet,0005E045,MagnarPlanetData,98924,0,2,Inorganic,000057C3,ResInorgUncommonSilver,Silver,Uncommon
Delta Pavonis,Magnar,Planet,0005E045,MagnarPlanetData,98924,0,2,Organic,00077821,ResOrgCommonFiber,Fiber,Common
Delta Pavonis,Magnar,Planet,0005E045,MagnarPlanetData,98924,0,2,Organic,0022465E,ResOrgCommonMetabolicAgentFaunaCarnivore,MetabolicAgent,Common
Delta Pavonis,Magnar,Planet,0005E045,MagnarPlanetData,98924,0,2,Organic,000777E6,ResOrgCommonNutrient,Nutrient,Common
Delta Pavonis,Magnar,Planet,0005E045,MagnarPlanetData,98924,0,2,Organic,0007782D,ResOrgCommonSealant,Sealant,Common
Delta Pavonis,Magnar,Planet,0005E045,MagnarPlanetData,98924,0,2,Organic,0022465B,ResOrgCommonToxinFaunaCarnivore,Toxin,Common
Delta Pavonis,Magnar,Planet,0005E045,MagnarPlanetData,98924,0,2,Organic,00224631,ResOrgUncommonCosmeticFaunaHerbivore,Cosmetic,Uncommon
Delta Pavonis,Magnar,Planet,0005E045,MagnarPlanetData,98924,0,2,Organic,00224630,ResOrgUncommonMembraneFaunaHerbivore,Membrane,Uncommon
Delta Pavonis,Magnar,Planet,0005E045,MagnarPlanetData,98924,0,2,Organic,00077822,ResOrgUncommonOrnamental,Ornamental,Uncommon
Delta Pavonis,Magnar,Planet,0005E045,MagnarPlanetData,98924,0,2,Organic,00224654,ResOrgRareAdhesiveFaunaCarnivore,Adhesive,Rare
Delta Pavonis,Magnar,Planet,0005E045,MagnarPlanetData,98924,0,2,Organic,0022465A,ResOrgExoticBiosuppressantFaunaCarnivore,Biosuppressant,Exotic
Delta Pavonis,Nascent,Planet,0005E04C,NascentPlanetData,98924,0,5,Inorganic,000057F5,ResInorgCommonHelium3_G,Helium3,Common
Delta Pavonis,Nascent,Planet,0005E04C,NascentPlanetData,98924,0,5,Inorganic,000057C7,ResInorgCommonIron,Iron,Common
Delta Pavonis,Ohm,Moon,0005E056,OhmPlanetData,98924,7,21,Inorganic,000057CF,ResInorgCommonCopper,Copper,Common
Delta Pavonis,Ohm,Moon,0005E056,OhmPlanetData,98924,7,21,Inorganic,000083EC,ResInorgCommonWater_L,Water,Common
Delta Pavonis,Ohm,Moon,0005E056,OhmPlanetData,98924,7,21,Inorganic,000057D0,ResInorgUncommonFluorine_G,Fluorine,Uncommon
Delta Pavonis,Rudiment,Moon,0005E04D,RudimentPlanetData,98924,5,14,Inorganic,000057F5,ResInorgCommonHelium3_G,Helium3,Common
Delta Pavonis,Rudiment,Moon,0005E04D,RudimentPlanetData,98924,5,14,Inorganic,000057C7,ResInorgCommonIron,Iron,Common
Delta Pavonis,Volt,Moon,0005E054,VoltPlanetData,98924,7,19,Inorganic,000057CF,ResInorgCommonCopper,Copper,Common
Delta Pavonis,Volt,Moon,0005E054,VoltPlanetData,98924,7,19,Inorganic,000057C7,ResInorgCommonIron,Iron,Common
Delta Pavonis,Volt,Moon,0005E054,VoltPlanetData,98924,7,19,Inorganic,000057CB,ResInorgCommonNickel,Nickel,Common
Delta Pavonis,Volt,Moon,0005E054,VoltPlanetData,98924,7,19,Inorganic,000057EB,ResInorgCommonUranium,Uranium,Common
Delta Pavonis,Volt,Moon,0005E054,VoltPlanetData,98924,7,19,Inorganic,000083EC,ResInorgCommonWater_L,Water,Common
Delta Pavonis,Volt,Moon,0005E054,VoltPlanetData,98924,7,19,Inorganic,000057CA,ResInorgExoticYtterbium,Ytterbium,Exotic
Delta Pavonis,Worthless,Moon,0005E048,WorthlessPlanetData,98924,3,11,Inorganic,000057F5,ResInorgCommonHelium3_G,Helium3,Common
Delta Pavonis,Worthless,Moon,0005E048,WorthlessPlanetData,98924,3,11,Inorganic,000057C7,ResInorgCommonIron,Iron,Common
Delta Vulpes,Delta Vulpes II,Planet,0005E267,DeltaVulpesIIPlanetData,75493,0,2,Inorganic,000057C7,ResInorgCommonIron,Iron,Common
Delta Vulpes,Delta Vulpes II,Planet,0005E267,DeltaVulpesIIPlanetData,75493,0,2,Inorganic,000057CB,ResInorgCommonNickel,Nickel,Common
Delta Vulpes,Delta Vulpes II,Planet,0005E267,DeltaVulpesIIPlanetData,75493,0,2,Inorganic,000083EC,ResInorgCommonWater_L,Water,Common
Delta Vulpes,Delta Vulpes II,Planet,0005E267,DeltaVulpesIIPlanetData,75493,0,2,Inorganic,000057CE,ResInorgUncommonCobalt,Cobalt,Uncommon
Delta Vulpes,Delta Vulpes III,Planet,0005E268,DeltaVulpesIIIPlanetData,75493,0,3,Inorganic,000057D6,ResInorgCommonAluminum,Aluminum,Common
Delta Vulpes,Delta Vulpes III,Planet,0005E268,DeltaVulpesIIIPlanetData,75493,0,3,Inorganic,000057F5,ResInorgCommonHelium3_G,Helium3,Common
Delta Vulpes,Delta Vulpes III,Planet,0005E268,DeltaVulpesIIIPlanetData,75493,0,3,Inorganic,000057D8,ResInorgUncommonBeryllium,Beryllium,Uncommon
Delta Vulpes,Delta Vulpes III-a,Moon,0005E269,DeltaVulpesIII-aPlanetData,75493,3,10,Inorganic,000057F5,ResInorgCommonHelium3_G,Helium3,Common
Delta Vulpes,Delta Vulpes III-a,Moon,0005E269,DeltaVulpesIII-aPlanetData,75493,3,10,Inorganic,000057C7,ResInorgCommonIron,Iron,Common
Delta Vulpes,Delta Vulpes III-a,Moon,0005E269,DeltaVulpesIII-aPlanetData,75493,3,10,Inorganic,000057C8,ResInorgRareTantalum,Tantalum,Rare
Delta Vulpes,Delta Vulpes IV-a,Moon,0005E26B,DeltaVulpesIV-aPlanetData,75493,4,11,Inorganic,000057CB,ResInorgCommonNickel,Nickel,Common
Delta Vulpes,Delta Vulpes IV-a,Moon,0005E26B,DeltaVulpesIV-aPlanetData,75493,4,11,Inorganic,000083EC,ResInorgCommonWater_L,Water,Common
Delta Vulpes,Delta Vulpes V-a,Moon,0005E271,DeltaVulpesV-aPlanetData,75493,5,16,Inorganic,000057EA,ResInorgCommonArgon_G,Argon,Common
Delta Vulpes,Delta Vulpes V-a,Moon,0005E271,DeltaVulpesV-aPlanetData,75493,5,16,Inorganic,000083EC,ResInorgCommonWater_L,Water,Common
Delta Vulpes,Delta Vulpes V-a,Moon,0005E271,DeltaVulpesV-aPlanetData,75493,5,16,Inorganic,000057E7,ResInorgUncommonBenzene_G,Benzene,Uncommon
Delta Vulpes,Delta Vulpes V-a,Moon,0005E271,DeltaVulpesV-aPlanetData,75493,5,16,Inorganic,000057E8,ResInorgRareCarboxylicAcids_L,CarboxylicAcids,Rare
Delta Vulpes,Delta Vulpes V-b,Moon,0005E270,DeltaVulpesV-bPlanetData,75493,5,15,Inorganic,000057EA,ResInorgCommonArgon_G,Argon,Common
Delta Vulpes,Delta Vulpes V-b,Moon,0005E270,DeltaVulpesV-bPlanetData,75493,5,15,Inorganic,000083EC,ResInorgCommonWater_L,Water,Common
Delta Vulpes,Delta Vulpes V-c,Moon,0005E26E,DeltaVulpesV-cPlanetData,75493,5,13,Inorganic,000057D6,ResInorgCommonAluminum,Aluminum,Common
Delta Vulpes,Delta Vulpes V-c,Moon,0005E26E,DeltaVulpesV-cPlanetData,75493,5,13,Inorganic,000057D5,ResInorgCommonChlorine_G,Chlorine,Common
Delta Vulpes,Delta Vulpes V-c,Moon,0005E26E,DeltaVulpesV-cPlanetData,75493,5,13,Inorganic,000057CF,ResInorgCommonCopper,Copper,Common
Delta Vulpes,Delta Vulpes V-c,Moon,0005E26E,DeltaVulpesV-cPlanetData,75493,5,13,Inorganic,000057F5,ResInorgCommonHelium3_G,Helium3,Common
Delta Vulpes,Delta Vulpes V-c,Moon,0005E26E,DeltaVulpesV-cPlanetData,75493,5,13,Inorganic,000057C7,ResInorgCommonIron,Iron,Common
Delta Vulpes,Delta Vulpes V-c,Moon,0005E26E,DeltaVulpesV-cPlanetData,75493,5,13,Inorganic,000057EB,ResInorgCommonUranium,Uranium,Common
Delta Vulpes,Delta Vulpes V-c,Moon,0005E26E,DeltaVulpesV-cPlanetData,75493,5,13,Inorganic,000083EC,ResInorgCommonWater_L,Water,Common
Delta Vulpes,Delta Vulpes V-c,Moon,0005E26E,DeltaVulpesV-cPlanetData,75493,5,13,Inorganic,000057D1,ResInorgRareTetrafluorides_G,Tetrafluorides,Rare
Delta Vulpes,Delta Vulpes V-c,Moon,0005E26E,DeltaVulpesV-cPlanetData,75493,5,13,Organic,00224640,ResOrgCommonNutrientFaunaHerbivore,Nutrient,Common
Delta Vulpes,Delta Vulpes V-c,Moon,0005E26E,DeltaVulpesV-cPlanetData,75493,5,13,Organic,0022464B,ResOrgCommonSealantFaunaCarnivore,Sealant,Common
Delta Vulpes,Delta Vulpes V-c,Moon,0005E26E,DeltaVulpesV-cPlanetData,75493,5,13,Organic,0022462C,ResOrgCommonStructuralFaunaHerbivore,Structural,Common
Delta Vulpes,Delta Vulpes V-d,Moon,0005E26F,DeltaVulpesV-dPlanetData,75493,5,14,Inorganic,000057CF,ResInorgCommonCopper,Copper,Common
Delta Vulpes,Delta Vulpes V-d,Moon,0005E26F,DeltaVulpesV-dPlanetData,75493,5,14,Inorganic,000083EC,ResInorgCommonWater_L,Water,Common
Delta Vulpes,Delta Vulpes V-d,Moon,0005E26F,DeltaVulpesV-dPlanetData,75493,5,14,Inorganic,000057D0,ResInorgUncommonFluorine_G,Fluorine,Uncommon
Delta Vulpes,Delta Vulpes V-e,Moon,0005E26D,DeltaVulpesV-ePlanetData,75493,5,12,Inorganic,000057EA,ResInorgCommonArgon_G,Argon,Common
Delta Vulpes,Delta Vulpes V-e,Moon,0005E26D,DeltaVulpesV-ePlanetData,75493,5,12,Inorganic,000083EC,ResInorgCommonWater_L,Water,Common
Delta Vulpes,Delta Vulpes V-e,Moon,0005E26D,DeltaVulpesV-ePlanetData,75493,5,12,Inorganic,000057E7,ResInorgUncommonBenzene_G,Benzene,Uncommon
Delta Vulpes,Delta Vulpes V-e,Moon,0005E26D,DeltaVulpesV-ePlanetData,75493,5,12,Inorganic,000057E9,ResInorgExoticNeon_G,Neon,Exotic
Delta Vulpes,Delta Vulpes VI-a,Moon,0005E273,DeltaVulpesVI-aPlanetData,75493,6,17,Inorganic,000057CF,ResInorgCommonCopper,Copper,Common
Delta Vulpes,Delta Vulpes VI-a,Moon,0005E273,DeltaVulpesVI-aPlanetData,75493,6,17,Inorganic,000083EC,ResInorgCommonWater_L,Water,Common
Delta Vulpes,Delta Vulpes VI-a,Moon,0005E273,DeltaVulpesVI-aPlanetData,75493,6,17,Inorganic,000057D0,ResInorgUncommonFluorine_G,Fluorine,Uncommon
Delta Vulpes,Delta Vulpes VII,Planet,0005E274,DeltaVulpesVIIPlanetData,75493,0,7,Inorganic,000057F5,ResInorgCommonHelium3_G,Helium3,Common
Delta Vulpes,Delta Vulpes VII,Planet,0005E274,DeltaVulpesVIIPlanetData,75493,0,7,Inorganic,000057C7,ResInorgCommonIron,Iron,Common
Delta Vulpes,Delta Vulpes VII,Planet,0005E274,DeltaVulpesVIIPlanetData,75493,0,7,Inorganic,000057C9,ResInorgUncommonAlkanes_G,Alkanes,Uncommon
Denebola,Denebola I-a,Moon,0005E469,DenebolaI-aPlanetData,57459,1,5,Inorganic,000057D6,ResInorgCommonAluminum,Aluminum,Common
Denebola,Denebola I-a,Moon,0005E469,DenebolaI-aPlanetData,57459,1,5,Inorganic,000057F5,ResInorgCommonHelium3_G,Helium3,Common
Denebola,Denebola I-b,Moon,0005E46A,DenebolaI-bPlanetData,57459,1,6,Inorganic,000057CF,ResInorgCommonCopper,Copper,Common
Denebola,Denebola I-b,Moon,0005E46A,DenebolaI-bPlanetData,57459,1,6,Inorganic,000057C7,ResInorgCommonIron,Iron,Common
Denebola,Denebola I-b,Moon,0005E46A,DenebolaI-bPlanetData,57459,1,6,Inorganic,000057C1,ResInorgCommonLead,Lead,Common
Denebola,Denebola I-b,Moon,0005E46A,DenebolaI-bPlanetData,57459,1,6,Inorganic,000057EB,ResInorgCommonUranium,Uranium,Common
Denebola,Denebola I-b,Moon,0005E46A,DenebolaI-bPlanetData,57459,1,6,Inorganic,000083EC,ResInorgCommonWater_L,Water,Common
Denebola,Denebola I-b,Moon,0005E46A,DenebolaI-bPlanetData,57459,1,6,Inorganic,000057EC,ResInorgUncommonIridium,Iridium,Uncommon
Denebola,Denebola I-b,Moon,0005E46A,DenebolaI-bPlanetData,57459,1,6,Inorganic,000057C3,ResInorgUncommonSilver,Silver,Uncommon
Denebola,Denebola I-b,Moon,0005E46A,DenebolaI-bPlanetData,57459,1,6,Organic,00224642,ResOrgCommonFiberFaunaHerbivore,Fiber,Common
Denebola,Denebola I-b,Moon,0005E46A,DenebolaI-bPlanetData,57459,1,6,Organic,00224640,ResOrgCommonNutrientFaunaHerbivore,Nutrient,Common
Denebola,Denebola I-b,Moon,0005E46A,DenebolaI-bPlanetData,57459,1,6,Organic,0007782D,ResOrgCommonSealant,Sealant,Common
Denebola,Denebola I-b,Moon,0005E46A,DenebolaI-bPlanetData,57459,1,6,Organic,000777FA,ResOrgCommonStructural,Structural,Common
Denebola,Denebola I-b,Moon,0005E46A,DenebolaI-bPlanetData,57459,1,6,Organic,00077823,ResOrgCommonToxin,Toxin,Common
Denebola,Denebola I-b,Moon,0005E46A,DenebolaI-bPlanetData,57459,1,6,Organic,00224630,ResOrgUncommonMembraneFaunaHerbivore,Membrane,Uncommon
Denebola,Denebola I-b,Moon,0005E46A,DenebolaI-bPlanetData,57459,1,6,Organic,00224634,ResOrgRareAromaticFaunaHerbivore,Aromatic,Rare
Denebola,Denebola I-b,Moon,0005E46A,DenebolaI-bPlanetData,57459,1,6,Organic,00224659,ResOrgExoticHypercatalystFaunaCarnivore,Hypercatalyst,Exotic
Denebola,Denebola II-a,Moon,0005E46C,DenebolaII-aPlanetData,57459,2,7,Inorganic,000057D6,ResInorgCommonAluminum,Aluminum,Common
Denebola,Denebola II-a,Moon,0005E46C,DenebolaII-aPlanetData,57459,2,7,Inorganic,000057D5,ResInorgCommonChlorine_G,Chlorine,Common
Denebola,Denebola II-a,Moon,0005E46C,DenebolaII-aPlanetData,57459,2,7,Inorganic,000057F5,ResInorgCommonHelium3_G,Helium3,Common
Denebola,Denebola II-a,Moon,0005E46C,DenebolaII-aPlanetData,57459,2,7,Inorganic,000057C7,ResInorgCommonIron,Iron,Common
Denebola,Denebola II-a,Moon,0005E46C,DenebolaII-aPlanetData,57459,2,7,Inorganic,000057EB,ResInorgCommonUranium,Uranium,Common
Denebola,Denebola II-a,Moon,0005E46C,DenebolaII-aPlanetData,57459,2,7,Inorganic,000083EC,ResInorgCommonWater_L,Water,Common
Denebola,Denebola II-a,Moon,0005E46C,DenebolaII-aPlanetData,57459,2,7,Inorganic,000057D7,ResInorgUncommonChlorosilanes_L,Chlorosilanes,Uncommon
Denebola,Denebola II-a,Moon,0005E46C,DenebolaII-aPlanetData,57459,2,7,Inorganic,000057DA,ResInorgRareLithium,Lithium,Rare
Denebola,Denebola III-a,Moon,0005E46E,DenebolaIII-aPlanetData,57459,3,8,Inorganic,000057D5,ResInorgCommonChlorine_G,Chlorine,Common
Denebola,Denebola III-a,Moon,0005E46E,DenebolaIII-aPlanetData,57459,3,8,Inorganic,000057F5,ResInorgCommonHelium3_G,Helium3,Common
Denebola,Denebola III-a,Moon,0005E46E,DenebolaIII-aPlanetData,57459,3,8,Inorganic,000057C7,ResInorgCommonIron,Iron,Common
Denebola,Denebola III-a,Moon,0005E46E,DenebolaIII-aPlanetData,57459,3,8,Inorganic,000083EC,ResInorgCommonWater_L,Water,Common
Denebola,Denebola III-a,Moon,0005E46E,DenebolaIII-aPlanetData,57459,3,8,Inorganic,000057C9,ResInorgUncommonAlkanes_G,Alkanes,Uncommon
Denebola,Denebola III-a,Moon,0005E46E,DenebolaIII-aPlanetData,57459,3,8,Inorganic,000057D7,ResInorgUncommonChlorosilanes_L,Chlorosilanes,Uncommon
Denebola,Denebola III-a,Moon,0005E46E,DenebolaIII-aPlanetData,57459,3,8,Inorganic,000057C8,ResInorgRareTantalum,Tantalum,Rare
Denebola,Denebola III-a,Moon,0005E46E,DenebolaIII-aPlanetData,57459,3,8,Inorganic,000057CA,ResInorgExoticYtterbium,Ytterbium,Exotic
Denebola,Denebola III-b,Moon,0005E46F,DenebolaIII-bPlanetData,57459,3,9,Inorganic,000057D5,ResInorgCommonChlorine_G,Chlorine,Common
Denebola,Denebola III-b,Moon,0005E46F,DenebolaIII-bPlanetData,57459,3,9,Inorganic,000083EC,ResInorgCommonWater_L,Water,Common
Denebola,Denebola III-b,Moon,0005E46F,DenebolaIII-bPlanetData,57459,3,9,Inorganic,000057D7,ResInorgUncommonChlorosilanes_L,Chlorosilanes,Uncommon
Enlil,Enlil I,Planet,0005DED5,EnlilIPlanetData,78498,0,1,Inorganic,000057C1,ResInorgCommonLead,Lead,Common
Enlil,Enlil I,Planet,0005DED5,EnlilIPlanetData,78498,0,1,Inorganic,000057CB,ResInorgCommonNickel,Nickel,Common
Enlil,Enlil I,Planet,0005DED5,EnlilIPlanetData,78498,0,1,Inorganic,000057EB,ResInorgCommonUranium,Uranium,Common
Enlil,Enlil I,Planet,0005DED5,EnlilIPlanetData,78498,0,1,Inorganic,000057CE,ResInorgUncommonCobalt,Cobalt,Uncommon
Enlil,Enlil I,Planet,0005DED5,EnlilIPlanetData,78498,0,1,Inorganic,000057CC,ResInorgRarePlatinum,Platinum,Rare
Enlil,Enlil I-a,Moon,0005DED6,EnlilI-aPlanetData,78498,1,9,Inorganic,000057C1,ResInorgCommonLead,Lead,Common
Enlil,Enlil I-a,Moon,0005DED6,EnlilI-aPlanetData,78498,1,9,Inorganic,000057CB,ResInorgCommonNickel,Nickel,Common
Enlil,Enlil I-a,Moon,0005DED6,EnlilI-aPlanetData,78498,1,9,Inorganic,000057EB,ResInorgCommonUranium,Uranium,Common
Enlil,Enlil I-a,Moon,0005DED6,EnlilI-aPlanetData,78498,1,9,Inorganic,000057CE,ResInorgUncommonCobalt,Cobalt,Uncommon
Enlil,Enlil I-a,Moon,0005DED6,EnlilI-aPlanetData,78498,1,9,Inorganic,000057EC,ResInorgUncommonIridium,Iridium,Uncommon
Enlil,Enlil I-a,Moon,0005DED6,EnlilI-aPlanetData,78498,1,9,Organic,0022462C,ResOrgCommonStructuralFaunaHerbivore,Structural,Common
Enlil,Enlil I-a,Moon,0005DED6,EnlilI-aPlanetData,78498,1,9,Organic,0022463E,ResOrgCommonToxinFaunaHerbivore,Toxin,Common
Enlil,Enlil I-a,Moon,0005DED6,EnlilI-aPlanetData,78498,1,9,Organic,0022464F,ResOrgRareSedativeFaunaCarnivore,Sedative,Rare
Enlil,Enlil II,Planet,0005DED7,EnlilIIPlanetData,78498,0,2,Inorganic,000057D6,ResInorgCommonAluminum,Aluminum,Common
Enlil,Enlil II,Planet,0005DED7,EnlilIIPlanetData,78498,0,2,Inorganic,000057D5,ResInorgCommonChlorine_G,Chlorine,Common
Enlil,Enlil II,Planet,0005DED7,EnlilIIPlanetData,78498,0,2,Inorganic,000057C7,ResInorgCommonIron,Iron,Common
Enlil,Enlil II,Planet,0005DED7,EnlilIIPlanetData,78498,0,2,Inorganic,000083EC,ResInorgCommonWater_L,Water,Common
Enlil,Enlil II,Planet,0005DED7,EnlilIIPlanetData,78498,0,2,Inorganic,000057C9,ResInorgUncommonAlkanes_G,Alkanes,Uncommon
Enlil,Enlil II,Planet,0005DED7,EnlilIIPlanetData,78498,0,2,Inorganic,000057D8,ResInorgUncommonBeryllium,Beryllium,Uncommon
Enlil,Enlil II,Planet,0005DED7,EnlilIIPlanetData,78498,0,2,Inorganic,000057D7,ResInorgUncommonChlorosilanes_L,Chlorosilanes,Uncommon
Enlil,Enlil II,Planet,0005DED7,EnlilIIPlanetData,78498,0,2,Inorganic,000057C8,ResInorgRareTantalum,Tantalum,Rare
Enlil,Enlil II,Planet,0005DED7,EnlilIIPlanetData,78498,0,2,Organic,00077821,ResOrgCommonFiber,Fiber,Common
Enlil,Enlil II,Planet,0005DED7,EnlilIIPlanetData,78498,0,2,Organic,0029F3FD,ResOrgCommonMetabolicAgent,MetabolicAgent,Common
Enlil,Enlil II,Planet,0005DED7,EnlilIIPlanetData,78498,0,2,Organic,000777E6,ResOrgCommonNutrient,Nutrient,Common
Enlil,Enlil II,Planet,0005DED7,EnlilIIPlanetData,78498,0,2,Organic,000777FA,ResOrgCommonStructural,Structural,Common
Enlil,Enlil II,Planet,0005DED7,EnlilIIPlanetData,78498,0,2,Organic,0022463E,ResOrgCommonToxinFaunaHerbivore,Toxin,Common
Enlil,Enlil II,Planet,0005DED7,EnlilIIPlanetData,78498,0,2,Organic,00224631,ResOrgUncommonCosmeticFaunaHerbivore,Cosmetic,Uncommon
Enlil,Enlil II,Planet,0005DED7,EnlilIIPlanetData,78498,0,2,Organic,0022462D,ResOrgUncommonSpiceFaunaHerbivore,Spice,Uncommon
Enlil,Enlil II,Planet,0005DED7,EnlilIIPlanetData,78498,0,2,Organic,00224652,ResOrgRareAnalgesicFaunaCarnivore,Analgesic,Rare
Enlil,Enlil II,Planet,0005DED7,EnlilIIPlanetData,78498,0,2,Organic,00224633,ResOrgRareHallucinogenFaunaHerbivore,Hallucinogen,Rare
Enlil,Enlil II,Planet,0005DED7,EnlilIIPlanetData,78498,0,2,Organic,0007782B,ResOrgRareSedative,Sedative,Rare
Enlil,Enlil II,Planet,0005DED7,EnlilIIPlanetData,78498,0,2,Organic,0022465A,ResOrgExoticBiosuppressantFaunaCarnivore,Biosuppressant,Exotic
Enlil,Enlil III,Planet,0005DED9,EnlilIIIPlanetData,78498,0,3,Inorganic,000057EA,ResInorgCommonArgon_G,Argon,Common
Enlil,Enlil III,Planet,0005DED9,EnlilIIIPlanetData,78498,0,3,Inorganic,000057D5,ResInorgCommonChlorine_G,Chlorine,Common
Enlil,Enlil III,Planet,0005DED9,EnlilIIIPlanetData,78498,0,3,Inorganic,000057C7,ResInorgCommonIron,Iron,Common
Enlil,Enlil III,Planet,0005DED9,EnlilIIIPlanetData,78498,0,3,Inorganic,000057CB,ResInorgCommonNickel,Nickel,Common
Enlil,Enlil III,Planet,0005DED9,EnlilIIIPlanetData,78498,0,3,Inorganic,000083EC,ResInorgCommonWater_L,Water,Common
Enlil,Enlil III,Planet,0005DED9,EnlilIIIPlanetData,78498,0,3,Inorganic,000057C9,ResInorgUncommonAlkanes_G,Alkanes,Uncommon
Enlil,Enlil III,Planet,0005DED9,EnlilIIIPlanetData,78498,0,3,Inorganic,000057E7,ResInorgUncommonBenzene_G,Benzene,Uncommon
Enlil,Enlil III,Planet,0005DED9,EnlilIIIPlanetData,78498,0,3,Inorganic,000057C8,ResInorgRareTantalum,Tantalum,Rare
Enlil,Enlil IV,Planet,0005DEDA,EnlilIVPlanetData,78498,0,4,Inorganic,000057EA,ResInorgCommonArgon_G,Argon,Common
Enlil,Enlil IV,Planet,0005DEDA,EnlilIVPlanetData,78498,0,4,Inorganic,000057C1,ResInorgCommonLead,Lead,Common
Enlil,Enlil IV,Planet,0005DEDA,EnlilIVPlanetData,78498,0,4,Inorganic,000083EC,ResInorgCommonWater_L,Water,Common
Enlil,Enlil IV,Planet,0005DEDA,EnlilIVPlanetData,78498,0,4,Inorganic,000057E7,ResInorgUncommonBenzene_G,Benzene,Uncommon
Enlil,Enlil IV-a,Moon,0005DEDB,EnlilIV-aPlanetData,78498,4,11,Inorganic,000057D6,ResInorgCommonAluminum,Aluminum,Common
Enlil,Enlil IV-a,Moon,0005DEDB,EnlilIV-aPlanetData,78498,4,11,Inorganic,000057F5,ResInorgCommonHelium3_G,Helium3,Common
Enlil,Enlil V,Planet,0005DEDC,EnlilVPlanetData,78498,0,5,Inorganic,000057CF,ResInorgCommonCopper,Copper,Common
Enlil,Enlil V,Planet,0005DEDC,EnlilVPlanetData,78498,0,5,Inorganic,000057EB,ResInorgCommonUranium,Uranium,Common
Enlil,Enlil V,Planet,0005DEDC,EnlilVPlanetData,78498,0,5,Inorganic,000083EC,ResInorgCommonWater_L,Water,Common
Enlil,Enlil V,Planet,0005DEDC,EnlilVPlanetData,78498,0,5,Inorganic,000057D0,ResInorgUncommonFluorine_G,Fluorine,Uncommon
Enlil,Enlil V,Planet,0005DEDC,EnlilVPlanetData,78498,0,5,Inorganic,000057EC,ResInorgUncommonIridium,Iridium,Uncommon
Enlil,Enlil V,Planet,0005DEDC,EnlilVPlanetData,78498,0,5,Inorganic,000057ED,ResInorgRareVanadium,Vanadium,Rare
Enlil,Enlil VI-a,Moon,0005DEE1,EnlilVI-aPlanetData,78498,6,14,Inorganic,000057EA,ResInorgCommonArgon_G,Argon,Common
Enlil,Enlil VI-a,Moon,0005DEE1,EnlilVI-aPlanetData,78498,6,14,Inorganic,000083EC,ResInorgCommonWater_L,Water,Common
Enlil,Enlil VI-a,Moon,0005DEE1,EnlilVI-aPlanetData,78498,6,14,Inorganic,000057E9,ResInorgExoticNeon_G,Neon,Exotic
Enlil,Enlil VI-b,Moon,0005DEE2,EnlilVI-bPlanetData,78498,6,15,Inorganic,000057CF,ResInorgCommonCopper,Copper,Common
Enlil,Enlil VI-b,Moon,0005DEE2,EnlilVI-bPlanetData,78498,6,15,Inorganic,000057C1,ResInorgCommonLead,Lead,Common
Enlil,Enlil VI-b,Moon,0005DEE2,EnlilVI-bPlanetData,78498,6,15,Inorganic,000057CB,ResInorgCommonNickel,Nickel,Common
Enlil,Enlil VI-b,Moon,0005DEE2,EnlilVI-bPlanetData,78498,6,15,Inorganic,000057EB,ResInorgCommonUranium,Uranium,Common
Enlil,Enlil VI-b,Moon,0005DEE2,EnlilVI-bPlanetData,78498,6,15,Inorganic,000083EC,ResInorgCommonWater_L,Water,Common
Enlil,Enlil VI-b,Moon,0005DEE2,EnlilVI-bPlanetData,78498,6,15,Inorganic,000057D0,ResInorgUncommonFluorine_G,Fluorine,Uncommon
Enlil,Enlil VI-b,Moon,0005DEE2,EnlilVI-bPlanetData,78498,6,15,Inorganic,000057C4,ResInorgUncommonTungsten,Tungsten,Uncommon
Enlil,Enlil VI-b,Moon,0005DEE2,EnlilVI-bPlanetData,78498,6,15,Inorganic,000057D2,ResInorgRareGold,Gold,Rare
Enlil,Enlil VI-c,Moon,0005DEE0,EnlilVI-cPlanetData,78498,6,13,Inorganic,000057CF,ResInorgCommonCopper,Copper,Common
Enlil,Enlil VI-c,Moon,0005DEE0,EnlilVI-cPlanetData,78498,6,13,Inorganic,000083EC,ResInorgCommonWater_L,Water,Common
Enlil,Enlil VI-c,Moon,0005DEE0,EnlilVI-cPlanetData,78498,6,13,Inorganic,000057D0,ResInorgUncommonFluorine_G,Fluorine,Uncommon
Enlil,Enlil VI-c,Moon,0005DEE0,EnlilVI-cPlanetData,78498,6,13,Inorganic,000057D2,ResInorgRareGold,Gold,Rare
Enlil,Enlil VI-d,Moon,0005DEDF,EnlilVI-dPlanetData,78498,6,12,Inorganic,000057CF,ResInorgCommonCopper,Copper,Common
Enlil,Enlil VI-d,Moon,0005DEDF,EnlilVI-dPlanetData,78498,6,12,Inorganic,000083EC,ResInorgCommonWater_L,Water,Common
Enlil,Enlil VI-d,Moon,0005DEDF,EnlilVI-dPlanetData,78498,6,12,Inorganic,000057D0,ResInorgUncommonFluorine_G,Fluorine,Uncommon
Enlil,Enlil VII-a,Moon,0005DEE4,EnlilVII-aPlanetData,78498,7,16,Inorganic,000057F5,ResInorgCommonHelium3_G,Helium3,Common
Enlil,Enlil VII-a,Moon,0005DEE4,EnlilVII-aPlanetData,78498,7,16,Inorganic,000057C7,ResInorgCommonIron,Iron,Common
Eridani,Eridani I,Planet,0005E509,EridaniIPlanetData,15471,0,1,Inorganic,000057EB,ResInorgCommonUranium,Uranium,Common
Eridani,Eridani II,Planet,0005E50A,EridaniIIPlanetData,15471,0,2,Inorganic,000057D5,ResInorgCommonChlorine_G,Chlorine,Common
Eridani,Eridani II,Planet,0005E50A,EridaniIIPlanetData,15471,0,2,Inorganic,000057CF,ResInorgCommonCopper,Copper,Common
Eridani,Eridani II,Planet,0005E50A,EridaniIIPlanetData,15471,0,2,Inorganic,000057C7,ResInorgCommonIron,Iron,Common
Eridani,Eridani II,Planet,0005E50A,EridaniIIPlanetData,15471,0,2,Inorganic,000057CB,ResInorgCommonNickel,Nickel,Common
Eridani,Eridani II,Planet,0005E50A,EridaniIIPlanetData,15471,0,2,Inorganic,000083EC,ResInorgCommonWater_L,Water,Common
Eridani,Eridani II,Planet,0005E50A,EridaniIIPlanetData,15471,0,2,Inorganic,000057CE,ResInorgUncommonCobalt,Cobalt,Uncommon
Eridani,Eridani II,Planet,0005E50A,EridaniIIPlanetData,15471,0,2,Inorganic,000057D0,ResInorgUncommonFluorine_G,Fluorine,Uncommon
Eridani,Eridani II,Planet,0005E50A,EridaniIIPlanetData,15471,0,2,Inorganic,000057D2,ResInorgRareGold,Gold,Rare
Eridani,Eridani II,Planet,0005E50A,EridaniIIPlanetData,15471,0,2,Organic,00077821,ResOrgCommonFiber,Fiber,Common
Eridani,Eridani II,Planet,0005E50A,EridaniIIPlanetData,15471,0,2,Organic,00224642,ResOrgCommonFiberFaunaHerbivore,Fiber,Common
Eridani,Eridani II,Planet,0005E50A,EridaniIIPlanetData,15471,0,2,Organic,0029F3FD,ResOrgCommonMetabolicAgent,MetabolicAgent,Common
Eridani,Eridani II,Planet,0005E50A,EridaniIIPlanetData,15471,0,2,Organic,000777E6,ResOrgCommonNutrient,Nutrient,Common
Eridani,Eridani II,Planet,0005E50A,EridaniIIPlanetData,15471,0,2,Organic,0022465D,ResOrgCommonNutrientFaunaCarnivore,Nutrient,Common
Eridani,Eridani II,Planet,0005E50A,EridaniIIPlanetData,15471,0,2,Organic,00224640,ResOrgCommonNutrientFaunaHerbivore,Nutrient,Common
Eridani,Eridani II,Planet,0005E50A,EridaniIIPlanetData,15471,0,2,Organic,0007782D,ResOrgCommonSealant,Sealant,Common
Eridani,Eridani II,Planet,0005E50A,EridaniIIPlanetData,15471,0,2,Organic,0022464B,ResOrgCommonSealantFaunaCarnivore,Sealant,Common
Eridani,Eridani II,Planet,0005E50A,EridaniIIPlanetData,15471,0,2,Organic,000777FA,ResOrgCommonStructural,Structural,Common
Eridani,Eridani II,Planet,0005E50A,EridaniIIPlanetData,15471,0,2,Organic,0022462C,ResOrgCommonStructuralFaunaHerbivore,Structural,Common
Eridani,Eridani II,Planet,0005E50A,EridaniIIPlanetData,15471,0,2,Organic,0022463E,ResOrgCommonToxinFaunaHerbivore,Toxin,Common
Eridani,Eridani II,Planet,0005E50A,EridaniIIPlanetData,15471,0,2,Organic,0007782C,ResOrgUncommonMembrane,Membrane,Uncommon
Eridani,Eridani II,Planet,0005E50A,EridaniIIPlanetData,15471,0,2,Organic,0029F401,ResOrgUncommonPigment,Pigment,Uncommon
Eridani,Eridani II,Planet,0005E50A,EridaniIIPlanetData,15471,0,2,Organic,0022462F,ResOrgUncommonPigmentFaunaHerbivore,Pigment,Uncommon
Eridani,Eridani III,Planet,0005E50B,EridaniIIIPlanetData,15471,0,3,Inorganic,000057EA,ResInorgCommonArgon_G,Argon,Common
Eridani,Eridani III,Planet,0005E50B,EridaniIIIPlanetData,15471,0,3,Inorganic,000057EB,ResInorgCommonUranium,Uranium,Common
Eridani,Eridani III,Planet,0005E50B,EridaniIIIPlanetData,15471,0,3,Inorganic,000083EC,ResInorgCommonWater_L,Water,Common
Eridani,Eridani III,Planet,0005E50B,EridaniIIIPlanetData,15471,0,3,Inorganic,000057EC,ResInorgUncommonIridium,Iridium,Uncommon
Eridani,Eridani III,Planet,0005E50B,EridaniIIIPlanetData,15471,0,3,Inorganic,000057ED,ResInorgRareVanadium,Vanadium,Rare
Eridani,Eridani III,Planet,0005E50B,EridaniIIIPlanetData,15471,0,3,Inorganic,000057EE,ResInorgExoticPlutonium,Plutonium,Exotic
Eridani,Eridani III,Planet,0005E50B,EridaniIIIPlanetData,15471,0,3,Organic,00077821,ResOrgCommonFiber,Fiber,Common
Eridani,Eridani III,Planet,0005E50B,EridaniIIIPlanetData,15471,0,3,Organic,0029F3FD,ResOrgCommonMetabolicAgent,MetabolicAgent,Common
Eridani,Eridani III,Planet,0005E50B,EridaniIIIPlanetData,15471,0,3,Organic,00224640,ResOrgCommonNutrientFaunaHerbivore,Nutrient,Common
Eridani,Eridani III,Planet,0005E50B,EridaniIIIPlanetData,15471,0,3,Organic,0007782D,ResOrgCommonSealant,Sealant,Common
Eridani,Eridani III,Planet,0005E50B,EridaniIIIPlanetData,15471,0,3,Organic,000777FA,ResOrgCommonStructural,Structural,Common
Eridani,Eridani III,Planet,0005E50B,EridaniIIIPlanetData,15471,0,3,Organic,0022465B,ResOrgCommonToxinFaunaCarnivore,Toxin,Common
Eridani,Eridani III,Planet,0005E50B,EridaniIIIPlanetData,15471,0,3,Organic,000777F8,ResOrgUncommonCosmetic,Cosmetic,Uncommon
Eridani,Eridani III,Planet,0005E50B,EridaniIIIPlanetData,15471,0,3,Organic,0022462F,ResOrgUncommonPigmentFaunaHerbivore,Pigment,Uncommon
Eridani,Eridani III,Planet,0005E50B,EridaniIIIPlanetData,15471,0,3,Organic,00224653,ResOrgRareAminoAcidsFaunaCarnivore,AminoAcids,Rare
Eridani,Eridani III,Planet,0005E50B,EridaniIIIPlanetData,15471,0,3,Organic,00224634,ResOrgRareAromaticFaunaHerbivore,Aromatic,Rare
Eridani,Eridani III,Planet,0005E50B,EridaniIIIPlanetData,15471,0,3,Organic,00224657,ResOrgExoticStimulantFaunaCarnivore,Stimulant,Exotic
Eridani,Eridani III-a,Moon,0005E50E,EridaniIII-aPlanetData,15471,3,14,Inorganic,000057F5,ResInorgCommonHelium3_G,Helium3,Common
Eridani,Eridani III-a,Moon,0005E50E,EridaniIII-aPlanetData,15471,3,14,Inorganic,000057C7,ResInorgCommonIron,Iron,Common
Eridani,Eridani III-a,Moon,0005E50E,EridaniIII-aPlanetData,15471,3,14,Inorganic,000057C9,ResInorgUncommonAlkanes_G,Alkanes,Uncommon
Eridani,Eridani III-b,Moon,0005E50C,EridaniIII-bPlanetData,15471,3,12,Inorganic,000057D5,ResInorgCommonChlorine_G,Chlorine,Common
Eridani,Eridani III-b,Moon,0005E50C,EridaniIII-bPlanetData,15471,3,12,Inorganic,000057F5,ResInorgCommonHelium3_G,Helium3,Common
Eridani,Eridani III-b,Moon,0005E50C,EridaniIII-bPlanetData,15471,3,12,Inorganic,000057C7,ResInorgCommonIron,Iron,Common
Eridani,Eridani III-b,Moon,0005E50C,EridaniIII-bPlanetData,15471,3,12,Inorganic,000057CB,ResInorgCommonNickel,Nickel,Common
Eridani,Eridani III-b,Moon,0005E50C,EridaniIII-bPlanetData,15471,3,12,Inorganic,000057EB,ResInorgCommonUranium,Uranium,Common
Eridani,Eridani III-b,Moon,0005E50C,EridaniIII-bPlanetData,15471,3,12,Inorganic,000083EC,ResInorgCommonWater_L,Water,Common
Eridani,Eridani III-b,Moon,0005E50C,EridaniIII-bPlanetData,15471,3,12,Inorganic,000057EC,ResInorgUncommonIridium,Iridium,Uncommon
Eridani,Eridani III-b,Moon,0005E50C,EridaniIII-bPlanetData,15471,3,12,Inorganic,000057ED,ResInorgRareVanadium,Vanadium,Rare
Eridani,Eridani III-c,Moon,0005E50D,EridaniIII-cPlanetData,15471,3,13,Inorganic,000057D6,ResInorgCommonAluminum,Aluminum,Common
Eridani,Eridani III-c,Moon,0005E50D,EridaniIII-cPlanetData,15471,3,13,Inorganic,000057F5,ResInorgCommonHelium3_G,Helium3,Common
Eridani,Eridani IV,Planet,0005E50F,EridaniIVPlanetData,15471,0,4,Inorganic,000057EA,ResInorgCommonArgon_G,Argon,Common
Eridani,Eridani IV,Planet,0005E50F,EridaniIVPlanetData,15471,0,4,Inorganic,000083EC,ResInorgCommonWater_L,Water,Common
Eridani,Eridani IV,Planet,0005E50F,EridaniIVPlanetData,15471,0,4,Organic,00224641,ResOrgCommonMetabolicAgentFaunaHerbivore,MetabolicAgent,Common
Eridani,Eridani IV,Planet,0005E50F,EridaniIVPlanetData,15471,0,4,Organic,000777E6,ResOrgCommonNutrient,Nutrient,Common
Eridani,Eridani IV,Planet,0005E50F,EridaniIVPlanetData,15471,0,4,Organic,0007782D,ResOrgCommonSealant,Sealant,Common
Eridani,Eridani IV,Planet,0005E50F,EridaniIVPlanetData,15471,0,4,Organic,00077823,ResOrgCommonToxin,Toxin,Common
Eridani,Eridani IV,Planet,0005E50F,EridaniIVPlanetData,15471,0,4,Organic,0022464C,ResOrgUncommonPigmentFaunaCarnivore,Pigment,Uncommon
Eridani,Eridani IV,Planet,0005E50F,EridaniIVPlanetData,15471,0,4,Organic,00224633,ResOrgRareHallucinogenFaunaHerbivore,Hallucinogen,Rare
Eridani,Eridani IV-a,Moon,0005E510,EridaniIV-aPlanetData,15471,4,15,Inorganic,000057D6,ResInorgCommonAluminum,Aluminum,Common
Eridani,Eridani IV-a,Moon,0005E510,EridaniIV-aPlanetData,15471,4,15,Inorganic,000057F5,ResInorgCommonHelium3_G,Helium3,Common
Eridani,Eridani IV-b,Moon,0005E511,EridaniIV-bPlanetData,15471,4,16,Inorganic,000057D6,ResInorgCommonAluminum,Aluminum,Common
Eridani,Eridani IV-b,Moon,0005E511,EridaniIV-bPlanetData,15471,4,16,Inorganic,000057F5,ResInorgCommonHelium3_G,Helium3,Common
Eridani,Eridani IV-b,Moon,0005E511,EridaniIV-bPlanetData,15471,4,16,Inorganic,000057D8,ResInorgUncommonBeryllium,Beryllium,Uncommon
Eridani,Eridani IV-b,Moon,0005E511,EridaniIV-bPlanetData,15471,4,16,Inorganic,000057DB,ResInorgRareNeodymium,Neodymium,Rare
Eridani,Eridani IV-b,Moon,0005E511,EridaniIV-bPlanetData,15471,4,16,Inorganic,000057E2,ResInorgExoticEuropium,Europium,Exotic
Eridani,Eridani IV-c,Moon,0005E512,EridaniIV-cPlanetData,15471,4,17,Inorganic,000057D6,ResInorgCommonAluminum,Aluminum,Common
Eridani,Eridani IV-c,Moon,0005E512,EridaniIV-cPlanetData,15471,4,17,Inorganic,000057F5,ResInorgCommonHelium3_G,Helium3,Common
Eridani,Eridani IV-c,Moon,0005E512,EridaniIV-cPlanetData,15471,4,17,Inorganic,000057E2,ResInorgExoticEuropium,Europium,Exotic
Eridani,Eridani IX,Planet,0005E51F,EridaniIXPlanetData,15471,0,9,Inorganic,000057CB,ResInorgCommonNickel,Nickel,Common
Eridani,Eridani IX,Planet,0005E51F,EridaniIXPlanetData,15471,0,9,Inorganic,000083EC,ResInorgCommonWater_L,Water,Common
Eridani,Eridani V,Planet,0005E513,EridaniVPlanetData,15471,0,5,Inorganic,000057D5,ResInorgCommonChlorine_G,Chlorine,Common
Eridani,Eridani V,Planet,0005E513,EridaniVPlanetData,15471,0,5,Inorganic,000057C1,ResInorgCommonLead,Lead,Common
Eridani,Eridani V,Planet,0005E513,EridaniVPlanetData,15471,0,5,Inorganic,000057CB,ResInorgCommonNickel,Nickel,Common
Eridani,Eridani V,Planet,0005E513,EridaniVPlanetData,15471,0,5,Inorganic,000083EC,ResInorgCommonWater_L,Water,Common
Eridani,Eridani V,Planet,0005E513,EridaniVPlanetData,15471,0,5,Inorganic,000057C3,ResInorgUncommonSilver,Silver,Uncommon
Eridani,Eridani VI-a,Moon,0005E515,EridaniVI-aPlanetData,15471,6,18,Inorganic,000057C1,ResInorgCommonLead,Lead,Common
Eridani,Eridani VI-a,Moon,0005E515,EridaniVI-aPlanetData,15471,6,18,Inorganic,000083EC,ResInorgCommonWater_L,Water,Common
Eridani,Eridani VII-a,Moon,0005E518,EridaniVII-aPlanetData,15471,7,20,Inorganic,000057EA,ResInorgCommonArgon_G,Argon,Common
Eridani,Eridani VII-a,Moon,0005E518,EridaniVII-aPlanetData,15471,7,20,Inorganic,000083EC,ResInorgCommonWater_L,Water,Common
Eridani,Eridani VII-a,Moon,0005E518,EridaniVII-aPlanetData,15471,7,20,Inorganic,000057E9,ResInorgExoticNeon_G,Neon,Exotic
Eridani,Eridani VII-b,Moon,0005E519,EridaniVII-bPlanetData,15471,7,21,Inorganic,000057EA,ResInorgCommonArgon_G,Argon,Common
Eridani,Eridani VII-b,Moon,0005E519,EridaniVII-bPlanetData,15471,7,21,Inorganic,000083EC,ResInorgCommonWater_L,Water,Common
Eridani,Eridani VII-c,Moon,0005E517,EridaniVII-cPlanetData,15471,7,19,Inorganic,000057D6,ResInorgCommonAluminum,Aluminum,Common
Eridani,Eridani VII-c,Moon,0005E517,EridaniVII-cPlanetData,15471,7,19,Inorganic,000057F5,ResInorgCommonHelium3_G,Helium3,Common
Eridani,Eridani VII-c,Moon,0005E517,EridaniVII-cPlanetData,15471,7,19,Inorganic,000057C1,ResInorgCommonLead,Lead,Common
Eridani,Eridani VII-c,Moon,0005E517,EridaniVII-cPlanetData,15471,7,19,Inorganic,000057EB,ResInorgCommonUranium,Uranium,Common
Eridani,Eridani VII-c,Moon,0005E517,EridaniVII-cPlanetData,15471,7,19,Inorganic,000083EC,ResInorgCommonWater_L,Water,Common
Eridani,Eridani VII-c,Moon,0005E517,EridaniVII-cPlanetData,15471,7,19,Inorganic,000057C4,ResInorgUncommonTungsten,Tungsten,Uncommon
Eridani,Eridani VII-c,Moon,0005E517,EridaniVII-cPlanetData,15471,7,19,Inorganic,000057C6,ResInorgRareTitanium,Titanium,Rare
Eridani,Eridani VII-c,Moon,0005E517,EridaniVII-cPlanetData,15471,7,19,Inorganic,000057E2,ResInorgExoticEuropium,Europium,Exotic
Eridani,Eridani VIII-a,Moon,0005E51D,EridaniVIII-aPlanetData,15471,8,25,Inorganic,000057CF,ResInorgCommonCopper,Copper,Common
Eridani,Eridani VIII-a,Moon,0005E51D,EridaniVIII-aPlanetData,15471,8,25,Inorganic,000083EC,ResInorgCommonWater_L,Water,Common
Eridani,Eridani VIII-b,Moon,0005E51E,EridaniVIII-bPlanetData,15471,8,26,Inorganic,000057D6,ResInorgCommonAluminum,Aluminum,Common
Eridani,Eridani VIII-b,Moon,0005E51E,EridaniVIII-bPlanetData,15471,8,26,Inorganic,000057F5,ResInorgCommonHelium3_G,Helium3,Common
Eridani,Eridani VIII-b,Moon,0005E51E,EridaniVIII-bPlanetData,15471,8,26,Inorganic,000057C1,ResInorgCommonLead,Lead,Common
Eridani,Eridani VIII-b,Moon,0005E51E,EridaniVIII-bPlanetData,15471,8,26,Inorganic,000057CB,ResInorgCommonNickel,Nickel,Common
Eridani,Eridani VIII-b,Moon,0005E51E,EridaniVIII-bPlanetData,15471,8,26,Inorganic,000083EC,ResInorgCommonWater_L,Water,Common
Eridani,Eridani VIII-b,Moon,0005E51E,EridaniVIII-bPlanetData,15471,8,26,Inorganic,000057D8,ResInorgUncommonBeryllium,Beryllium,Uncommon
Eridani,Eridani VIII-b,Moon,0005E51E,EridaniVIII-bPlanetData,15471,8,26,Inorganic,000057CE,ResInorgUncommonCobalt,Cobalt,Uncommon
Eridani,Eridani VIII-b,Moon,0005E51E,EridaniVIII-bPlanetData,15471,8,26,Inorganic,000057C3,ResInorgUncommonSilver,Silver,Uncommon
Eridani,Eridani VIII-c,Moon,0005E51B,EridaniVIII-cPlanetData,15471,8,23,Inorganic,000057D5,ResInorgCommonChlorine_G,Chlorine,Common
Eridani,Eridani VIII-c,Moon,0005E51B,EridaniVIII-cPlanetData,15471,8,23,Inorganic,000083EC,ResInorgCommonWater_L,Water,Common
Eridani,Eridani VIII-c,Moon,0005E51B,EridaniVIII-cPlanetData,15471,8,23,Inorganic,000057D7,ResInorgUncommonChlorosilanes_L,Chlorosilanes,Uncommon
Eridani,Eridani VIII-c,Moon,0005E51B,EridaniVIII-cPlanetData,15471,8,23,Inorganic,000057DA,ResInorgRareLithium,Lithium,Rare
Eridani,Eridani VIII-c,Moon,0005E51B,EridaniVIII-cPlanetData,15471,8,23,Inorganic,000057E0,ResInorgExoticCaesium_L,Caesium,Exotic
Eridani,Eridani VIII-d,Moon,0005E51C,EridaniVIII-dPlanetData,15471,8,24,Inorganic,000057D5,ResInorgCommonChlorine_G,Chlorine,Common
Eridani,Eridani VIII-d,Moon,0005E51C,EridaniVIII-dPlanetData,15471,8,24,Inorganic,000057C7,ResInorgCommonIron,Iron,Common
Eridani,Eridani VIII-d,Moon,0005E51C,EridaniVIII-dPlanetData,15471,8,24,Inorganic,000057CB,ResInorgCommonNickel,Nickel,Common
Eridani,Eridani VIII-d,Moon,0005E51C,EridaniVIII-dPlanetData,15471,8,24,Inorganic,000057EB,ResInorgCommonUranium,Uranium,Common
Eridani,Eridani VIII-d,Moon,0005E51C,EridaniVIII-dPlanetData,15471,8,24,Inorganic,000083EC,ResInorgCommonWater_L,Water,Common
Eridani,Eridani VIII-d,Moon,0005E51C,EridaniVIII-dPlanetData,15471,8,24,Inorganic,000057C9,ResInorgUncommonAlkanes_G,Alkanes,Uncommon
Eridani,Eridani VIII-d,Moon,0005E51C,EridaniVIII-dPlanetData,15471,8,24,Inorganic,000057CE,ResInorgUncommonCobalt,Cobalt,Uncommon
Eridani,Eridani VIII-d,Moon,0005E51C,EridaniVIII-dPlanetData,15471,8,24,Inorganic,000057DA,ResInorgRareLithium,Lithium,Rare
Eta Cassiopeia,Cassiopeia I,Planet,0005E4E6,CassiopeiaIPlanetData,3814,0,1,Inorganic,000057D5,ResInorgCommonChlorine_G,Chlorine,Common
Eta Cassiopeia,Cassiopeia I,Planet,0005E4E6,CassiopeiaIPlanetData,3814,0,1,Inorganic,000057CF,ResInorgCommonCopper,Copper,Common
Eta Cassiopeia,Cassiopeia I,Planet,0005E4E6,CassiopeiaIPlanetData,3814,0,1,Inorganic,000057CB,ResInorgCommonNickel,Nickel,Common
Eta Cassiopeia,Cassiopeia I,Planet,0005E4E6,CassiopeiaIPlanetData,3814,0,1,Inorganic,000083EC,ResInorgCommonWater_L,Water,Common
Eta Cassiopeia,Cassiopeia I,Planet,0005E4E6,CassiopeiaIPlanetData,3814,0,1,Inorganic,000057CE,ResInorgUncommonCobalt,Cobalt,Uncommon
Eta Cassiopeia,Cassiopeia I,Planet,0005E4E6,CassiopeiaIPlanetData,3814,0,1,Inorganic,000057D0,ResInorgUncommonFluorine_G,Fluorine,Uncommon
Eta Cassiopeia,Cassiopeia I,Planet,0005E4E6,CassiopeiaIPlanetData,3814,0,1,Organic,0022465F,ResOrgCommonFiberFaunaCarnivore,Fiber,Common
Eta Cassiopeia,Cassiopeia I,Planet,0005E4E6,CassiopeiaIPlanetData,3814,0,1,Organic,00224642,ResOrgCommonFiberFaunaHerbivore,Fiber,Common
Eta Cassiopeia,Cassiopeia I,Planet,0005E4E6,CassiopeiaIPlanetData,3814,0,1,Organic,0007782D,ResOrgCommonSealant,Sealant,Common
Eta Cassiopeia,Cassiopeia I,Planet,0005E4E6,CassiopeiaIPlanetData,3814,0,1,Organic,000777FA,ResOrgCommonStructural,Structural,Common
Eta Cassiopeia,Cassiopeia I,Planet,0005E4E6,CassiopeiaIPlanetData,3814,0,1,Organic,0022462C,ResOrgCommonStructuralFaunaHerbivore,Structural,Common
Eta Cassiopeia,Cassiopeia I,Planet,0005E4E6,CassiopeiaIPlanetData,3814,0,1,Organic,000777F8,ResOrgUncommonCosmetic,Cosmetic,Uncommon
Eta Cassiopeia,Cassiopeia I,Planet,0005E4E6,CassiopeiaIPlanetData,3814,0,1,Organic,00224652,ResOrgRareAnalgesicFaunaCarnivore,Analgesic,Rare
Eta Cassiopeia,Cassiopeia II,Planet,0005E4E7,CassiopeiaIIPlanetData,3814,0,2,Inorganic,000057D5,ResInorgCommonChlorine_G,Chlorine,Common
Eta Cassiopeia,Cassiopeia II,Planet,0005E4E7,CassiopeiaIIPlanetData,3814,0,2,Inorganic,000057CB,ResInorgCommonNickel,Nickel,Common
Eta Cassiopeia,Cassiopeia II,Planet,0005E4E7,CassiopeiaIIPlanetData,3814,0,2,Inorganic,000083EC,ResInorgCommonWater_L,Water,Common
Eta Cassiopeia,Cassiopeia II,Planet,0005E4E7,CassiopeiaIIPlanetData,3814,0,2,Inorganic,000057CE,ResInorgUncommonCobalt,Cobalt,Uncommon
Eta Cassiopeia,Cassiopeia II,Planet,0005E4E7,CassiopeiaIIPlanetData,3814,0,2,Inorganic,000057CC,ResInorgRarePlatinum,Platinum,Rare
Eta Cassiopeia,Cassiopeia II-a,Moon,0005E4E8,CassiopeiaII-aPlanetData,3814,2,6,Inorganic,000057D5,ResInorgCommonChlorine_G,Chlorine,Common
Eta Cassiopeia,Cassiopeia II-a,Moon,0005E4E8,CassiopeiaII-aPlanetData,3814,2,6,Inorganic,000057C1,ResInorgCommonLead,Lead,Common
Eta Cassiopeia,Cassiopeia II-a,Moon,0005E4E8,CassiopeiaII-aPlanetData,3814,2,6,Inorganic,000057CB,ResInorgCommonNickel,Nickel,Common
Eta Cassiopeia,Cassiopeia II-a,Moon,0005E4E8,CassiopeiaII-aPlanetData,3814,2,6,Inorganic,000057EB,ResInorgCommonUranium,Uranium,Common
Eta Cassiopeia,Cassiopeia II-a,Moon,0005E4E8,CassiopeiaII-aPlanetData,3814,2,6,Inorganic,000083EC,ResInorgCommonWater_L,Water,Common
Eta Cassiopeia,Cassiopeia II-a,Moon,0005E4E8,CassiopeiaII-aPlanetData,3814,2,6,Inorganic,000057D7,ResInorgUncommonChlorosilanes_L,Chlorosilanes,Uncommon
Eta Cassiopeia,Cassiopeia II-a,Moon,0005E4E8,CassiopeiaII-aPlanetData,3814,2,6,Inorganic,000057C4,ResInorgUncommonTungsten,Tungsten,Uncommon
Eta Cassiopeia,Cassiopeia III,Planet,0005E4E9,CassiopeiaIIIPlanetData,3814,0,3,Inorganic,000057D5,ResInorgCommonChlorine_G,Chlorine,Common
Eta Cassiopeia,Cassiopeia III,Planet,0005E4E9,CassiopeiaIIIPlanetData,3814,0,3,Inorganic,000057CB,ResInorgCommonNickel,Nickel,Common
Eta Cassiopeia,Cassiopeia III,Planet,0005E4E9,CassiopeiaIIIPlanetData,3814,0,3,Inorganic,000057EB,ResInorgCommonUranium,Uranium,Common
Eta Cassiopeia,Cassiopeia III,Planet,0005E4E9,CassiopeiaIIIPlanetData,3814,0,3,Inorganic,000083EC,ResInorgCommonWater_L,Water,Common
Eta Cassiopeia,Cassiopeia III-a,Moon,0005E4EA,CassiopeiaIII-aPlanetData,3814,3,7,Inorganic,000057D6,ResInorgCommonAluminum,Aluminum,Common
Eta Cassiopeia,Cassiopeia III-a,Moon,0005E4EA,CassiopeiaIII-aPlanetData,3814,3,7,Inorganic,000057F5,ResInorgCommonHelium3_G,Helium3,Common
Eta Cassiopeia,Cassiopeia IV-a,Moon,0005E4ED,CassiopeiaIV-aPlanetData,3814,4,9,Inorganic,000057C7,ResInorgCommonIron,Iron,Common
Eta Cassiopeia,Cassiopeia IV-a,Moon,0005E4ED,CassiopeiaIV-aPlanetData,3814,4,9,Inorganic,000057CB,ResInorgCommonNickel,Nickel,Common
Eta Cassiopeia,Cassiopeia IV-a,Moon,0005E4ED,CassiopeiaIV-aPlanetData,3814,4,9,Inorganic,000057EB,ResInorgCommonUranium,Uranium,Common
Eta Cassiopeia,Cassiopeia IV-a,Moon,0005E4ED,CassiopeiaIV-aPlanetData,3814,4,9,Inorganic,000083EC,ResInorgCommonWater_L,Water,Common
Eta Cassiopeia,Cassiopeia IV-a,Moon,0005E4ED,CassiopeiaIV-aPlanetData,3814,4,9,Inorganic,000057C9,ResInorgUncommonAlkanes_G,Alkanes,Uncommon
Eta Cassiopeia,Cassiopeia IV-a,Moon,0005E4ED,CassiopeiaIV-aPlanetData,3814,4,9,Inorganic,000057EC,ResInorgUncommonIridium,Iridium,Uncommon
Eta Cassiopeia,Cassiopeia IV-a,Moon,0005E4ED,CassiopeiaIV-aPlanetData,3814,4,9,Inorganic,000057C8,ResInorgRareTantalum,Tantalum,Rare
Eta Cassiopeia,Cassiopeia IV-a,Moon,0005E4ED,CassiopeiaIV-aPlanetData,3814,4,9,Organic,00224642,ResOrgCommonFiberFaunaHerbivore,Fiber,Common
Eta Cassiopeia,Cassiopeia IV-a,Moon,0005E4ED,CassiopeiaIV-aPlanetData,3814,4,9,Organic,0022465E,ResOrgCommonMetabolicAgentFaunaCarnivore,MetabolicAgent,Common
Eta Cassiopeia,Cassiopeia IV-a,Moon,0005E4ED,CassiopeiaIV-aPlanetData,3814,4,9,Organic,000777E6,ResOrgCommonNutrient,Nutrient,Common
Eta Cassiopeia,Cassiopeia IV-a,Moon,0005E4ED,CassiopeiaIV-aPlanetData,3814,4,9,Organic,0022462E,ResOrgCommonSealantFaunaHerbivore,Sealant,Common
Eta Cassiopeia,Cassiopeia IV-a,Moon,0005E4ED,CassiopeiaIV-aPlanetData,3814,4,9,Organic,000777FA,ResOrgCommonStructural,Structural,Common
Eta Cassiopeia,Cassiopeia IV-a,Moon,0005E4ED,CassiopeiaIV-aPlanetData,3814,4,9,Organic,00077823,ResOrgCommonToxin,Toxin,Common
Eta Cassiopeia,Cassiopeia IV-a,Moon,0005E4ED,CassiopeiaIV-aPlanetData,3814,4,9,Organic,0007782C,ResOrgUncommonMembrane,Membrane,Uncommon
Eta Cassiopeia,Cassiopeia IV-a,Moon,0005E4ED,CassiopeiaIV-aPlanetData,3814,4,9,Organic,0022464C,ResOrgUncommonPigmentFaunaCarnivore,Pigment,Uncommon
Eta Cassiopeia,Cassiopeia IV-a,Moon,0005E4ED,CassiopeiaIV-aPlanetData,3814,4,9,Organic,0007782A,ResOrgRareAminoAcids,AminoAcids,Rare
Eta Cassiopeia,Cassiopeia IV-b,Moon,0005E4EC,CassiopeiaIV-bPlanetData,3814,4,8,Inorganic,000057CB,ResInorgCommonNickel,Nickel,Common
Eta Cassiopeia,Cassiopeia IV-b,Moon,0005E4EC,CassiopeiaIV-bPlanetData,3814,4,8,Inorganic,000083EC,ResInorgCommonWater_L,Water,Common
Eta Cassiopeia,Cassiopeia IV-c,Moon,0005E4EE,CassiopeiaIV-cPlanetData,3814,4,10,Inorganic,000057CB,ResInorgCommonNickel,Nickel,Common
Eta Cassiopeia,Cassiopeia IV-c,Moon,0005E4EE,CassiopeiaIV-cPlanetData,3814,4,10,Inorganic,000083EC,ResInorgCommonWater_L,Water,Common
Eta Cassiopeia,Cassiopeia IV-c,Moon,0005E4EE,CassiopeiaIV-cPlanetData,3814,4,10,Inorganic,000057CC,ResInorgRarePlatinum,Platinum,Rare
Fermi,Fermi I,Planet,0005DE2A,FermiIPlanetData,73788,0,1,Inorganic,000057C1,ResInorgCommonLead,Lead,Common
Fermi,Fermi I,Planet,0005DE2A,FermiIPlanetData,73788,0,1,Inorganic,000057EB,ResInorgCommonUranium,Uranium,Common
Fermi,Fermi I,Planet,0005DE2A,FermiIPlanetData,73788,0,1,Inorganic,000057C3,ResInorgUncommonSilver,Silver,Uncommon
Fermi,Fermi I,Planet,0005DE2A,FermiIPlanetData,73788,0,1,Inorganic,0027C499,ResInorgRareMercury_L,Mercury,Rare
Fermi,Fermi I,Planet,0005DE2A,FermiIPlanetData,73788,0,1,Inorganic,000057ED,ResInorgRareVanadium,Vanadium,Rare
Fermi,Fermi II,Planet,0005DE2B,FermiIIPlanetData,73788,0,2,Inorganic,000057C7,ResInorgCommonIron,Iron,Common
Fermi,Fermi II,Planet,0005DE2B,FermiIIPlanetData,73788,0,2,Inorganic,000057C1,ResInorgCommonLead,Lead,Common
Fermi,Fermi II,Planet,0005DE2B,FermiIIPlanetData,73788,0,2,Inorganic,000057C9,ResInorgUncommonAlkanes_G,Alkanes,Uncommon
Fermi,Fermi II,Planet,0005DE2B,FermiIIPlanetData,73788,0,2,Inorganic,000057C3,ResInorgUncommonSilver,Silver,Uncommon
Fermi,Fermi II-a,Moon,0005DE2C,FermiII-aPlanetData,73788,2,12,Inorganic,000057D6,ResInorgCommonAluminum,Aluminum,Common
Fermi,Fermi II-a,Moon,0005DE2C,FermiII-aPlanetData,73788,2,12,Inorganic,000057F5,ResInorgCommonHelium3_G,Helium3,Common
Fermi,Fermi II-a,Moon,0005DE2C,FermiII-aPlanetData,73788,2,12,Inorganic,000057D8,ResInorgUncommonBeryllium,Beryllium,Uncommon
Fermi,Fermi II-a,Moon,0005DE2C,FermiII-aPlanetData,73788,2,12,Inorganic,000057E2,ResInorgExoticEuropium,Europium,Exotic
Fermi,Fermi III,Planet,0005DE2D,FermiIIIPlanetData,73788,0,3,Inorganic,000057EA,ResInorgCommonArgon_G,Argon,Common
Fermi,Fermi III,Planet,0005DE2D,FermiIIIPlanetData,73788,0,3,Inorganic,000057C7,ResInorgCommonIron,Iron,Common
Fermi,Fermi III,Planet,0005DE2D,FermiIIIPlanetData,73788,0,3,Inorganic,000057EB,ResInorgCommonUranium,Uranium,Common
Fermi,Fermi III,Planet,0005DE2D,FermiIIIPlanetData,73788,0,3,Inorganic,000083EC,ResInorgCommonWater_L,Water,Common
Fermi,Fermi III,Planet,0005DE2D,FermiIIIPlanetData,73788,0,3,Inorganic,000057C9,ResInorgUncommonAlkanes_G,Alkanes,Uncommon
Fermi,Fermi III,Planet,0005DE2D,FermiIIIPlanetData,73788,0,3,Inorganic,000057E7,ResInorgUncommonBenzene_G,Benzene,Uncommon
Fermi,Fermi III,Planet,0005DE2D,FermiIIIPlanetData,73788,0,3,Inorganic,000057EC,ResInorgUncommonIridium,Iridium,Uncommon
Fermi,Fermi III,Planet,0005DE2D,FermiIIIPlanetData,73788,0,3,Inorganic,000057ED,ResInorgRareVanadium,Vanadium,Rare
Fermi,Fermi III,Planet,0005DE2D,FermiIIIPlanetData,73788,0,3,Organic,00077821,ResOrgCommonFiber,Fiber,Common
Fermi,Fermi III,Planet,0005DE2D,FermiIIIPlanetData,73788,0,3,Organic,0022465E,ResOrgCommonMetabolicAgentFaunaCarnivore,MetabolicAgent,Common
Fermi,Fermi III,Planet,0005DE2D,FermiIIIPlanetData,73788,0,3,Organic,000777E6,ResOrgCommonNutrient,Nutrient,Common
Fermi,Fermi III,Planet,0005DE2D,FermiIIIPlanetData,73788,0,3,Organic,0007782D,ResOrgCommonSealant,Sealant,Common
Fermi,Fermi III,Planet,0005DE2D,FermiIIIPlanetData,73788,0,3,Organic,0022462E,ResOrgCommonSealantFaunaHerbivore,Sealant,Common
Fermi,Fermi III,Planet,0005DE2D,FermiIIIPlanetData,73788,0,3,Organic,000777FA,ResOrgCommonStructural,Structural,Common
Fermi,Fermi III,Planet,0005DE2D,FermiIIIPlanetData,73788,0,3,Organic,0022462C,ResOrgCommonStructuralFaunaHerbivore,Structural,Common
Fermi,Fermi III,Planet,0005DE2D,FermiIIIPlanetData,73788,0,3,Organic,0022463E,ResOrgCommonToxinFaunaHerbivore,Toxin,Common
Fermi,Fermi III,Planet,0005DE2D,FermiIIIPlanetData,73788,0,3,Organic,000777F8,ResOrgUncommonCosmetic,Cosmetic,Uncommon
Fermi,Fermi III,Planet,0005DE2D,FermiIIIPlanetData,73788,0,3,Organic,00224630,ResOrgUncommonMembraneFaunaHerbivore,Membrane,Uncommon
Fermi,Fermi III,Planet,0005DE2D,FermiIIIPlanetData,73788,0,3,Organic,0007782E,ResOrgUncommonSpice,Spice,Uncommon
Fermi,Fermi III,Planet,0005DE2D,FermiIIIPlanetData,73788,0,3,Organic,00224636,ResOrgRareAminoAcidsFaunaHerbivore,AminoAcids,Rare
Fermi,Fermi III,Planet,0005DE2D,FermiIIIPlanetData,73788,0,3,Organic,00224659,ResOrgExoticHypercatalystFaunaCarnivore,Hypercatalyst,Exotic
Fermi,Fermi III-a,Moon,0005DE2E,FermiIII-aPlanetData,73788,3,13,Inorganic,000057D6,ResInorgCommonAluminum,Aluminum,Common
Fermi,Fermi III-a,Moon,0005DE2E,FermiIII-aPlanetData,73788,3,13,Inorganic,000057F5,ResInorgCommonHelium3_G,Helium3,Common
Fermi,Fermi III-a,Moon,0005DE2E,FermiIII-aPlanetData,73788,3,13,Inorganic,000057E2,ResInorgExoticEuropium,Europium,Exotic
Fermi,Fermi III-b,Moon,0005DE2F,FermiIII-bPlanetData,73788,3,14,Inorganic,000057F5,ResInorgCommonHelium3_G,Helium3,Common
Fermi,Fermi III-b,Moon,0005DE2F,FermiIII-bPlanetData,73788,3,14,Inorganic,000057C7,ResInorgCommonIron,Iron,Common
Fermi,Fermi IV,Planet,0005DE30,FermiIVPlanetData,73788,0,4,Inorganic,000057CF,ResInorgCommonCopper,Copper,Common
Fermi,Fermi IV,Planet,0005DE30,FermiIVPlanetData,73788,0,4,Inorganic,000057CB,ResInorgCommonNickel,Nickel,Common
Fermi,Fermi IV,Planet,0005DE30,FermiIVPlanetData,73788,0,4,Inorganic,000057EB,ResInorgCommonUranium,Uranium,Common
Fermi,Fermi IV,Planet,0005DE30,FermiIVPlanetData,73788,0,4,Inorganic,000083EC,ResInorgCommonWater_L,Water,Common
Fermi,Fermi IV,Planet,0005DE30,FermiIVPlanetData,73788,0,4,Inorganic,000057CE,ResInorgUncommonCobalt,Cobalt,Uncommon
Fermi,Fermi IV,Planet,0005DE30,FermiIVPlanetData,73788,0,4,Inorganic,000057D0,ResInorgUncommonFluorine_G,Fluorine,Uncommon
Fermi,Fermi IV,Planet,0005DE30,FermiIVPlanetData,73788,0,4,Inorganic,000057EC,ResInorgUncommonIridium,Iridium,Uncommon
Fermi,Fermi IV,Planet,0005DE30,FermiIVPlanetData,73788,0,4,Inorganic,000057ED,ResInorgRareVanadium,Vanadium,Rare
Fermi,Fermi IV-a,Moon,0005DE32,FermiIV-aPlanetData,73788,4,16,Inorganic,000057D6,ResInorgCommonAluminum,Aluminum,Common
Fermi,Fermi IV-a,Moon,0005DE32,FermiIV-aPlanetData,73788,4,16,Inorganic,000057F5,ResInorgCommonHelium3_G,Helium3,Common
Fermi,Fermi IV-a,Moon,0005DE32,FermiIV-aPlanetData,73788,4,16,Inorganic,000057D8,ResInorgUncommonBeryllium,Beryllium,Uncommon
Fermi,Fermi IV-b,Moon,0005DE31,FermiIV-bPlanetData,73788,4,15,Inorganic,000057D6,ResInorgCommonAluminum,Aluminum,Common
Fermi,Fermi IV-b,Moon,0005DE31,FermiIV-bPlanetData,73788,4,15,Inorganic,000057F5,ResInorgCommonHelium3_G,Helium3,Common
Fermi,Fermi IV-b,Moon,0005DE31,FermiIV-bPlanetData,73788,4,15,Inorganic,000057D8,ResInorgUncommonBeryllium,Beryllium,Uncommon
Fermi,Fermi IX-a,Moon,0005DE45,FermiIX-aPlanetData,73788,9,29,Inorganic,000057CB,ResInorgCommonNickel,Nickel,Common
Fermi,Fermi IX-a,Moon,0005DE45,FermiIX-aPlanetData,73788,9,29,Inorganic,000083EC,ResInorgCommonWater_L,Water,Common
Fermi,Fermi IX-a,Moon,0005DE45,FermiIX-aPlanetData,73788,9,29,Inorganic,000057CE,ResInorgUncommonCobalt,Cobalt,Uncommon
Fermi,Fermi IX-b,Moon,0005DE42,FermiIX-bPlanetData,73788,9,26,Inorganic,000057CB,ResInorgCommonNickel,Nickel,Common
Fermi,Fermi IX-b,Moon,0005DE42,FermiIX-bPlanetData,73788,9,26,Inorganic,000083EC,ResInorgCommonWater_L,Water,Common
Fermi,Fermi IX-b,Moon,0005DE42,FermiIX-bPlanetData,73788,9,26,Inorganic,000057CD,ResInorgExoticPalladium,Palladium,Exotic
Fermi,Fermi IX-c,Moon,0005DE43,FermiIX-cPlanetData,73788,9,27,Inorganic,000057EA,ResInorgCommonArgon_G,Argon,Common
Fermi,Fermi IX-c,Moon,0005DE43,FermiIX-cPlanetData,73788,9,27,Inorganic,000083EC,ResInorgCommonWater_L,Water,Common
Fermi,Fermi IX-c,Moon,0005DE43,FermiIX-cPlanetData,73788,9,27,Inorganic,000057E7,ResInorgUncommonBenzene_G,Benzene,Uncommon
Fermi,Fermi IX-d,Moon,0005DE41,FermiIX-dPlanetData,73788,9,25,Inorganic,000057D6,ResInorgCommonAluminum,Aluminum,Common
Fermi,Fermi IX-d,Moon,0005DE41,FermiIX-dPlanetData,73788,9,25,Inorganic,000057F5,ResInorgCommonHelium3_G,Helium3,Common
Fermi,Fermi IX-d,Moon,0005DE41,FermiIX-dPlanetData,73788,9,25,Inorganic,000057D8,ResInorgUncommonBeryllium,Beryllium,Uncommon
Fermi,Fermi IX-e,Moon,0005DE44,FermiIX-ePlanetData,73788,9,28,Inorganic,000057EA,ResInorgCommonArgon_G,Argon,Common
Fermi,Fermi IX-e,Moon,0005DE44,FermiIX-ePlanetData,73788,9,28,Inorganic,000083EC,ResInorgCommonWater_L,Water,Common
Fermi,Fermi IX-e,Moon,0005DE44,FermiIX-ePlanetData,73788,9,28,Inorganic,000057E8,ResInorgRareCarboxylicAcids_L,CarboxylicAcids,Rare
Fermi,Fermi V,Planet,0005DE33,FermiVPlanetData,73788,0,5,Inorganic,000057D5,ResInorgCommonChlorine_G,Chlorine,Common
Fermi,Fermi V,Planet,0005DE33,FermiVPlanetData,73788,0,5,Inorganic,000057C1,ResInorgCommonLead,Lead,Common
Fermi,Fermi V,Planet,0005DE33,FermiVPlanetData,73788,0,5,Inorganic,000057CB,ResInorgCommonNickel,Nickel,Common
Fermi,Fermi V,Planet,0005DE33,FermiVPlanetData,73788,0,5,Inorganic,000083EC,ResInorgCommonWater_L,Water,Common
Fermi,Fermi V,Planet,0005DE33,FermiVPlanetData,73788,0,5,Inorganic,000057CE,ResInorgUncommonCobalt,Cobalt,Uncommon
Fermi,Fermi V,Planet,0005DE33,FermiVPlanetData,73788,0,5,Inorganic,000057DC,ResInorgExoticXenon_G,Xenon,Exotic
Fermi,Fermi V-a,Moon,0005DE34,FermiV-aPlanetData,73788,5,17,Inorganic,000057D6,ResInorgCommonAluminum,Aluminum,Common
Fermi,Fermi V-a,Moon,0005DE34,FermiV-aPlanetData,73788,5,17,Inorganic,000057F5,ResInorgCommonHelium3_G,Helium3,Common
Fermi,Fermi VI,Planet,0005DE35,FermiVIPlanetData,73788,0,6,Inorganic,000057D5,ResInorgCommonChlorine_G,Chlorine,Common
Fermi,Fermi VI,Planet,0005DE35,FermiVIPlanetData,73788,0,6,Inorganic,000057CF,ResInorgCommonCopper,Copper,Common
Fermi,Fermi VI,Planet,0005DE35,FermiVIPlanetData,73788,0,6,Inorganic,000057C7,ResInorgCommonIron,Iron,Common
Fermi,Fermi VI,Planet,0005DE35,FermiVIPlanetData,73788,0,6,Inorganic,000083EC,ResInorgCommonWater_L,Water,Common
Fermi,Fermi VI,Planet,0005DE35,FermiVIPlanetData,73788,0,6,Inorganic,000057C9,ResInorgUncommonAlkanes_G,Alkanes,Uncommon
Fermi,Fermi VI,Planet,0005DE35,FermiVIPlanetData,73788,0,6,Inorganic,000057D7,ResInorgUncommonChlorosilanes_L,Chlorosilanes,Uncommon
Fermi,Fermi VI,Planet,0005DE35,FermiVIPlanetData,73788,0,6,Inorganic,000057D0,ResInorgUncommonFluorine_G,Fluorine,Uncommon
Fermi,Fermi VI,Planet,0005DE35,FermiVIPlanetData,73788,0,6,Inorganic,000057C8,ResInorgRareTantalum,Tantalum,Rare
Fermi,Fermi VI-a,Moon,0005DE36,FermiVI-aPlanetData,73788,6,30,Inorganic,000057F5,ResInorgCommonHelium3_G,Helium3,Common
Fermi,Fermi VI-a,Moon,0005DE36,FermiVI-aPlanetData,73788,6,30,Inorganic,000057C7,ResInorgCommonIron,Iron,Common
Fermi,Fermi VII-a,Moon,0005DE3A,FermiVII-aPlanetData,73788,7,20,Inorganic,000057CF,ResInorgCommonCopper,Copper,Common
Fermi,Fermi VII-a,Moon,0005DE3A,FermiVII-aPlanetData,73788,7,20,Inorganic,000057CB,ResInorgCommonNickel,Nickel,Common
Fermi,Fermi VII-a,Moon,0005DE3A,FermiVII-aPlanetData,73788,7,20,Inorganic,000057EB,ResInorgCommonUranium,Uranium,Common
Fermi,Fermi VII-a,Moon,0005DE3A,FermiVII-aPlanetData,73788,7,20,Inorganic,000083EC,ResInorgCommonWater_L,Water,Common
Fermi,Fermi VII-a,Moon,0005DE3A,FermiVII-aPlanetData,73788,7,20,Inorganic,000057CE,ResInorgUncommonCobalt,Cobalt,Uncommon
Fermi,Fermi VII-a,Moon,0005DE3A,FermiVII-aPlanetData,73788,7,20,Inorganic,000057D0,ResInorgUncommonFluorine_G,Fluorine,Uncommon
Fermi,Fermi VII-a,Moon,0005DE3A,FermiVII-aPlanetData,73788,7,20,Inorganic,000057CC,ResInorgRarePlatinum,Platinum,Rare
Fermi,Fermi VII-a,Moon,0005DE3A,FermiVII-aPlanetData,73788,7,20,Inorganic,000057CD,ResInorgExoticPalladium,Palladium,Exotic
Fermi,Fermi VII-a,Moon,0005DE3A,FermiVII-aPlanetData,73788,7,20,Organic,0022463E,ResOrgCommonToxinFaunaHerbivore,Toxin,Common
Fermi,Fermi VII-a,Moon,0005DE3A,FermiVII-aPlanetData,73788,7,20,Organic,00224657,ResOrgExoticStimulantFaunaCarnivore,Stimulant,Exotic
Fermi,Fermi VII-a,Moon,0005DE3A,FermiVII-aPlanetData,73788,7,20,Organic,00224627,ResOrgUniqueMemorySubstrateFaunaHerbivore,MemorySubstrate,Unique
Fermi,Fermi VII-b,Moon,0005DE39,FermiVII-bPlanetData,73788,7,19,Inorganic,000057D6,ResInorgCommonAluminum,Aluminum,Common
Fermi,Fermi VII-b,Moon,0005DE39,FermiVII-bPlanetData,73788,7,19,Inorganic,000057F5,ResInorgCommonHelium3_G,Helium3,Common
Fermi,Fermi VII-b,Moon,0005DE39,FermiVII-bPlanetData,73788,7,19,Inorganic,000057C1,ResInorgCommonLead,Lead,Common
Fermi,Fermi VII-b,Moon,0005DE39,FermiVII-bPlanetData,73788,7,19,Inorganic,000057C4,ResInorgUncommonTungsten,Tungsten,Uncommon
Fermi,Fermi VII-b,Moon,0005DE39,FermiVII-bPlanetData,73788,7,19,Inorganic,000057C2,ResInorgExoticDysprosium,Dysprosium,Exotic
Fermi,Fermi VII-b,Moon,0005DE39,FermiVII-bPlanetData,73788,7,19,Inorganic,000057E2,ResInorgExoticEuropium,Europium,Exotic
Fermi,Fermi VII-c,Moon,0005DE38,FermiVII-cPlanetData,73788,7,18,Inorganic,000057D6,ResInorgCommonAluminum,Aluminum,Common
Fermi,Fermi VII-c,Moon,0005DE38,FermiVII-cPlanetData,73788,7,18,Inorganic,000057CF,ResInorgCommonCopper,Copper,Common
Fermi,Fermi VII-c,Moon,0005DE38,FermiVII-cPlanetData,73788,7,18,Inorganic,000057C7,ResInorgCommonIron,Iron,Common
Fermi,Fermi VII-c,Moon,0005DE38,FermiVII-cPlanetData,73788,7,18,Inorganic,000057CB,ResInorgCommonNickel,Nickel,Common
Fermi,Fermi VII-c,Moon,0005DE38,FermiVII-cPlanetData,73788,7,18,Inorganic,000057EB,ResInorgCommonUranium,Uranium,Common
Fermi,Fermi VII-c,Moon,0005DE38,FermiVII-cPlanetData,73788,7,18,Inorganic,000083EC,ResInorgCommonWater_L,Water,Common
Fermi,Fermi VII-c,Moon,0005DE38,FermiVII-cPlanetData,73788,7,18,Inorganic,000057D8,ResInorgUncommonBeryllium,Beryllium,Uncommon
Fermi,Fermi VII-c,Moon,0005DE38,FermiVII-cPlanetData,73788,7,18,Inorganic,000057DB,ResInorgRareNeodymium,Neodymium,Rare
Fermi,Fermi VIII-a,Moon,0005DE3C,FermiVIII-aPlanetData,73788,8,21,Inorganic,000057EA,ResInorgCommonArgon_G,Argon,Common
Fermi,Fermi VIII-a,Moon,0005DE3C,FermiVIII-aPlanetData,73788,8,21,Inorganic,000083EC,ResInorgCommonWater_L,Water,Common
Fermi,Fermi VIII-a,Moon,0005DE3C,FermiVIII-aPlanetData,73788,8,21,Inorganic,000057E7,ResInorgUncommonBenzene_G,Benzene,Uncommon
Fermi,Fermi VIII-b,Moon,0005DE3F,FermiVIII-bPlanetData,73788,8,24,Inorganic,000057C1,ResInorgCommonLead,Lead,Common
Fermi,Fermi VIII-b,Moon,0005DE3F,FermiVIII-bPlanetData,73788,8,24,Inorganic,000083EC,ResInorgCommonWater_L,Water,Common
Fermi,Fermi VIII-c,Moon,0005DE3E,FermiVIII-cPlanetData,73788,8,23,Inorganic,000057D5,ResInorgCommonChlorine_G,Chlorine,Common
Fermi,Fermi VIII-c,Moon,0005DE3E,FermiVIII-cPlanetData,73788,8,23,Inorganic,000083EC,ResInorgCommonWater_L,Water,Common
Fermi,Fermi VIII-c,Moon,0005DE3E,FermiVIII-cPlanetData,73788,8,23,Inorganic,000057D7,ResInorgUncommonChlorosilanes_L,Chlorosilanes,Uncommon
Fermi,Fermi VIII-d,Moon,0005DE3D,FermiVIII-dPlanetData,73788,8,22,Inorganic,000057CF,ResInorgCommonCopper,Copper,Common
Fermi,Fermi VIII-d,Moon,0005DE3D,FermiVIII-dPlanetData,73788,8,22,Inorganic,000083EC,ResInorgCommonWater_L,Water,Common
Fermi,Fermi VIII-d,Moon,0005DE3D,FermiVIII-dPlanetData,73788,8,22,Inorganic,000057D0,ResInorgUncommonFluorine_G,Fluorine,Uncommon
Fermi,Fermi X,Planet,0005DE46,FermiXPlanetData,73788,0,10,Inorganic,000057F5,ResInorgCommonHelium3_G,Helium3,Common
Fermi,Fermi X,Planet,0005DE46,FermiXPlanetData,73788,0,10,Inorganic,000057C7,ResInorgCommonIron,Iron,Common
Fermi,Fermi X,Planet,0005DE46,FermiXPlanetData,73788,0,10,Inorganic,000057C8,ResInorgRareTantalum,Tantalum,Rare
Fermi,Fermi X,Planet,0005DE46,FermiXPlanetData,73788,0,10,Inorganic,000057CA,ResInorgExoticYtterbium,Ytterbium,Exotic
Feynman,Feynman I,Planet,0005E0DA,FeynmanIPlanetData,86469,0,1,Inorganic,000057D5,ResInorgCommonChlorine_G,Chlorine,Common
Feynman,Feynman I,Planet,0005E0DA,FeynmanIPlanetData,86469,0,1,Inorganic,000057CF,ResInorgCommonCopper,Copper,Common
Feynman,Feynman I,Planet,0005E0DA,FeynmanIPlanetData,86469,0,1,Inorganic,000057EB,ResInorgCommonUranium,Uranium,Common
Feynman,Feynman I,Planet,0005E0DA,FeynmanIPlanetData,86469,0,1,Inorganic,000057D7,ResInorgUncommonChlorosilanes_L,Chlorosilanes,Uncommon
Feynman,Feynman I,Planet,0005E0DA,FeynmanIPlanetData,86469,0,1,Inorganic,000057D0,ResInorgUncommonFluorine_G,Fluorine,Uncommon
Feynman,Feynman I,Planet,0005E0DA,FeynmanIPlanetData,86469,0,1,Inorganic,000057EC,ResInorgUncommonIridium,Iridium,Uncommon
Feynman,Feynman I,Planet,0005E0DA,FeynmanIPlanetData,86469,0,1,Inorganic,000057DA,ResInorgRareLithium,Lithium,Rare
Feynman,Feynman I,Planet,0005E0DA,FeynmanIPlanetData,86469,0,1,Inorganic,000057D1,ResInorgRareTetrafluorides_G,Tetrafluorides,Rare
Feynman,Feynman I,Planet,0005E0DA,FeynmanIPlanetData,86469,0,1,Organic,00224649,ResOrgCommonStructuralFaunaCarnivore,Structural,Common
Feynman,Feynman I,Planet,0005E0DA,FeynmanIPlanetData,86469,0,1,Organic,0022463E,ResOrgCommonToxinFaunaHerbivore,Toxin,Common
Feynman,Feynman I,Planet,0005E0DA,FeynmanIPlanetData,86469,0,1,Organic,0022464E,ResOrgUncommonCosmeticFaunaCarnivore,Cosmetic,Uncommon
Feynman,Feynman II,Planet,0005E0DB,FeynmanIIPlanetData,86469,0,2,Inorganic,000057C1,ResInorgCommonLead,Lead,Common
Feynman,Feynman II,Planet,0005E0DB,FeynmanIIPlanetData,86469,0,2,Inorganic,000057EB,ResInorgCommonUranium,Uranium,Common
Feynman,Feynman II,Planet,0005E0DB,FeynmanIIPlanetData,86469,0,2,Inorganic,000057EC,ResInorgUncommonIridium,Iridium,Uncommon
Feynman,Feynman II,Planet,0005E0DB,FeynmanIIPlanetData,86469,0,2,Inorganic,000057C3,ResInorgUncommonSilver,Silver,Uncommon
Feynman,Feynman II,Planet,0005E0DB,FeynmanIIPlanetData,86469,0,2,Inorganic,000057ED,ResInorgRareVanadium,Vanadium,Rare
Feynman,Feynman III,Planet,0005E0DC,FeynmanIIIPlanetData,86469,0,3,Inorganic,000057D5,ResInorgCommonChlorine_G,Chlorine,Common
Feynman,Feynman III,Planet,0005E0DC,FeynmanIIIPlanetData,86469,0,3,Inorganic,000057C7,ResInorgCommonIron,Iron,Common
Feynman,Feynman III,Planet,0005E0DC,FeynmanIIIPlanetData,86469,0,3,Inorganic,000057EB,ResInorgCommonUranium,Uranium,Common
Feynman,Feynman III,Planet,0005E0DC,FeynmanIIIPlanetData,86469,0,3,Inorganic,000083EC,ResInorgCommonWater_L,Water,Common
Feynman,Feynman III,Planet,0005E0DC,FeynmanIIIPlanetData,86469,0,3,Inorganic,000057C9,ResInorgUncommonAlkanes_G,Alkanes,Uncommon
Feynman,Feynman III,Planet,0005E0DC,FeynmanIIIPlanetData,86469,0,3,Inorganic,000057EC,ResInorgUncommonIridium,Iridium,Uncommon
Feynman,Feynman III,Planet,0005E0DC,FeynmanIIIPlanetData,86469,0,3,Inorganic,000057C8,ResInorgRareTantalum,Tantalum,Rare
Feynman,Feynman III,Planet,0005E0DC,FeynmanIIIPlanetData,86469,0,3,Inorganic,000057ED,ResInorgRareVanadium,Vanadium,Rare
Feynman,Feynman III,Planet,0005E0DC,FeynmanIIIPlanetData,86469,0,3,Organic,00077821,ResOrgCommonFiber,Fiber,Common
Feynman,Feynman III,Planet,0005E0DC,FeynmanIIIPlanetData,86469,0,3,Organic,00224641,ResOrgCommonMetabolicAgentFaunaHerbivore,MetabolicAgent,Common
Feynman,Feynman III,Planet,0005E0DC,FeynmanIIIPlanetData,86469,0,3,Organic,000777E6,ResOrgCommonNutrient,Nutrient,Common
Feynman,Feynman III,Planet,0005E0DC,FeynmanIIIPlanetData,86469,0,3,Organic,00224640,ResOrgCommonNutrientFaunaHerbivore,Nutrient,Common
Feynman,Feynman III,Planet,0005E0DC,FeynmanIIIPlanetData,86469,0,3,Organic,0007782D,ResOrgCommonSealant,Sealant,Common
Feynman,Feynman III,Planet,0005E0DC,FeynmanIIIPlanetData,86469,0,3,Organic,000777FA,ResOrgCommonStructural,Structural,Common
Feynman,Feynman III,Planet,0005E0DC,FeynmanIIIPlanetData,86469,0,3,Organic,00077823,ResOrgCommonToxin,Toxin,Common
Feynman,Feynman III,Planet,0005E0DC,FeynmanIIIPlanetData,86469,0,3,Organic,0022463E,ResOrgCommonToxinFaunaHerbivore,Toxin,Common
Feynman,Feynman III,Planet,0005E0DC,FeynmanIIIPlanetData,86469,0,3,Organic,0022462F,ResOrgUncommonPigmentFaunaHerbivore,Pigment,Uncommon
Feynman,Feynman III,Planet,0005E0DC,FeynmanIIIPlanetData,86469,0,3,Organic,00224651,ResOrgRareAromaticFaunaCarnivore,Aromatic,Rare
Feynman,Feynman III,Planet,0005E0DC,FeynmanIIIPlanetData,86469,0,3,Organic,00224634,ResOrgRareAromaticFaunaHerbivore,Aromatic,Rare
Feynman,Feynman III,Planet,0005E0DC,FeynmanIIIPlanetData,86469,0,3,Organic,0022465A,ResOrgExoticBiosuppressantFaunaCarnivore,Biosuppressant,Exotic
Feynman,Feynman IV,Planet,0005E0DD,FeynmanIVPlanetData,86469,0,4,Inorganic,000057D6,ResInorgCommonAluminum,Aluminum,Common
Feynman,Feynman IV,Planet,0005E0DD,FeynmanIVPlanetData,86469,0,4,Inorganic,000057EA,ResInorgCommonArgon_G,Argon,Common
Feynman,Feynman IV,Planet,0005E0DD,FeynmanIVPlanetData,86469,0,4,Inorganic,000057D5,ResInorgCommonChlorine_G,Chlorine,Common
Feynman,Feynman IV,Planet,0005E0DD,FeynmanIVPlanetData,86469,0,4,Inorganic,000057F5,ResInorgCommonHelium3_G,Helium3,Common
Feynman,Feynman IV,Planet,0005E0DD,FeynmanIVPlanetData,86469,0,4,Inorganic,000057C7,ResInorgCommonIron,Iron,Common
Feynman,Feynman IV,Planet,0005E0DD,FeynmanIVPlanetData,86469,0,4,Inorganic,000083EC,ResInorgCommonWater_L,Water,Common
Feynman,Feynman IV,Planet,0005E0DD,FeynmanIVPlanetData,86469,0,4,Inorganic,000057E7,ResInorgUncommonBenzene_G,Benzene,Uncommon
Feynman,Feynman IV,Planet,0005E0DD,FeynmanIVPlanetData,86469,0,4,Inorganic,000057D7,ResInorgUncommonChlorosilanes_L,Chlorosilanes,Uncommon
Feynman,Feynman IV,Planet,0005E0DD,FeynmanIVPlanetData,86469,0,4,Organic,00077821,ResOrgCommonFiber,Fiber,Common
Feynman,Feynman IV,Planet,0005E0DD,FeynmanIVPlanetData,86469,0,4,Organic,0029F3FD,ResOrgCommonMetabolicAgent,MetabolicAgent,Common
Feynman,Feynman IV,Planet,0005E0DD,FeynmanIVPlanetData,86469,0,4,Organic,00224640,ResOrgCommonNutrientFaunaHerbivore,Nutrient,Common
Feynman,Feynman IV,Planet,0005E0DD,FeynmanIVPlanetData,86469,0,4,Organic,0007782D,ResOrgCommonSealant,Sealant,Common
Feynman,Feynman IV,Planet,0005E0DD,FeynmanIVPlanetData,86469,0,4,Organic,00077823,ResOrgCommonToxin,Toxin,Common
Feynman,Feynman IV,Planet,0005E0DD,FeynmanIVPlanetData,86469,0,4,Organic,0022464E,ResOrgUncommonCosmeticFaunaCarnivore,Cosmetic,Uncommon
Feynman,Feynman IV,Planet,0005E0DD,FeynmanIVPlanetData,86469,0,4,Organic,00224632,ResOrgRareSedativeFaunaHerbivore,Sedative,Rare
Feynman,Feynman IX,Planet,0005E0EF,FeynmanIXPlanetData,86469,0,9,Inorganic,000057D6,ResInorgCommonAluminum,Aluminum,Common
Feynman,Feynman IX,Planet,0005E0EF,FeynmanIXPlanetData,86469,0,9,Inorganic,000057F5,ResInorgCommonHelium3_G,Helium3,Common
Feynman,Feynman IX,Planet,0005E0EF,FeynmanIXPlanetData,86469,0,9,Inorganic,000057E2,ResInorgExoticEuropium,Europium,Exotic
Feynman,Feynman IX-a,Moon,0005E0F0,FeynmanIX-aPlanetData,86469,9,13,Inorganic,000057C1,ResInorgCommonLead,Lead,Common
Feynman,Feynman IX-a,Moon,0005E0F0,FeynmanIX-aPlanetData,86469,9,13,Inorganic,000083EC,ResInorgCommonWater_L,Water,Common
Feynman,Feynman V,Planet,0005E0DE,FeynmanVPlanetData,86469,0,5,Inorganic,000057CF,ResInorgCommonCopper,Copper,Common
Feynman,Feynman V,Planet,0005E0DE,FeynmanVPlanetData,86469,0,5,Inorganic,000057C1,ResInorgCommonLead,Lead,Common
Feynman,Feynman V,Planet,0005E0DE,FeynmanVPlanetData,86469,0,5,Inorganic,000057CB,ResInorgCommonNickel,Nickel,Common
Feynman,Feynman V,Planet,0005E0DE,FeynmanVPlanetData,86469,0,5,Inorganic,000083EC,ResInorgCommonWater_L,Water,Common
Feynman,Feynman V,Planet,0005E0DE,FeynmanVPlanetData,86469,0,5,Inorganic,000057CE,ResInorgUncommonCobalt,Cobalt,Uncommon
Feynman,Feynman V,Planet,0005E0DE,FeynmanVPlanetData,86469,0,5,Inorganic,000057D0,ResInorgUncommonFluorine_G,Fluorine,Uncommon
Feynman,Feynman V,Planet,0005E0DE,FeynmanVPlanetData,86469,0,5,Inorganic,000057C4,ResInorgUncommonTungsten,Tungsten,Uncommon
Feynman,Feynman V,Planet,0005E0DE,FeynmanVPlanetData,86469,0,5,Inorganic,000057D4,ResInorgExoticIonicLiquids_L,IonicLiquids,Exotic
Feynman,Feynman V-a,Moon,0005E0E0,FeynmanV-aPlanetData,86469,5,12,Inorganic,000057F5,ResInorgCommonHelium3_G,Helium3,Common
Feynman,Feynman V-a,Moon,0005E0E0,FeynmanV-aPlanetData,86469,5,12,Inorganic,000057C7,ResInorgCommonIron,Iron,Common
Feynman,Feynman V-a,Moon,0005E0E0,FeynmanV-aPlanetData,86469,5,12,Inorganic,000057C9,ResInorgUncommonAlkanes_G,Alkanes,Uncommon
Feynman,Feynman VI-a,Moon,0005E0E4,FeynmanVI-aPlanetData,86469,6,16,Inorganic,000057C1,ResInorgCommonLead,Lead,Common
Feynman,Feynman VI-a,Moon,0005E0E4,FeynmanVI-aPlanetData,86469,6,16,Inorganic,000083EC,ResInorgCommonWater_L,Water,Common
Feynman,Feynman VI-a,Moon,0005E0E4,FeynmanVI-aPlanetData,86469,6,16,Inorganic,000057C4,ResInorgUncommonTungsten,Tungsten,Uncommon
Feynman,Feynman VI-b,Moon,0005E0E3,FeynmanVI-bPlanetData,86469,6,15,Inorganic,000057D6,ResInorgCommonAluminum,Aluminum,Common
Feynman,Feynman VI-b,Moon,0005E0E3,FeynmanVI-bPlanetData,86469,6,15,Inorganic,000057F5,ResInorgCommonHelium3_G,Helium3,Common
Feynman,Feynman VI-b,Moon,0005E0E3,FeynmanVI-bPlanetData,86469,6,15,Inorganic,000057D8,ResInorgUncommonBeryllium,Beryllium,Uncommon
Feynman,Feynman VI-c,Moon,0005E0E2,FeynmanVI-cPlanetData,86469,6,14,Inorganic,000057C1,ResInorgCommonLead,Lead,Common
Feynman,Feynman VI-c,Moon,0005E0E2,FeynmanVI-cPlanetData,86469,6,14,Inorganic,000083EC,ResInorgCommonWater_L,Water,Common
Feynman,Feynman VI-c,Moon,0005E0E2,FeynmanVI-cPlanetData,86469,6,14,Inorganic,000057C4,ResInorgUncommonTungsten,Tungsten,Uncommon
Feynman,Feynman VII-a,Moon,0005E0E6,FeynmanVII-aPlanetData,86469,7,17,Inorganic,000057EA,ResInorgCommonArgon_G,Argon,Common
Feynman,Feynman VII-a,Moon,0005E0E6,FeynmanVII-aPlanetData,86469,7,17,Inorganic,000083EC,ResInorgCommonWater_L,Water,Common
Feynman,Feynman VII-a,Moon,0005E0E6,FeynmanVII-aPlanetData,86469,7,17,Inorganic,000057E8,ResInorgRareCarboxylicAcids_L,CarboxylicAcids,Rare
Feynman,Feynman VII-b,Moon,0005E0E7,FeynmanVII-bPlanetData,86469,7,18,Inorganic,000057D6,ResInorgCommonAluminum,Aluminum,Common
Feynman,Feynman VII-b,Moon,0005E0E7,FeynmanVII-bPlanetData,86469,7,18,Inorganic,000057EA,ResInorgCommonArgon_G,Argon,Common
Feynman,Feynman VII-b,Moon,0005E0E7,FeynmanVII-bPlanetData,86469,7,18,Inorganic,000057F5,ResInorgCommonHelium3_G,Helium3,Common
Feynman,Feynman VII-b,Moon,0005E0E7,FeynmanVII-bPlanetData,86469,7,18,Inorganic,000057C1,ResInorgCommonLead,Lead,Common
Feynman,Feynman VII-b,Moon,0005E0E7,FeynmanVII-bPlanetData,86469,7,18,Inorganic,000057EB,ResInorgCommonUranium,Uranium,Common
Feynman,Feynman VII-b,Moon,0005E0E7,FeynmanVII-bPlanetData,86469,7,18,Inorganic,000083EC,ResInorgCommonWater_L,Water,Common
Feynman,Feynman VII-b,Moon,0005E0E7,FeynmanVII-bPlanetData,86469,7,18,Inorganic,000057DB,ResInorgRareNeodymium,Neodymium,Rare
Feynman,Feynman VII-b,Moon,0005E0E7,FeynmanVII-bPlanetData,86469,7,18,Inorganic,000057EE,ResInorgExoticPlutonium,Plutonium,Exotic
Feynman,Feynman VII-c,Moon,0005E0E8,FeynmanVII-cPlanetData,86469,7,19,Inorganic,000057CF,ResInorgCommonCopper,Copper,Common
Feynman,Feynman VII-c,Moon,0005E0E8,FeynmanVII-cPlanetData,86469,7,19,Inorganic,000083EC,ResInorgCommonWater_L,Water,Common
Feynman,Feynman VII-c,Moon,0005E0E8,FeynmanVII-cPlanetData,86469,7,19,Inorganic,000057D0,ResInorgUncommonFluorine_G,Fluorine,Uncommon
Feynman,Feynman VIII-a,Moon,0005E0EA,FeynmanVIII-aPlanetData,86469,8,20,Inorganic,000057EA,ResInorgCommonArgon_G,Argon,Common
Feynman,Feynman VIII-a,Moon,0005E0EA,FeynmanVIII-aPlanetData,86469,8,20,Inorganic,000083EC,ResInorgCommonWater_L,Water,Common
Feynman,Feynman VIII-a,Moon,0005E0EA,FeynmanVIII-aPlanetData,86469,8,20,Inorganic,000057E8,ResInorgRareCarboxylicAcids_L,CarboxylicAcids,Rare
Feynman,Feynman VIII-b,Moon,0005E0EE,FeynmanVIII-bPlanetData,86469,8,24,Inorganic,000057CF,ResInorgCommonCopper,Copper,Common
Feynman,Feynman VIII-b,Moon,0005E0EE,FeynmanVIII-bPlanetData,86469,8,24,Inorganic,000083EC,ResInorgCommonWater_L,Water,Common
Feynman,Feynman VIII-b,Moon,0005E0EE,FeynmanVIII-bPlanetData,86469,8,24,Inorganic,000057D0,ResInorgUncommonFluorine_G,Fluorine,Uncommon
Feynman,Feynman VIII-b,Moon,0005E0EE,FeynmanVIII-bPlanetData,86469,8,24,Inorganic,000057D2,ResInorgRareGold,Gold,Rare
Feynman,Feynman VIII-b,Moon,0005E0EE,FeynmanVIII-bPlanetData,86469,8,24,Inorganic,000057D3,ResInorgExoticAntimony,Antimony,Exotic
Feynman,Feynman VIII-c,Moon,0005E0ED,FeynmanVIII-cPlanetData,86469,8,23,Inorganic,000057D5,ResInorgCommonChlorine_G,Chlorine,Common
Feynman,Feynman VIII-c,Moon,0005E0ED,FeynmanVIII-cPlanetData,86469,8,23,Inorganic,000057C7,ResInorgCommonIron,Iron,Common
Feynman,Feynman VIII-c,Moon,0005E0ED,FeynmanVIII-cPlanetData,86469,8,23,Inorganic,000083EC,ResInorgCommonWater_L,Water,Common
Feynman,Feynman VIII-c,Moon,0005E0ED,FeynmanVIII-cPlanetData,86469,8,23,Inorganic,000057D7,ResInorgUncommonChlorosilanes_L,Chlorosilanes,Uncommon
Feynman,Feynman VIII-d,Moon,0005E0EB,FeynmanVIII-dPlanetData,86469,8,21,Inorganic,000057CF,ResInorgCommonCopper,Copper,Common
Feynman,Feynman VIII-d,Moon,0005E0EB,FeynmanVIII-dPlanetData,86469,8,21,Inorganic,000057C7,ResInorgCommonIron,Iron,Common
Feynman,Feynman VIII-d,Moon,0005E0EB,FeynmanVIII-dPlanetData,86469,8,21,Inorganic,000057C1,ResInorgCommonLead,Lead,Common
Feynman,Feynman VIII-d,Moon,0005E0EB,FeynmanVIII-dPlanetData,86469,8,21,Inorganic,000083EC,ResInorgCommonWater_L,Water,Common
Feynman,Feynman VIII-d,Moon,0005E0EB,FeynmanVIII-dPlanetData,86469,8,21,Inorganic,000057D2,ResInorgRareGold,Gold,Rare
Feynman,Feynman VIII-d,Moon,0005E0EB,FeynmanVIII-dPlanetData,86469,8,21,Inorganic,0027C499,ResInorgRareMercury_L,Mercury,Rare
Feynman,Feynman VIII-e,Moon,0005E0EC,FeynmanVIII-ePlanetData,86469,8,22,Inorganic,000057CF,ResInorgCommonCopper,Copper,Common
Feynman,Feynman VIII-e,Moon,0005E0EC,FeynmanVIII-ePlanetData,86469,8,22,Inorganic,000083EC,ResInorgCommonWater_L,Water,Common
Feynman,Feynman VIII-e,Moon,0005E0EC,FeynmanVIII-ePlanetData,86469,8,22,Inorganic,000057D1,ResInorgRareTetrafluorides_G,Tetrafluorides,Rare
Foucault,Foucault I,Planet,0005E2EE,FoucaultIPlanetData,72377,0,1,Inorganic,000057D6,ResInorgCommonAluminum,Aluminum,Common
Foucault,Foucault I,Planet,0005E2EE,FoucaultIPlanetData,72377,0,1,Inorganic,000057F5,ResInorgCommonHelium3_G,Helium3,Common
Foucault,Foucault I,Planet,0005E2EE,FoucaultIPlanetData,72377,0,1,Inorganic,000057D8,ResInorgUncommonBeryllium,Beryllium,Uncommon
Foucault,Foucault I-a,Moon,0005E2EF,FoucaultI-aPlanetData,72377,1,11,Inorganic,000057D6,ResInorgCommonAluminum,Aluminum,Common
Foucault,Foucault I-a,Moon,0005E2EF,FoucaultI-aPlanetData,72377,1,11,Inorganic,000057F5,ResInorgCommonHelium3_G,Helium3,Common
Foucault,Foucault I-a,Moon,0005E2EF,FoucaultI-aPlanetData,72377,1,11,Inorganic,000057DB,ResInorgRareNeodymium,Neodymium,Rare
Foucault,Foucault I-b,Moon,0005E2F0,FoucaultI-bPlanetData,72377,1,12,Inorganic,000057D6,ResInorgCommonAluminum,Aluminum,Common
Foucault,Foucault I-b,Moon,0005E2F0,FoucaultI-bPlanetData,72377,1,12,Inorganic,000057F5,ResInorgCommonHelium3_G,Helium3,Common
Foucault,Foucault II,Planet,0005E2F1,FoucaultIIPlanetData,72377,0,2,Inorganic,000057D5,ResInorgCommonChlorine_G,Chlorine,Common
Foucault,Foucault II,Planet,0005E2F1,FoucaultIIPlanetData,72377,0,2,Inorganic,000057EB,ResInorgCommonUranium,Uranium,Common
Foucault,Foucault II,Planet,0005E2F1,FoucaultIIPlanetData,72377,0,2,Inorganic,000057EC,ResInorgUncommonIridium,Iridium,Uncommon
Foucault,Foucault II,Planet,0005E2F1,FoucaultIIPlanetData,72377,0,2,Inorganic,000057EE,ResInorgExoticPlutonium,Plutonium,Exotic
Foucault,Foucault II,Planet,0005E2F1,FoucaultIIPlanetData,72377,0,2,Organic,0022465D,ResOrgCommonNutrientFaunaCarnivore,Nutrient,Common
Foucault,Foucault II,Planet,0005E2F1,FoucaultIIPlanetData,72377,0,2,Organic,0022463E,ResOrgCommonToxinFaunaHerbivore,Toxin,Common
Foucault,Foucault II,Planet,0005E2F1,FoucaultIIPlanetData,72377,0,2,Organic,0022463B,ResOrgExoticLubricantFaunaHerbivore,Lubricant,Exotic
Foucault,Foucault II-a,Moon,0005E2F3,FoucaultII-aPlanetData,72377,2,14,Inorganic,000057D6,ResInorgCommonAluminum,Aluminum,Common
Foucault,Foucault II-a,Moon,0005E2F3,FoucaultII-aPlanetData,72377,2,14,Inorganic,000057F5,ResInorgCommonHelium3_G,Helium3,Common
Foucault,Foucault II-a,Moon,0005E2F3,FoucaultII-aPlanetData,72377,2,14,Inorganic,000057D8,ResInorgUncommonBeryllium,Beryllium,Uncommon
Foucault,Foucault II-b,Moon,0005E2F2,FoucaultII-bPlanetData,72377,2,13,Inorganic,000057F5,ResInorgCommonHelium3_G,Helium3,Common
Foucault,Foucault II-b,Moon,0005E2F2,FoucaultII-bPlanetData,72377,2,13,Inorganic,000057C7,ResInorgCommonIron,Iron,Common
Foucault,Foucault III,Planet,0005E2F4,FoucaultIIIPlanetData,72377,0,3,Inorganic,000057C1,ResInorgCommonLead,Lead,Common
Foucault,Foucault III,Planet,0005E2F4,FoucaultIIIPlanetData,72377,0,3,Inorganic,000057CB,ResInorgCommonNickel,Nickel,Common
Foucault,Foucault III,Planet,0005E2F4,FoucaultIIIPlanetData,72377,0,3,Inorganic,000083EC,ResInorgCommonWater_L,Water,Common
Foucault,Foucault III-a,Moon,0005E2F6,FoucaultIII-aPlanetData,72377,3,16,Inorganic,000057F5,ResInorgCommonHelium3_G,Helium3,Common
Foucault,Foucault III-a,Moon,0005E2F6,FoucaultIII-aPlanetData,72377,3,16,Inorganic,000057C7,ResInorgCommonIron,Iron,Common
Foucault,Foucault III-a,Moon,0005E2F6,FoucaultIII-aPlanetData,72377,3,16,Inorganic,000057C9,ResInorgUncommonAlkanes_G,Alkanes,Uncommon
Foucault,Foucault III-b,Moon,0005E2F5,FoucaultIII-bPlanetData,72377,3,15,Inorganic,000057D6,ResInorgCommonAluminum,Aluminum,Common
Foucault,Foucault III-b,Moon,0005E2F5,FoucaultIII-bPlanetData,72377,3,15,Inorganic,000057F5,ResInorgCommonHelium3_G,Helium3,Common
Foucault,Foucault IV,Planet,0005E2F7,FoucaultIVPlanetData,72377,0,4,Inorganic,000057D6,ResInorgCommonAluminum,Aluminum,Common
Foucault,Foucault IV,Planet,0005E2F7,FoucaultIVPlanetData,72377,0,4,Inorganic,000057F5,ResInorgCommonHelium3_G,Helium3,Common
Foucault,Foucault IV,Planet,0005E2F7,FoucaultIVPlanetData,72377,0,4,Inorganic,000057D8,ResInorgUncommonBeryllium,Beryllium,Uncommon
Foucault,Foucault IV,Planet,0005E2F7,FoucaultIVPlanetData,72377,0,4,Inorganic,000057DB,ResInorgRareNeodymium,Neodymium,Rare
Foucault,Foucault V-a,Moon,0005E2F9,FoucaultV-aPlanetData,72377,5,18,Inorganic,000057CB,ResInorgCommonNickel,Nickel,Common
Foucault,Foucault V-a,Moon,0005E2F9,FoucaultV-aPlanetData,72377,5,18,Inorganic,000083EC,ResInorgCommonWater_L,Water,Common
Foucault,Foucault V-b,Moon,0005E2FC,FoucaultV-bPlanetData,72377,5,21,Inorganic,000057CF,ResInorgCommonCopper,Copper,Common
Foucault,Foucault V-b,Moon,0005E2FC,FoucaultV-bPlanetData,72377,5,21,Inorganic,000057C7,ResInorgCommonIron,Iron,Common
Foucault,Foucault V-b,Moon,0005E2FC,FoucaultV-bPlanetData,72377,5,21,Inorganic,000057C1,ResInorgCommonLead,Lead,Common
Foucault,Foucault V-b,Moon,0005E2FC,FoucaultV-bPlanetData,72377,5,21,Inorganic,000057CB,ResInorgCommonNickel,Nickel,Common
Foucault,Foucault V-b,Moon,0005E2FC,FoucaultV-bPlanetData,72377,5,21,Inorganic,000083EC,ResInorgCommonWater_L,Water,Common
Foucault,Foucault V-b,Moon,0005E2FC,FoucaultV-bPlanetData,72377,5,21,Inorganic,000057C9,ResInorgUncommonAlkanes_G,Alkanes,Uncommon
Foucault,Foucault V-b,Moon,0005E2FC,FoucaultV-bPlanetData,72377,5,21,Inorganic,0027C499,ResInorgRareMercury_L,Mercury,Rare
Foucault,Foucault V-c,Moon,0005E2FB,FoucaultV-cPlanetData,72377,5,20,Inorganic,000057CF,ResInorgCommonCopper,Copper,Common
Foucault,Foucault V-c,Moon,0005E2FB,FoucaultV-cPlanetData,72377,5,20,Inorganic,000083EC,ResInorgCommonWater_L,Water,Common
Foucault,Foucault V-c,Moon,0005E2FB,FoucaultV-cPlanetData,72377,5,20,Inorganic,000057D0,ResInorgUncommonFluorine_G,Fluorine,Uncommon
Foucault,Foucault V-d,Moon,0005E2FA,FoucaultV-dPlanetData,72377,5,19,Inorganic,000057CF,ResInorgCommonCopper,Copper,Common
Foucault,Foucault V-d,Moon,0005E2FA,FoucaultV-dPlanetData,72377,5,19,Inorganic,000057C1,ResInorgCommonLead,Lead,Common
Foucault,Foucault V-d,Moon,0005E2FA,FoucaultV-dPlanetData,72377,5,19,Inorganic,000057CB,ResInorgCommonNickel,Nickel,Common
Foucault,Foucault V-d,Moon,0005E2FA,FoucaultV-dPlanetData,72377,5,19,Inorganic,000083EC,ResInorgCommonWater_L,Water,Common
Foucault,Foucault V-d,Moon,0005E2FA,FoucaultV-dPlanetData,72377,5,19,Inorganic,000057CE,ResInorgUncommonCobalt,Cobalt,Uncommon
Foucault,Foucault V-d,Moon,0005E2FA,FoucaultV-dPlanetData,72377,5,19,Inorganic,000057D0,ResInorgUncommonFluorine_G,Fluorine,Uncommon
Foucault,Foucault V-d,Moon,0005E2FA,FoucaultV-dPlanetData,72377,5,19,Inorganic,000057C4,ResInorgUncommonTungsten,Tungsten,Uncommon
Foucault,Foucault VI-a,Moon,0005E2FF,FoucaultVI-aPlanetData,72377,6,23,Inorganic,000057CF,ResInorgCommonCopper,Copper,Common
Foucault,Foucault VI-a,Moon,0005E2FF,FoucaultVI-aPlanetData,72377,6,23,Inorganic,000083EC,ResInorgCommonWater_L,Water,Common
Foucault,Foucault VI-a,Moon,0005E2FF,FoucaultVI-aPlanetData,72377,6,23,Inorganic,000057D2,ResInorgRareGold,Gold,Rare
Foucault,Foucault VI-b,Moon,0005E300,FoucaultVI-bPlanetData,72377,6,24,Inorganic,000057D5,ResInorgCommonChlorine_G,Chlorine,Common
Foucault,Foucault VI-b,Moon,0005E300,FoucaultVI-bPlanetData,72377,6,24,Inorganic,000083EC,ResInorgCommonWater_L,Water,Common
Foucault,Foucault VI-c,Moon,0005E2FE,FoucaultVI-cPlanetData,72377,6,22,Inorganic,000057D6,ResInorgCommonAluminum,Aluminum,Common
Foucault,Foucault VI-c,Moon,0005E2FE,FoucaultVI-cPlanetData,72377,6,22,Inorganic,000057CF,ResInorgCommonCopper,Copper,Common
Foucault,Foucault VI-c,Moon,0005E2FE,FoucaultVI-cPlanetData,72377,6,22,Inorganic,000057F5,ResInorgCommonHelium3_G,Helium3,Common
Foucault,Foucault VI-c,Moon,0005E2FE,FoucaultVI-cPlanetData,72377,6,22,Inorganic,000083EC,ResInorgCommonWater_L,Water,Common
Foucault,Foucault VI-c,Moon,0005E2FE,FoucaultVI-cPlanetData,72377,6,22,Inorganic,000057D1,ResInorgRareTetrafluorides_G,Tetrafluorides,Rare
Foucault,Foucault VI-d,Moon,0005E301,FoucaultVI-dPlanetData,72377,6,25,Inorganic,000057D5,ResInorgCommonChlorine_G,Chlorine,Common
Foucault,Foucault VI-d,Moon,0005E301,FoucaultVI-dPlanetData,72377,6,25,Inorganic,000083EC,ResInorgCommonWater_L,Water,Common
Foucault,Foucault VI-d,Moon,0005E301,FoucaultVI-dPlanetData,72377,6,25,Inorganic,000057D7,ResInorgUncommonChlorosilanes_L,Chlorosilanes,Uncommon
Foucault,Foucault VI-e,Moon,0005E302,FoucaultVI-ePlanetData,72377,6,26,Inorganic,000057CF,ResInorgCommonCopper,Copper,Common
Foucault,Foucault VI-e,Moon,0005E302,FoucaultVI-ePlanetData,72377,6,26,Inorganic,000083EC,ResInorgCommonWater_L,Water,Common
Foucault,Foucault VI-e,Moon,0005E302,FoucaultVI-ePlanetData,72377,6,26,Inorganic,000057D0,ResInorgUncommonFluorine_G,Fluorine,Uncommon
Foucault,Foucault VI-e,Moon,0005E302,FoucaultVI-ePlanetData,72377,6,26,Inorganic,000057D2,ResInorgRareGold,Gold,Rare
Foucault,Foucault VI-e,Moon,0005E302,FoucaultVI-ePlanetData,72377,6,26,Inorganic,000057D3,ResInorgExoticAntimony,Antimony,Exotic
Foucault,Foucault VII-a,Moon,0005E304,FoucaultVII-aPlanetData,72377,7,27,Inorganic,000057C7,ResInorgCommonIron,Iron,Common
Foucault,Foucault VII-a,Moon,0005E304,FoucaultVII-aPlanetData,72377,7,27,Inorganic,000057C1,ResInorgCommonLead,Lead,Common
Foucault,Foucault VII-a,Moon,0005E304,FoucaultVII-aPlanetData,72377,7,27,Inorganic,000057EB,ResInorgCommonUranium,Uranium,Common
Foucault,Foucault VII-a,Moon,0005E304,FoucaultVII-aPlanetData,72377,7,27,Inorganic,000083EC,ResInorgCommonWater_L,Water,Common
Foucault,Foucault VII-a,Moon,0005E304,FoucaultVII-aPlanetData,72377,7,27,Inorganic,000057C4,ResInorgUncommonTungsten,Tungsten,Uncommon
Foucault,Foucault VII-a,Moon,0005E304,FoucaultVII-aPlanetData,72377,7,27,Inorganic,000057C6,ResInorgRareTitanium,Titanium,Rare
Foucault,Foucault VII-a,Moon,0005E304,FoucaultVII-aPlanetData,72377,7,27,Inorganic,000057ED,ResInorgRareVanadium,Vanadium,Rare
Foucault,Foucault VII-b,Moon,0005E307,FoucaultVII-bPlanetData,72377,7,30,Inorganic,000057CB,ResInorgCommonNickel,Nickel,Common
Foucault,Foucault VII-b,Moon,0005E307,FoucaultVII-bPlanetData,72377,7,30,Inorganic,000083EC,ResInorgCommonWater_L,Water,Common
Foucault,Foucault VII-b,Moon,0005E307,FoucaultVII-bPlanetData,72377,7,30,Inorganic,000057CC,ResInorgRarePlatinum,Platinum,Rare
Foucault,Foucault VII-c,Moon,0005E308,FoucaultVII-cPlanetData,72377,7,31,Inorganic,000057CB,ResInorgCommonNickel,Nickel,Common
Foucault,Foucault VII-c,Moon,0005E308,FoucaultVII-cPlanetData,72377,7,31,Inorganic,000083EC,ResInorgCommonWater_L,Water,Common
Foucault,Foucault VII-d,Moon,0005E306,FoucaultVII-dPlanetData,72377,7,29,Inorganic,000057EA,ResInorgCommonArgon_G,Argon,Common
Foucault,Foucault VII-d,Moon,0005E306,FoucaultVII-dPlanetData,72377,7,29,Inorganic,000057D5,ResInorgCommonChlorine_G,Chlorine,Common
Foucault,Foucault VII-d,Moon,0005E306,FoucaultVII-dPlanetData,72377,7,29,Inorganic,000057CB,ResInorgCommonNickel,Nickel,Common
Foucault,Foucault VII-d,Moon,0005E306,FoucaultVII-dPlanetData,72377,7,29,Inorganic,000083EC,ResInorgCommonWater_L,Water,Common
Foucault,Foucault VII-d,Moon,0005E306,FoucaultVII-dPlanetData,72377,7,29,Inorganic,000057E7,ResInorgUncommonBenzene_G,Benzene,Uncommon
Foucault,Foucault VII-e,Moon,0005E305,FoucaultVII-ePlanetData,72377,7,28,Inorganic,000057D6,ResInorgCommonAluminum,Aluminum,Common
Foucault,Foucault VII-e,Moon,0005E305,FoucaultVII-ePlanetData,72377,7,28,Inorganic,000057EA,ResInorgCommonArgon_G,Argon,Common
Foucault,Foucault VII-e,Moon,0005E305,FoucaultVII-ePlanetData,72377,7,28,Inorganic,000057F5,ResInorgCommonHelium3_G,Helium3,Common
Foucault,Foucault VII-e,Moon,0005E305,FoucaultVII-ePlanetData,72377,7,28,Inorganic,000057C1,ResInorgCommonLead,Lead,Common
Foucault,Foucault VII-e,Moon,0005E305,FoucaultVII-ePlanetData,72377,7,28,Inorganic,000057EB,ResInorgCommonUranium,Uranium,Common
Foucault,Foucault VII-e,Moon,0005E305,FoucaultVII-ePlanetData,72377,7,28,Inorganic,000083EC,ResInorgCommonWater_L,Water,Common
Foucault,Foucault VII-e,Moon,0005E305,FoucaultVII-ePlanetData,72377,7,28,Inorganic,000057E8,ResInorgRareCarboxylicAcids_L,CarboxylicAcids,Rare
Foucault,Foucault VII-e,Moon,0005E305,FoucaultVII-ePlanetData,72377,7,28,Inorganic,000057DB,ResInorgRareNeodymium,Neodymium,Rare
Foucault,Foucault VIII,Planet,0005E309,FoucaultVIIIPlanetData,72377,0,8,Inorganic,000057EA,ResInorgCommonArgon_G,Argon,Common
Foucault,Foucault VIII,Planet,0005E309,FoucaultVIIIPlanetData,72377,0,8,Inorganic,000083EC,ResInorgCommonWater_L,Water,Common
Foucault,Foucault VIII-a,Moon,0005E30A,FoucaultVIII-aPlanetData,72377,8,17,Inorganic,000057CF,ResInorgCommonCopper,Copper,Common
Foucault,Foucault VIII-a,Moon,0005E30A,FoucaultVIII-aPlanetData,72377,8,17,Inorganic,000083EC,ResInorgCommonWater_L,Water,Common
Foucault,Foucault VIII-a,Moon,0005E30A,FoucaultVIII-aPlanetData,72377,8,17,Inorganic,000057D0,ResInorgUncommonFluorine_G,Fluorine,Uncommon
Foucault,Foucault VIII-a,Moon,0005E30A,FoucaultVIII-aPlanetData,72377,8,17,Inorganic,000057D4,ResInorgExoticIonicLiquids_L,IonicLiquids,Exotic
Freya,Freya I,Planet,0005E2DB,FreyaIPlanetData,72341,0,1,Inorganic,000057D6,ResInorgCommonAluminum,Aluminum,Common
Freya,Freya I,Planet,0005E2DB,FreyaIPlanetData,72341,0,1,Inorganic,000057F5,ResInorgCommonHelium3_G,Helium3,Common
Freya,Freya I,Planet,0005E2DB,FreyaIPlanetData,72341,0,1,Inorganic,000057E2,ResInorgExoticEuropium,Europium,Exotic
Freya,Freya II,Planet,0005E2DC,FreyaIIPlanetData,72341,0,2,Inorganic,000057D5,ResInorgCommonChlorine_G,Chlorine,Common
Freya,Freya II,Planet,0005E2DC,FreyaIIPlanetData,72341,0,2,Inorganic,000057C1,ResInorgCommonLead,Lead,Common
Freya,Freya II,Planet,0005E2DC,FreyaIIPlanetData,72341,0,2,Inorganic,000057EB,ResInorgCommonUranium,Uranium,Common
Freya,Freya II,Planet,0005E2DC,FreyaIIPlanetData,72341,0,2,Inorganic,000057ED,ResInorgRareVanadium,Vanadium,Rare
Freya,Freya III,Planet,0005E2DD,FreyaIIIPlanetData,72341,0,3,Inorganic,000057EA,ResInorgCommonArgon_G,Argon,Common
Freya,Freya III,Planet,0005E2DD,FreyaIIIPlanetData,72341,0,3,Inorganic,000057D5,ResInorgCommonChlorine_G,Chlorine,Common
Freya,Freya III,Planet,0005E2DD,FreyaIIIPlanetData,72341,0,3,Inorganic,000057CF,ResInorgCommonCopper,Copper,Common
Freya,Freya III,Planet,0005E2DD,FreyaIIIPlanetData,72341,0,3,Inorganic,000057C1,ResInorgCommonLead,Lead,Common
Freya,Freya III,Planet,0005E2DD,FreyaIIIPlanetData,72341,0,3,Inorganic,000083EC,ResInorgCommonWater_L,Water,Common
Freya,Freya III,Planet,0005E2DD,FreyaIIIPlanetData,72341,0,3,Inorganic,000057E7,ResInorgUncommonBenzene_G,Benzene,Uncommon
Freya,Freya III,Planet,0005E2DD,FreyaIIIPlanetData,72341,0,3,Inorganic,000057C3,ResInorgUncommonSilver,Silver,Uncommon
Freya,Freya III,Planet,0005E2DD,FreyaIIIPlanetData,72341,0,3,Inorganic,0027C499,ResInorgRareMercury_L,Mercury,Rare
Freya,Freya III,Planet,0005E2DD,FreyaIIIPlanetData,72341,0,3,Organic,00224642,ResOrgCommonFiberFaunaHerbivore,Fiber,Common
Freya,Freya III,Planet,0005E2DD,FreyaIIIPlanetData,72341,0,3,Organic,00224641,ResOrgCommonMetabolicAgentFaunaHerbivore,MetabolicAgent,Common
Freya,Freya III,Planet,0005E2DD,FreyaIIIPlanetData,72341,0,3,Organic,00224640,ResOrgCommonNutrientFaunaHerbivore,Nutrient,Common
Freya,Freya III,Planet,0005E2DD,FreyaIIIPlanetData,72341,0,3,Organic,0007782D,ResOrgCommonSealant,Sealant,Common
Freya,Freya III,Planet,0005E2DD,FreyaIIIPlanetData,72341,0,3,Organic,0022464B,ResOrgCommonSealantFaunaCarnivore,Sealant,Common
Freya,Freya III,Planet,0005E2DD,FreyaIIIPlanetData,72341,0,3,Organic,00077823,ResOrgCommonToxin,Toxin,Common
Freya,Freya III,Planet,0005E2DD,FreyaIIIPlanetData,72341,0,3,Organic,0007782C,ResOrgUncommonMembrane,Membrane,Uncommon
Freya,Freya III,Planet,0005E2DD,FreyaIIIPlanetData,72341,0,3,Organic,00077822,ResOrgUncommonOrnamental,Ornamental,Uncommon
Freya,Freya III,Planet,0005E2DD,FreyaIIIPlanetData,72341,0,3,Organic,0007782E,ResOrgUncommonSpice,Spice,Uncommon
Freya,Freya III,Planet,0005E2DD,FreyaIIIPlanetData,72341,0,3,Organic,00224635,ResOrgRareAnalgesicFaunaHerbivore,Analgesic,Rare
Freya,Freya III,Planet,0005E2DD,FreyaIIIPlanetData,72341,0,3,Organic,0007782B,ResOrgRareSedative,Sedative,Rare
Freya,Freya III,Planet,0005E2DD,FreyaIIIPlanetData,72341,0,3,Organic,00224639,ResOrgExoticPolymerFaunaHerbivore,Polymer,Exotic
Freya,Freya IV,Planet,0005E2DE,FreyaIVPlanetData,72341,0,4,Inorganic,000057D6,ResInorgCommonAluminum,Aluminum,Common
Freya,Freya IV,Planet,0005E2DE,FreyaIVPlanetData,72341,0,4,Inorganic,000057F5,ResInorgCommonHelium3_G,Helium3,Common
Freya,Freya IV,Planet,0005E2DE,FreyaIVPlanetData,72341,0,4,Inorganic,000057CB,ResInorgCommonNickel,Nickel,Common
Freya,Freya IV,Planet,0005E2DE,FreyaIVPlanetData,72341,0,4,Inorganic,000057EB,ResInorgCommonUranium,Uranium,Common
Freya,Freya IV,Planet,0005E2DE,FreyaIVPlanetData,72341,0,4,Inorganic,000083EC,ResInorgCommonWater_L,Water,Common
Freya,Freya IV,Planet,0005E2DE,FreyaIVPlanetData,72341,0,4,Inorganic,000057CE,ResInorgUncommonCobalt,Cobalt,Uncommon
Freya,Freya IV,Planet,0005E2DE,FreyaIVPlanetData,72341,0,4,Inorganic,000057EC,ResInorgUncommonIridium,Iridium,Uncommon
Freya,Freya IV,Planet,0005E2DE,FreyaIVPlanetData,72341,0,4,Inorganic,000057E2,ResInorgExoticEuropium,Europium,Exotic
Freya,Freya IV-a,Moon,0005E2DF,FreyaIV-aPlanetData,72341,4,11,Inorganic,000057F5,ResInorgCommonHelium3_G,Helium3,Common
Freya,Freya IV-a,Moon,0005E2DF,FreyaIV-aPlanetData,72341,4,11,Inorganic,000057C7,ResInorgCommonIron,Iron,Common
Freya,Freya IV-b,Moon,0005E2E0,FreyaIV-bPlanetData,72341,4,12,Inorganic,000057D6,ResInorgCommonAluminum,Aluminum,Common
Freya,Freya IV-b,Moon,0005E2E0,FreyaIV-bPlanetData,72341,4,12,Inorganic,000057F5,ResInorgCommonHelium3_G,Helium3,Common
Freya,Freya IV-c,Moon,0005E2E1,FreyaIV-cPlanetData,72341,4,13,Inorganic,000057D6,ResInorgCommonAluminum,Aluminum,Common
Freya,Freya IV-c,Moon,0005E2E1,FreyaIV-cPlanetData,72341,4,13,Inorganic,000057F5,ResInorgCommonHelium3_G,Helium3,Common
Freya,Freya IX-a,Moon,0005E2EA,FreyaIX-aPlanetData,72341,9,17,Inorganic,000057D5,ResInorgCommonChlorine_G,Chlorine,Common
Freya,Freya IX-a,Moon,0005E2EA,FreyaIX-aPlanetData,72341,9,17,Inorganic,000083EC,ResInorgCommonWater_L,Water,Common
Freya,Freya IX-a,Moon,0005E2EA,FreyaIX-aPlanetData,72341,9,17,Inorganic,000057D7,ResInorgUncommonChlorosilanes_L,Chlorosilanes,Uncommon
Freya,Freya IX-a,Moon,0005E2EA,FreyaIX-aPlanetData,72341,9,17,Inorganic,000057DC,ResInorgExoticXenon_G,Xenon,Exotic
Freya,Freya IX-b,Moon,0005E2EB,FreyaIX-bPlanetData,72341,9,18,Inorganic,000057CF,ResInorgCommonCopper,Copper,Common
Freya,Freya IX-b,Moon,0005E2EB,FreyaIX-bPlanetData,72341,9,18,Inorganic,000057C1,ResInorgCommonLead,Lead,Common
Freya,Freya IX-b,Moon,0005E2EB,FreyaIX-bPlanetData,72341,9,18,Inorganic,000057CB,ResInorgCommonNickel,Nickel,Common
Freya,Freya IX-b,Moon,0005E2EB,FreyaIX-bPlanetData,72341,9,18,Inorganic,000057EB,ResInorgCommonUranium,Uranium,Common
Freya,Freya IX-b,Moon,0005E2EB,FreyaIX-bPlanetData,72341,9,18,Inorganic,000083EC,ResInorgCommonWater_L,Water,Common
Freya,Freya IX-b,Moon,0005E2EB,FreyaIX-bPlanetData,72341,9,18,Inorganic,000057CE,ResInorgUncommonCobalt,Cobalt,Uncommon
Freya,Freya IX-b,Moon,0005E2EB,FreyaIX-bPlanetData,72341,9,18,Inorganic,000057CC,ResInorgRarePlatinum,Platinum,Rare
Freya,Freya IX-b,Moon,0005E2EB,FreyaIX-bPlanetData,72341,9,18,Organic,00224649,ResOrgCommonStructuralFaunaCarnivore,Structural,Common
Freya,Freya IX-b,Moon,0005E2EB,FreyaIX-bPlanetData,72341,9,18,Organic,0022463E,ResOrgCommonToxinFaunaHerbivore,Toxin,Common
Freya,Freya IX-b,Moon,0005E2EB,FreyaIX-bPlanetData,72341,9,18,Organic,00224637,ResOrgRareAdhesiveFaunaHerbivore,Adhesive,Rare
Freya,Freya IX-c,Moon,0005E2E9,FreyaIX-cPlanetData,72341,9,16,Inorganic,000057D6,ResInorgCommonAluminum,Aluminum,Common
Freya,Freya IX-c,Moon,0005E2E9,FreyaIX-cPlanetData,72341,9,16,Inorganic,000057D5,ResInorgCommonChlorine_G,Chlorine,Common
Freya,Freya IX-c,Moon,0005E2E9,FreyaIX-cPlanetData,72341,9,16,Inorganic,000057F5,ResInorgCommonHelium3_G,Helium3,Common
Freya,Freya IX-c,Moon,0005E2E9,FreyaIX-cPlanetData,72341,9,16,Inorganic,000083EC,ResInorgCommonWater_L,Water,Common
Freya,Freya IX-c,Moon,0005E2E9,FreyaIX-cPlanetData,72341,9,16,Inorganic,000057D8,ResInorgUncommonBeryllium,Beryllium,Uncommon
Freya,Freya IX-c,Moon,0005E2E9,FreyaIX-cPlanetData,72341,9,16,Inorganic,000057E2,ResInorgExoticEuropium,Europium,Exotic
Freya,Freya V,Planet,0005E2E2,FreyaVPlanetData,72341,0,5,Inorganic,000057D5,ResInorgCommonChlorine_G,Chlorine,Common
Freya,Freya V,Planet,0005E2E2,FreyaVPlanetData,72341,0,5,Inorganic,000057F5,ResInorgCommonHelium3_G,Helium3,Common
Freya,Freya V,Planet,0005E2E2,FreyaVPlanetData,72341,0,5,Inorganic,000057C7,ResInorgCommonIron,Iron,Common
Freya,Freya V,Planet,0005E2E2,FreyaVPlanetData,72341,0,5,Inorganic,000057C1,ResInorgCommonLead,Lead,Common
Freya,Freya V,Planet,0005E2E2,FreyaVPlanetData,72341,0,5,Inorganic,000057CB,ResInorgCommonNickel,Nickel,Common
Freya,Freya V,Planet,0005E2E2,FreyaVPlanetData,72341,0,5,Inorganic,000083EC,ResInorgCommonWater_L,Water,Common
Freya,Freya V,Planet,0005E2E2,FreyaVPlanetData,72341,0,5,Inorganic,000057D7,ResInorgUncommonChlorosilanes_L,Chlorosilanes,Uncommon
Freya,Freya V,Planet,0005E2E2,FreyaVPlanetData,72341,0,5,Inorganic,000057CE,ResInorgUncommonCobalt,Cobalt,Uncommon
Freya,Freya VI,Planet,0005E2E3,FreyaVIPlanetData,72341,0,6,Inorganic,000057D6,ResInorgCommonAluminum,Aluminum,Common
Freya,Freya VI,Planet,0005E2E3,FreyaVIPlanetData,72341,0,6,Inorganic,000057F5,ResInorgCommonHelium3_G,Helium3,Common
Freya,Freya VII-a,Moon,0005E2E5,FreyaVII-aPlanetData,72341,7,14,Inorganic,000057CF,ResInorgCommonCopper,Copper,Common
Freya,Freya VII-a,Moon,0005E2E5,FreyaVII-aPlanetData,72341,7,14,Inorganic,000057C1,ResInorgCommonLead,Lead,Common
Freya,Freya VII-a,Moon,0005E2E5,FreyaVII-aPlanetData,72341,7,14,Inorganic,000057CB,ResInorgCommonNickel,Nickel,Common
Freya,Freya VII-a,Moon,0005E2E5,FreyaVII-aPlanetData,72341,7,14,Inorganic,000083EC,ResInorgCommonWater_L,Water,Common
Freya,Freya VII-a,Moon,0005E2E5,FreyaVII-aPlanetData,72341,7,14,Inorganic,000057D0,ResInorgUncommonFluorine_G,Fluorine,Uncommon
Freya,Freya VII-a,Moon,0005E2E5,FreyaVII-aPlanetData,72341,7,14,Inorganic,000057C4,ResInorgUncommonTungsten,Tungsten,Uncommon
Freya,Freya VII-a,Moon,0005E2E5,FreyaVII-aPlanetData,72341,7,14,Inorganic,000057D1,ResInorgRareTetrafluorides_G,Tetrafluorides,Rare
Freya,Freya VII-a,Moon,0005E2E5,FreyaVII-aPlanetData,72341,7,14,Inorganic,000057C6,ResInorgRareTitanium,Titanium,Rare
Freya,Freya VIII-a,Moon,0005E2E7,FreyaVIII-aPlanetData,72341,8,15,Inorganic,000057C1,ResInorgCommonLead,Lead,Common
Freya,Freya VIII-a,Moon,0005E2E7,FreyaVIII-aPlanetData,72341,8,15,Inorganic,000083EC,ResInorgCommonWater_L,Water,Common
Gamma Vulpes,Gamma Vulpes I,Planet,0005E278,GammaVulpesIPlanetData,75489,0,1,Inorganic,000057D5,ResInorgCommonChlorine_G,Chlorine,Common
Gamma Vulpes,Gamma Vulpes I,Planet,0005E278,GammaVulpesIPlanetData,75489,0,1,Inorganic,000057CF,ResInorgCommonCopper,Copper,Common
Gamma Vulpes,Gamma Vulpes I,Planet,0005E278,GammaVulpesIPlanetData,75489,0,1,Inorganic,000083EC,ResInorgCommonWater_L,Water,Common
Gamma Vulpes,Gamma Vulpes I,Planet,0005E278,GammaVulpesIPlanetData,75489,0,1,Inorganic,000057D7,ResInorgUncommonChlorosilanes_L,Chlorosilanes,Uncommon
Gamma Vulpes,Gamma Vulpes I,Planet,0005E278,GammaVulpesIPlanetData,75489,0,1,Inorganic,000057DA,ResInorgRareLithium,Lithium,Rare
Gamma Vulpes,Gamma Vulpes I,Planet,0005E278,GammaVulpesIPlanetData,75489,0,1,Organic,00077821,ResOrgCommonFiber,Fiber,Common
Gamma Vulpes,Gamma Vulpes I,Planet,0005E278,GammaVulpesIPlanetData,75489,0,1,Organic,0029F3FD,ResOrgCommonMetabolicAgent,MetabolicAgent,Common
Gamma Vulpes,Gamma Vulpes I,Planet,0005E278,GammaVulpesIPlanetData,75489,0,1,Organic,00224641,ResOrgCommonMetabolicAgentFaunaHerbivore,MetabolicAgent,Common
Gamma Vulpes,Gamma Vulpes I,Planet,0005E278,GammaVulpesIPlanetData,75489,0,1,Organic,000777E6,ResOrgCommonNutrient,Nutrient,Common
Gamma Vulpes,Gamma Vulpes I,Planet,0005E278,GammaVulpesIPlanetData,75489,0,1,Organic,0007782D,ResOrgCommonSealant,Sealant,Common
Gamma Vulpes,Gamma Vulpes I,Planet,0005E278,GammaVulpesIPlanetData,75489,0,1,Organic,0022462E,ResOrgCommonSealantFaunaHerbivore,Sealant,Common
Gamma Vulpes,Gamma Vulpes I,Planet,0005E278,GammaVulpesIPlanetData,75489,0,1,Organic,000777FA,ResOrgCommonStructural,Structural,Common
Gamma Vulpes,Gamma Vulpes I,Planet,0005E278,GammaVulpesIPlanetData,75489,0,1,Organic,00077823,ResOrgCommonToxin,Toxin,Common
Gamma Vulpes,Gamma Vulpes I,Planet,0005E278,GammaVulpesIPlanetData,75489,0,1,Organic,0022463E,ResOrgCommonToxinFaunaHerbivore,Toxin,Common
Gamma Vulpes,Gamma Vulpes I,Planet,0005E278,GammaVulpesIPlanetData,75489,0,1,Organic,0022464A,ResOrgUncommonSpiceFaunaCarnivore,Spice,Uncommon
Gamma Vulpes,Gamma Vulpes I,Planet,0005E278,GammaVulpesIPlanetData,75489,0,1,Organic,00224637,ResOrgRareAdhesiveFaunaHerbivore,Adhesive,Rare
Gamma Vulpes,Gamma Vulpes I,Planet,0005E278,GammaVulpesIPlanetData,75489,0,1,Organic,00224633,ResOrgRareHallucinogenFaunaHerbivore,Hallucinogen,Rare
Gamma Vulpes,Gamma Vulpes I,Planet,0005E278,GammaVulpesIPlanetData,75489,0,1,Organic,00224656,ResOrgExoticPolymerFaunaCarnivore,Polymer,Exotic
Gamma Vulpes,Gamma Vulpes II-a,Moon,0005E27B,GammaVulpesII-aPlanetData,75489,2,7,Inorganic,000057EA,ResInorgCommonArgon_G,Argon,Common
Gamma Vulpes,Gamma Vulpes II-a,Moon,0005E27B,GammaVulpesII-aPlanetData,75489,2,7,Inorganic,000057CF,ResInorgCommonCopper,Copper,Common
Gamma Vulpes,Gamma Vulpes II-a,Moon,0005E27B,GammaVulpesII-aPlanetData,75489,2,7,Inorganic,000057C7,ResInorgCommonIron,Iron,Common
Gamma Vulpes,Gamma Vulpes II-a,Moon,0005E27B,GammaVulpesII-aPlanetData,75489,2,7,Inorganic,000057CB,ResInorgCommonNickel,Nickel,Common
Gamma Vulpes,Gamma Vulpes II-a,Moon,0005E27B,GammaVulpesII-aPlanetData,75489,2,7,Inorganic,000057EB,ResInorgCommonUranium,Uranium,Common
Gamma Vulpes,Gamma Vulpes II-a,Moon,0005E27B,GammaVulpesII-aPlanetData,75489,2,7,Inorganic,000083EC,ResInorgCommonWater_L,Water,Common
Gamma Vulpes,Gamma Vulpes II-a,Moon,0005E27B,GammaVulpesII-aPlanetData,75489,2,7,Inorganic,000057CE,ResInorgUncommonCobalt,Cobalt,Uncommon
Gamma Vulpes,Gamma Vulpes II-a,Moon,0005E27B,GammaVulpesII-aPlanetData,75489,2,7,Inorganic,000057EC,ResInorgUncommonIridium,Iridium,Uncommon
Gamma Vulpes,Gamma Vulpes II-a,Moon,0005E27B,GammaVulpesII-aPlanetData,75489,2,7,Organic,00077821,ResOrgCommonFiber,Fiber,Common
Gamma Vulpes,Gamma Vulpes II-a,Moon,0005E27B,GammaVulpesII-aPlanetData,75489,2,7,Organic,00224641,ResOrgCommonMetabolicAgentFaunaHerbivore,MetabolicAgent,Common
Gamma Vulpes,Gamma Vulpes II-a,Moon,0005E27B,GammaVulpesII-aPlanetData,75489,2,7,Organic,000777E6,ResOrgCommonNutrient,Nutrient,Common
Gamma Vulpes,Gamma Vulpes II-a,Moon,0005E27B,GammaVulpesII-aPlanetData,75489,2,7,Organic,00224640,ResOrgCommonNutrientFaunaHerbivore,Nutrient,Common
Gamma Vulpes,Gamma Vulpes II-a,Moon,0005E27B,GammaVulpesII-aPlanetData,75489,2,7,Organic,0022462E,ResOrgCommonSealantFaunaHerbivore,Sealant,Common
Gamma Vulpes,Gamma Vulpes II-a,Moon,0005E27B,GammaVulpesII-aPlanetData,75489,2,7,Organic,000777FA,ResOrgCommonStructural,Structural,Common
Gamma Vulpes,Gamma Vulpes II-a,Moon,0005E27B,GammaVulpesII-aPlanetData,75489,2,7,Organic,00224649,ResOrgCommonStructuralFaunaCarnivore,Structural,Common
Gamma Vulpes,Gamma Vulpes II-a,Moon,0005E27B,GammaVulpesII-aPlanetData,75489,2,7,Organic,00077823,ResOrgCommonToxin,Toxin,Common
Gamma Vulpes,Gamma Vulpes II-a,Moon,0005E27B,GammaVulpesII-aPlanetData,75489,2,7,Organic,000777F8,ResOrgUncommonCosmetic,Cosmetic,Uncommon
Gamma Vulpes,Gamma Vulpes II-a,Moon,0005E27B,GammaVulpesII-aPlanetData,75489,2,7,Organic,00224630,ResOrgUncommonMembraneFaunaHerbivore,Membrane,Uncommon
Gamma Vulpes,Gamma Vulpes II-a,Moon,0005E27B,GammaVulpesII-aPlanetData,75489,2,7,Organic,0022464C,ResOrgUncommonPigmentFaunaCarnivore,Pigment,Uncommon
Gamma Vulpes,Gamma Vulpes II-a,Moon,0005E27B,GammaVulpesII-aPlanetData,75489,2,7,Organic,00224634,ResOrgRareAromaticFaunaHerbivore,Aromatic,Rare
Gamma Vulpes,Gamma Vulpes II-b,Moon,0005E27A,GammaVulpesII-bPlanetData,75489,2,6,Inorganic,000057CF,ResInorgCommonCopper,Copper,Common
Gamma Vulpes,Gamma Vulpes II-b,Moon,0005E27A,GammaVulpesII-bPlanetData,75489,2,6,Inorganic,000083EC,ResInorgCommonWater_L,Water,Common
Gamma Vulpes,Gamma Vulpes II-b,Moon,0005E27A,GammaVulpesII-bPlanetData,75489,2,6,Inorganic,000057D1,ResInorgRareTetrafluorides_G,Tetrafluorides,Rare
Gamma Vulpes,Gamma Vulpes II-c,Moon,0005E27C,GammaVulpesII-cPlanetData,75489,2,8,Inorganic,000057CF,ResInorgCommonCopper,Copper,Common
Gamma Vulpes,Gamma Vulpes II-c,Moon,0005E27C,GammaVulpesII-cPlanetData,75489,2,8,Inorganic,000083EC,ResInorgCommonWater_L,Water,Common
Gamma Vulpes,Gamma Vulpes II-d,Moon,0005E27D,GammaVulpesII-dPlanetData,75489,2,9,Inorganic,000057D6,ResInorgCommonAluminum,Aluminum,Common
Gamma Vulpes,Gamma Vulpes II-d,Moon,0005E27D,GammaVulpesII-dPlanetData,75489,2,9,Inorganic,000057EA,ResInorgCommonArgon_G,Argon,Common
Gamma Vulpes,Gamma Vulpes II-d,Moon,0005E27D,GammaVulpesII-dPlanetData,75489,2,9,Inorganic,000057D5,ResInorgCommonChlorine_G,Chlorine,Common
Gamma Vulpes,Gamma Vulpes II-d,Moon,0005E27D,GammaVulpesII-dPlanetData,75489,2,9,Inorganic,000057CB,ResInorgCommonNickel,Nickel,Common
Gamma Vulpes,Gamma Vulpes II-d,Moon,0005E27D,GammaVulpesII-dPlanetData,75489,2,9,Inorganic,000083EC,ResInorgCommonWater_L,Water,Common
Gamma Vulpes,Gamma Vulpes II-d,Moon,0005E27D,GammaVulpesII-dPlanetData,75489,2,9,Inorganic,000057E7,ResInorgUncommonBenzene_G,Benzene,Uncommon
Gamma Vulpes,Gamma Vulpes II-d,Moon,0005E27D,GammaVulpesII-dPlanetData,75489,2,9,Inorganic,000057CE,ResInorgUncommonCobalt,Cobalt,Uncommon
Gamma Vulpes,Gamma Vulpes III-a,Moon,0005E27F,GammaVulpesIII-aPlanetData,75489,3,10,Inorganic,000057EA,ResInorgCommonArgon_G,Argon,Common
Gamma Vulpes,Gamma Vulpes III-a,Moon,0005E27F,GammaVulpesIII-aPlanetData,75489,3,10,Inorganic,000083EC,ResInorgCommonWater_L,Water,Common
Gamma Vulpes,Gamma Vulpes III-a,Moon,0005E27F,GammaVulpesIII-aPlanetData,75489,3,10,Inorganic,000057E7,ResInorgUncommonBenzene_G,Benzene,Uncommon
Gamma Vulpes,Gamma Vulpes IV-a,Moon,0005E284,GammaVulpesIV-aPlanetData,75489,4,14,Inorganic,000057C1,ResInorgCommonLead,Lead,Common
Gamma Vulpes,Gamma Vulpes IV-a,Moon,0005E284,GammaVulpesIV-aPlanetData,75489,4,14,Inorganic,000057EB,ResInorgCommonUranium,Uranium,Common
Gamma Vulpes,Gamma Vulpes IV-a,Moon,0005E284,GammaVulpesIV-aPlanetData,75489,4,14,Inorganic,000083EC,ResInorgCommonWater_L,Water,Common
Gamma Vulpes,Gamma Vulpes IV-a,Moon,0005E284,GammaVulpesIV-aPlanetData,75489,4,14,Inorganic,000057C4,ResInorgUncommonTungsten,Tungsten,Uncommon
Gamma Vulpes,Gamma Vulpes IV-a,Moon,0005E284,GammaVulpesIV-aPlanetData,75489,4,14,Inorganic,000057C6,ResInorgRareTitanium,Titanium,Rare
Gamma Vulpes,Gamma Vulpes IV-a,Moon,0005E284,GammaVulpesIV-aPlanetData,75489,4,14,Inorganic,000057C2,ResInorgExoticDysprosium,Dysprosium,Exotic
Gamma Vulpes,Gamma Vulpes IV-b,Moon,0005E281,GammaVulpesIV-bPlanetData,75489,4,11,Inorganic,000057F5,ResInorgCommonHelium3_G,Helium3,Common
Gamma Vulpes,Gamma Vulpes IV-b,Moon,0005E281,GammaVulpesIV-bPlanetData,75489,4,11,Inorganic,000057C7,ResInorgCommonIron,Iron,Common
Gamma Vulpes,Gamma Vulpes IV-c,Moon,0005E282,GammaVulpesIV-cPlanetData,75489,4,12,Inorganic,000057D5,ResInorgCommonChlorine_G,Chlorine,Common
Gamma Vulpes,Gamma Vulpes IV-c,Moon,0005E282,GammaVulpesIV-cPlanetData,75489,4,12,Inorganic,000083EC,ResInorgCommonWater_L,Water,Common
Gamma Vulpes,Gamma Vulpes IV-d,Moon,0005E283,GammaVulpesIV-dPlanetData,75489,4,13,Inorganic,000057D6,ResInorgCommonAluminum,Aluminum,Common
Gamma Vulpes,Gamma Vulpes IV-d,Moon,0005E283,GammaVulpesIV-dPlanetData,75489,4,13,Inorganic,000057F5,ResInorgCommonHelium3_G,Helium3,Common
Gamma Vulpes,Gamma Vulpes IV-d,Moon,0005E283,GammaVulpesIV-dPlanetData,75489,4,13,Inorganic,000057DB,ResInorgRareNeodymium,Neodymium,Rare
Groombridge,Groombridge I,Planet,0005E435,GroombridgeIPlanetData,57767,0,1,Inorganic,000057D6,ResInorgCommonAluminum,Aluminum,Common
Groombridge,Groombridge I,Planet,0005E435,GroombridgeIPlanetData,57767,0,1,Inorganic,000057C7,ResInorgCommonIron,Iron,Common
Groombridge,Groombridge I,Planet,0005E435,GroombridgeIPlanetData,57767,0,1,Inorganic,000057EB,ResInorgCommonUranium,Uranium,Common
Groombridge,Groombridge I,Planet,0005E435,GroombridgeIPlanetData,57767,0,1,Inorganic,000083EC,ResInorgCommonWater_L,Water,Common
Groombridge,Groombridge I,Planet,0005E435,GroombridgeIPlanetData,57767,0,1,Inorganic,000057D8,ResInorgUncommonBeryllium,Beryllium,Uncommon
Groombridge,Groombridge I,Planet,0005E435,GroombridgeIPlanetData,57767,0,1,Inorganic,000057ED,ResInorgRareVanadium,Vanadium,Rare
Groombridge,Groombridge I,Planet,0005E435,GroombridgeIPlanetData,57767,0,1,Organic,0007782D,ResOrgCommonSealant,Sealant,Common
Groombridge,Groombridge I,Planet,0005E435,GroombridgeIPlanetData,57767,0,1,Organic,0007782B,ResOrgRareSedative,Sedative,Rare
Groombridge,Groombridge II,Planet,0003F5A2,GroombridgeIIPlanetData,57767,0,2,Inorganic,000057CF,ResInorgCommonCopper,Copper,Common
Groombridge,Groombridge II,Planet,0003F5A2,GroombridgeIIPlanetData,57767,0,2,Inorganic,000057C7,ResInorgCommonIron,Iron,Common
Groombridge,Groombridge II,Planet,0003F5A2,GroombridgeIIPlanetData,57767,0,2,Inorganic,000057C1,ResInorgCommonLead,Lead,Common
Groombridge,Groombridge II,Planet,0003F5A2,GroombridgeIIPlanetData,57767,0,2,Inorganic,000083EC,ResInorgCommonWater_L,Water,Common
Groombridge,Groombridge II,Planet,0003F5A2,GroombridgeIIPlanetData,57767,0,2,Inorganic,000057C9,ResInorgUncommonAlkanes_G,Alkanes,Uncommon
Groombridge,Groombridge II,Planet,0003F5A2,GroombridgeIIPlanetData,57767,0,2,Inorganic,000057C4,ResInorgUncommonTungsten,Tungsten,Uncommon
Groombridge,Groombridge II-a,Moon,0005E438,GroombridgeII-aPlanetData,57767,2,12,Inorganic,000057D6,ResInorgCommonAluminum,Aluminum,Common
Groombridge,Groombridge II-a,Moon,0005E438,GroombridgeII-aPlanetData,57767,2,12,Inorganic,000057F5,ResInorgCommonHelium3_G,Helium3,Common
Groombridge,Groombridge II-b,Moon,0005E437,GroombridgeII-bPlanetData,57767,2,11,Inorganic,000057CF,ResInorgCommonCopper,Copper,Common
Groombridge,Groombridge II-b,Moon,0005E437,GroombridgeII-bPlanetData,57767,2,11,Inorganic,000057C1,ResInorgCommonLead,Lead,Common
Groombridge,Groombridge II-b,Moon,0005E437,GroombridgeII-bPlanetData,57767,2,11,Inorganic,000083EC,ResInorgCommonWater_L,Water,Common
Groombridge,Groombridge II-b,Moon,0005E437,GroombridgeII-bPlanetData,57767,2,11,Inorganic,000057D1,ResInorgRareTetrafluorides_G,Tetrafluorides,Rare
Groombridge,Groombridge II-c,Moon,0005E436,GroombridgeII-cPlanetData,57767,2,10,Inorganic,000057D6,ResInorgCommonAluminum,Aluminum,Common
Groombridge,Groombridge II-c,Moon,0005E436,GroombridgeII-cPlanetData,57767,2,10,Inorganic,000057F5,ResInorgCommonHelium3_G,Helium3,Common
Groombridge,Groombridge II-c,Moon,0005E436,GroombridgeII-cPlanetData,57767,2,10,Inorganic,000057DB,ResInorgRareNeodymium,Neodymium,Rare
Groombridge,Groombridge III,Planet,0005E439,GroombridgeIIIPlanetData,57767,0,3,Inorganic,000057C1,ResInorgCommonLead,Lead,Common
Groombridge,Groombridge III,Planet,0005E439,GroombridgeIIIPlanetData,57767,0,3,Inorganic,000057EB,ResInorgCommonUranium,Uranium,Common
Groombridge,Groombridge III,Planet,0005E439,GroombridgeIIIPlanetData,57767,0,3,Inorganic,000083EC,ResInorgCommonWater_L,Water,Common
Groombridge,Groombridge III,Planet,0005E439,GroombridgeIIIPlanetData,57767,0,3,Inorganic,000057C3,ResInorgUncommonSilver,Silver,Uncommon
Groombridge,Groombridge IV,Planet,0005E43B,GroombridgeIVPlanetData,57767,0,4,Inorganic,000057D6,ResInorgCommonAluminum,Aluminum,Common
Groombridge,Groombridge IV,Planet,0005E43B,GroombridgeIVPlanetData,57767,0,4,Inorganic,000057F5,ResInorgCommonHelium3_G,Helium3,Common
Groombridge,Groombridge IV,Planet,0005E43B,GroombridgeIVPlanetData,57767,0,4,Inorganic,000057D8,ResInorgUncommonBeryllium,Beryllium,Uncommon
Groombridge,Groombridge IV-a,Moon,0005E43C,GroombridgeIV-aPlanetData,57767,4,14,Inorganic,000057D6,ResInorgCommonAluminum,Aluminum,Common
Groombridge,Groombridge IV-a,Moon,0005E43C,GroombridgeIV-aPlanetData,57767,4,14,Inorganic,000057F5,ResInorgCommonHelium3_G,Helium3,Common
Groombridge,Groombridge V-a,Moon,0005E441,GroombridgeV-aPlanetData,57767,5,17,Inorganic,000057CF,ResInorgCommonCopper,Copper,Common
Groombridge,Groombridge V-a,Moon,0005E441,GroombridgeV-aPlanetData,57767,5,17,Inorganic,000083EC,ResInorgCommonWater_L,Water,Common
Groombridge,Groombridge V-a,Moon,0005E441,GroombridgeV-aPlanetData,57767,5,17,Inorganic,000057D0,ResInorgUncommonFluorine_G,Fluorine,Uncommon
Groombridge,Groombridge V-b,Moon,0005E43E,GroombridgeV-bPlanetData,57767,5,27,Inorganic,000057CF,ResInorgCommonCopper,Copper,Common
Groombridge,Groombridge V-b,Moon,0005E43E,GroombridgeV-bPlanetData,57767,5,27,Inorganic,000083EC,ResInorgCommonWater_L,Water,Common
Groombridge,Groombridge V-b,Moon,0005E43E,GroombridgeV-bPlanetData,57767,5,27,Inorganic,000057D0,ResInorgUncommonFluorine_G,Fluorine,Uncommon
Groombridge,Groombridge V-b,Moon,0005E43E,GroombridgeV-bPlanetData,57767,5,27,Inorganic,000057D2,ResInorgRareGold,Gold,Rare
Groombridge,Groombridge V-c,Moon,0005E43F,GroombridgeV-cPlanetData,57767,5,15,Inorganic,000057EA,ResInorgCommonArgon_G,Argon,Common
Groombridge,Groombridge V-c,Moon,0005E43F,GroombridgeV-cPlanetData,57767,5,15,Inorganic,000083EC,ResInorgCommonWater_L,Water,Common
Groombridge,Groombridge V-c,Moon,0005E43F,GroombridgeV-cPlanetData,57767,5,15,Inorganic,000057E7,ResInorgUncommonBenzene_G,Benzene,Uncommon
Groombridge,Groombridge V-d,Moon,0005E442,GroombridgeV-dPlanetData,57767,5,18,Inorganic,000057EA,ResInorgCommonArgon_G,Argon,Common
Groombridge,Groombridge V-d,Moon,0005E442,GroombridgeV-dPlanetData,57767,5,18,Inorganic,000083EC,ResInorgCommonWater_L,Water,Common
Groombridge,Groombridge V-e,Moon,0005E440,GroombridgeV-ePlanetData,57767,5,16,Inorganic,000057CF,ResInorgCommonCopper,Copper,Common
Groombridge,Groombridge V-e,Moon,0005E440,GroombridgeV-ePlanetData,57767,5,16,Inorganic,000083EC,ResInorgCommonWater_L,Water,Common
Groombridge,Groombridge VI-a,Moon,0005E445,GroombridgeVI-aPlanetData,57767,6,20,Inorganic,000057D6,ResInorgCommonAluminum,Aluminum,Common
Groombridge,Groombridge VI-a,Moon,0005E445,GroombridgeVI-aPlanetData,57767,6,20,Inorganic,000057CF,ResInorgCommonCopper,Copper,Common
Groombridge,Groombridge VI-a,Moon,0005E445,GroombridgeVI-aPlanetData,57767,6,20,Inorganic,000057F5,ResInorgCommonHelium3_G,Helium3,Common
Groombridge,Groombridge VI-a,Moon,0005E445,GroombridgeVI-aPlanetData,57767,6,20,Inorganic,000083EC,ResInorgCommonWater_L,Water,Common
Groombridge,Groombridge VI-b,Moon,0005E444,GroombridgeVI-bPlanetData,57767,6,19,Inorganic,000057D5,ResInorgCommonChlorine_G,Chlorine,Common
Groombridge,Groombridge VI-b,Moon,0005E444,GroombridgeVI-bPlanetData,57767,6,19,Inorganic,000083EC,ResInorgCommonWater_L,Water,Common
Groombridge,Groombridge VI-b,Moon,0005E444,GroombridgeVI-bPlanetData,57767,6,19,Inorganic,000057D7,ResInorgUncommonChlorosilanes_L,Chlorosilanes,Uncommon
Groombridge,Groombridge VII-a,Moon,0005E447,GroombridgeVII-aPlanetData,57767,7,21,Inorganic,000057CF,ResInorgCommonCopper,Copper,Common
Groombridge,Groombridge VII-a,Moon,0005E447,GroombridgeVII-aPlanetData,57767,7,21,Inorganic,000083EC,ResInorgCommonWater_L,Water,Common
Groombridge,Groombridge VII-b,Moon,0005E448,GroombridgeVII-bPlanetData,57767,7,22,Inorganic,000057C1,ResInorgCommonLead,Lead,Common
Groombridge,Groombridge VII-b,Moon,0005E448,GroombridgeVII-bPlanetData,57767,7,22,Inorganic,000083EC,ResInorgCommonWater_L,Water,Common
Groombridge,Groombridge VII-b,Moon,0005E448,GroombridgeVII-bPlanetData,57767,7,22,Inorganic,000057C6,ResInorgRareTitanium,Titanium,Rare
Groombridge,Groombridge VIII-a,Moon,0005E44B,GroombridgeVIII-aPlanetData,57767,8,24,Inorganic,000057EA,ResInorgCommonArgon_G,Argon,Common
Groombridge,Groombridge VIII-a,Moon,0005E44B,GroombridgeVIII-aPlanetData,57767,8,24,Inorganic,000057D5,ResInorgCommonChlorine_G,Chlorine,Common
Groombridge,Groombridge VIII-a,Moon,0005E44B,GroombridgeVIII-aPlanetData,57767,8,24,Inorganic,000057C1,ResInorgCommonLead,Lead,Common
Groombridge,Groombridge VIII-a,Moon,0005E44B,GroombridgeVIII-aPlanetData,57767,8,24,Inorganic,000083EC,ResInorgCommonWater_L,Water,Common
Groombridge,Groombridge VIII-a,Moon,0005E44B,GroombridgeVIII-aPlanetData,57767,8,24,Inorganic,000057E7,ResInorgUncommonBenzene_G,Benzene,Uncommon
Groombridge,Groombridge VIII-a,Moon,0005E44B,GroombridgeVIII-aPlanetData,57767,8,24,Inorganic,000057E8,ResInorgRareCarboxylicAcids_L,CarboxylicAcids,Rare
Groombridge,Groombridge VIII-a,Moon,0005E44B,GroombridgeVIII-aPlanetData,57767,8,24,Organic,00077821,ResOrgCommonFiber,Fiber,Common
Groombridge,Groombridge VIII-a,Moon,0005E44B,GroombridgeVIII-aPlanetData,57767,8,24,Organic,00224641,ResOrgCommonMetabolicAgentFaunaHerbivore,MetabolicAgent,Common
Groombridge,Groombridge VIII-a,Moon,0005E44B,GroombridgeVIII-aPlanetData,57767,8,24,Organic,000777E6,ResOrgCommonNutrient,Nutrient,Common
Groombridge,Groombridge VIII-a,Moon,0005E44B,GroombridgeVIII-aPlanetData,57767,8,24,Organic,00224640,ResOrgCommonNutrientFaunaHerbivore,Nutrient,Common
Groombridge,Groombridge VIII-a,Moon,0005E44B,GroombridgeVIII-aPlanetData,57767,8,24,Organic,0007782D,ResOrgCommonSealant,Sealant,Common
Groombridge,Groombridge VIII-a,Moon,0005E44B,GroombridgeVIII-aPlanetData,57767,8,24,Organic,00077823,ResOrgCommonToxin,Toxin,Common
Groombridge,Groombridge VIII-a,Moon,0005E44B,GroombridgeVIII-aPlanetData,57767,8,24,Organic,00077820,ResOrgUncommonAntimicrobial,Antimicrobial,Uncommon
Groombridge,Groombridge VIII-a,Moon,0005E44B,GroombridgeVIII-aPlanetData,57767,8,24,Organic,00077822,ResOrgUncommonOrnamental,Ornamental,Uncommon
Groombridge,Groombridge VIII-a,Moon,0005E44B,GroombridgeVIII-aPlanetData,57767,8,24,Organic,0022463F,ResOrgUncommonOrnamentalFaunaHerbivore,Ornamental,Uncommon
Groombridge,Groombridge VIII-a,Moon,0005E44B,GroombridgeVIII-aPlanetData,57767,8,24,Organic,0022464C,ResOrgUncommonPigmentFaunaCarnivore,Pigment,Uncommon
Groombridge,Groombridge VIII-a,Moon,0005E44B,GroombridgeVIII-aPlanetData,57767,8,24,Organic,000777FB,ResOrgRareAromatic,Aromatic,Rare
Groombridge,Groombridge VIII-a,Moon,0005E44B,GroombridgeVIII-aPlanetData,57767,8,24,Organic,00224634,ResOrgRareAromaticFaunaHerbivore,Aromatic,Rare
Groombridge,Groombridge VIII-a,Moon,0005E44B,GroombridgeVIII-aPlanetData,57767,8,24,Organic,00224657,ResOrgExoticStimulantFaunaCarnivore,Stimulant,Exotic
Groombridge,Groombridge VIII-b,Moon,0005E44A,GroombridgeVIII-bPlanetData,57767,8,23,Inorganic,000057CB,ResInorgCommonNickel,Nickel,Common
Groombridge,Groombridge VIII-b,Moon,0005E44A,GroombridgeVIII-bPlanetData,57767,8,23,Inorganic,000083EC,ResInorgCommonWater_L,Water,Common
Groombridge,Groombridge VIII-b,Moon,0005E44A,GroombridgeVIII-bPlanetData,57767,8,23,Inorganic,000057CE,ResInorgUncommonCobalt,Cobalt,Uncommon
Groombridge,Groombridge VIII-c,Moon,0005E44D,GroombridgeVIII-cPlanetData,57767,8,26,Inorganic,000057D6,ResInorgCommonAluminum,Aluminum,Common
Groombridge,Groombridge VIII-c,Moon,0005E44D,GroombridgeVIII-cPlanetData,57767,8,26,Inorganic,000057CF,ResInorgCommonCopper,Copper,Common
Groombridge,Groombridge VIII-c,Moon,0005E44D,GroombridgeVIII-cPlanetData,57767,8,26,Inorganic,000057C1,ResInorgCommonLead,Lead,Common
Groombridge,Groombridge VIII-c,Moon,0005E44D,GroombridgeVIII-cPlanetData,57767,8,26,Inorganic,000083EC,ResInorgCommonWater_L,Water,Common
Groombridge,Groombridge VIII-c,Moon,0005E44D,GroombridgeVIII-cPlanetData,57767,8,26,Inorganic,000057D8,ResInorgUncommonBeryllium,Beryllium,Uncommon
Groombridge,Groombridge VIII-d,Moon,0005E44C,GroombridgeVIII-dPlanetData,57767,8,25,Inorganic,000057EA,ResInorgCommonArgon_G,Argon,Common
Groombridge,Groombridge VIII-d,Moon,0005E44C,GroombridgeVIII-dPlanetData,57767,8,25,Inorganic,000057D5,ResInorgCommonChlorine_G,Chlorine,Common
Groombridge,Groombridge VIII-d,Moon,0005E44C,GroombridgeVIII-dPlanetData,57767,8,25,Inorganic,000057EB,ResInorgCommonUranium,Uranium,Common
Groombridge,Groombridge VIII-d,Moon,0005E44C,GroombridgeVIII-dPlanetData,57767,8,25,Inorganic,000083EC,ResInorgCommonWater_L,Water,Common
Groombridge,Groombridge VIII-d,Moon,0005E44C,GroombridgeVIII-dPlanetData,57767,8,25,Inorganic,000057EC,ResInorgUncommonIridium,Iridium,Uncommon
Groombridge,Groombridge VIII-d,Moon,0005E44C,GroombridgeVIII-dPlanetData,57767,8,25,Inorganic,000057DA,ResInorgRareLithium,Lithium,Rare
Guniibuu,Guniibuu I,Planet,0005E1A2,GuniibuuIPlanetData,84147,0,1,Inorganic,000057D6,ResInorgCommonAluminum,Aluminum,Common
Guniibuu,Guniibuu I,Planet,0005E1A2,GuniibuuIPlanetData,84147,0,1,Inorganic,000057F5,ResInorgCommonHelium3_G,Helium3,Common
Guniibuu,Guniibuu I-a,Moon,0005E1A3,GuniibuuI-aPlanetData,84147,1,10,Inorganic,000057D6,ResInorgCommonAluminum,Aluminum,Common
Guniibuu,Guniibuu I-a,Moon,0005E1A3,GuniibuuI-aPlanetData,84147,1,10,Inorganic,000057F5,ResInorgCommonHelium3_G,Helium3,Common
Guniibuu,Guniibuu I-a,Moon,0005E1A3,GuniibuuI-aPlanetData,84147,1,10,Inorganic,000057D8,ResInorgUncommonBeryllium,Beryllium,Uncommon
Guniibuu,Guniibuu I-a,Moon,0005E1A3,GuniibuuI-aPlanetData,84147,1,10,Inorganic,000057DB,ResInorgRareNeodymium,Neodymium,Rare
Guniibuu,Guniibuu I-b,Moon,0005E1A4,GuniibuuI-bPlanetData,84147,1,11,Inorganic,000057D6,ResInorgCommonAluminum,Aluminum,Common
Guniibuu,Guniibuu I-b,Moon,0005E1A4,GuniibuuI-bPlanetData,84147,1,11,Inorganic,000057F5,ResInorgCommonHelium3_G,Helium3,Common
Guniibuu,Guniibuu I-b,Moon,0005E1A4,GuniibuuI-bPlanetData,84147,1,11,Inorganic,000057DB,ResInorgRareNeodymium,Neodymium,Rare
Guniibuu,Guniibuu II,Planet,0005E1A5,GuniibuuIIPlanetData,84147,0,2,Inorganic,000057D6,ResInorgCommonAluminum,Aluminum,Common
Guniibuu,Guniibuu II,Planet,0005E1A5,GuniibuuIIPlanetData,84147,0,2,Inorganic,000057CF,ResInorgCommonCopper,Copper,Common
Guniibuu,Guniibuu II,Planet,0005E1A5,GuniibuuIIPlanetData,84147,0,2,Inorganic,000057C7,ResInorgCommonIron,Iron,Common
Guniibuu,Guniibuu II,Planet,0005E1A5,GuniibuuIIPlanetData,84147,0,2,Inorganic,000083EC,ResInorgCommonWater_L,Water,Common
Guniibuu,Guniibuu II,Planet,0005E1A5,GuniibuuIIPlanetData,84147,0,2,Inorganic,000057D8,ResInorgUncommonBeryllium,Beryllium,Uncommon
Guniibuu,Guniibuu II,Planet,0005E1A5,GuniibuuIIPlanetData,84147,0,2,Inorganic,000057D0,ResInorgUncommonFluorine_G,Fluorine,Uncommon
Guniibuu,Guniibuu II,Planet,0005E1A5,GuniibuuIIPlanetData,84147,0,2,Inorganic,000057D2,ResInorgRareGold,Gold,Rare
Guniibuu,Guniibuu II,Planet,0005E1A5,GuniibuuIIPlanetData,84147,0,2,Organic,00077821,ResOrgCommonFiber,Fiber,Common
Guniibuu,Guniibuu II,Planet,0005E1A5,GuniibuuIIPlanetData,84147,0,2,Organic,0029F3FD,ResOrgCommonMetabolicAgent,MetabolicAgent,Common
Guniibuu,Guniibuu II,Planet,0005E1A5,GuniibuuIIPlanetData,84147,0,2,Organic,000777E6,ResOrgCommonNutrient,Nutrient,Common
Guniibuu,Guniibuu II,Planet,0005E1A5,GuniibuuIIPlanetData,84147,0,2,Organic,00224640,ResOrgCommonNutrientFaunaHerbivore,Nutrient,Common
Guniibuu,Guniibuu II,Planet,0005E1A5,GuniibuuIIPlanetData,84147,0,2,Organic,0007782D,ResOrgCommonSealant,Sealant,Common
Guniibuu,Guniibuu II,Planet,0005E1A5,GuniibuuIIPlanetData,84147,0,2,Organic,00077823,ResOrgCommonToxin,Toxin,Common
Guniibuu,Guniibuu II,Planet,0005E1A5,GuniibuuIIPlanetData,84147,0,2,Organic,0022463E,ResOrgCommonToxinFaunaHerbivore,Toxin,Common
Guniibuu,Guniibuu II,Planet,0005E1A5,GuniibuuIIPlanetData,84147,0,2,Organic,00077820,ResOrgUncommonAntimicrobial,Antimicrobial,Uncommon
Guniibuu,Guniibuu II,Planet,0005E1A5,GuniibuuIIPlanetData,84147,0,2,Organic,002246D8,ResOrgUncommonAntimicrobialFaunaHerbivore,Antimicrobial,Uncommon
Guniibuu,Guniibuu II,Planet,0005E1A5,GuniibuuIIPlanetData,84147,0,2,Organic,0022464E,ResOrgUncommonCosmeticFaunaCarnivore,Cosmetic,Uncommon
Guniibuu,Guniibuu II,Planet,0005E1A5,GuniibuuIIPlanetData,84147,0,2,Organic,0022464D,ResOrgUncommonMembraneFaunaCarnivore,Membrane,Uncommon
Guniibuu,Guniibuu II,Planet,0005E1A5,GuniibuuIIPlanetData,84147,0,2,Organic,00077822,ResOrgUncommonOrnamental,Ornamental,Uncommon
Guniibuu,Guniibuu II,Planet,0005E1A5,GuniibuuIIPlanetData,84147,0,2,Organic,0007782E,ResOrgUncommonSpice,Spice,Uncommon
Guniibuu,Guniibuu II,Planet,0005E1A5,GuniibuuIIPlanetData,84147,0,2,Organic,00224634,ResOrgRareAromaticFaunaHerbivore,Aromatic,Rare
Guniibuu,Guniibuu II,Planet,0005E1A5,GuniibuuIIPlanetData,84147,0,2,Organic,00224632,ResOrgRareSedativeFaunaHerbivore,Sedative,Rare
Guniibuu,Guniibuu III,Planet,0005E1A6,GuniibuuIIIPlanetData,84147,0,3,Inorganic,000057EA,ResInorgCommonArgon_G,Argon,Common
Guniibuu,Guniibuu III,Planet,0005E1A6,GuniibuuIIIPlanetData,84147,0,3,Inorganic,000057C1,ResInorgCommonLead,Lead,Common
Guniibuu,Guniibuu III,Planet,0005E1A6,GuniibuuIIIPlanetData,84147,0,3,Inorganic,000057EB,ResInorgCommonUranium,Uranium,Common
Guniibuu,Guniibuu III,Planet,0005E1A6,GuniibuuIIIPlanetData,84147,0,3,Inorganic,000083EC,ResInorgCommonWater_L,Water,Common
Guniibuu,Guniibuu III,Planet,0005E1A6,GuniibuuIIIPlanetData,84147,0,3,Inorganic,000057E7,ResInorgUncommonBenzene_G,Benzene,Uncommon
Guniibuu,Guniibuu III,Planet,0005E1A6,GuniibuuIIIPlanetData,84147,0,3,Inorganic,000057EC,ResInorgUncommonIridium,Iridium,Uncommon
Guniibuu,Guniibuu III,Planet,0005E1A6,GuniibuuIIIPlanetData,84147,0,3,Inorganic,000057E8,ResInorgRareCarboxylicAcids_L,CarboxylicAcids,Rare
Guniibuu,Guniibuu III,Planet,0005E1A6,GuniibuuIIIPlanetData,84147,0,3,Inorganic,000057ED,ResInorgRareVanadium,Vanadium,Rare
Guniibuu,Guniibuu III-b,Moon,0005E1A7,GuniibuuIII-bPlanetData,84147,3,12,Inorganic,000057D6,ResInorgCommonAluminum,Aluminum,Common
Guniibuu,Guniibuu III-b,Moon,0005E1A7,GuniibuuIII-bPlanetData,84147,3,12,Inorganic,000057F5,ResInorgCommonHelium3_G,Helium3,Common
Guniibuu,Guniibuu III-c,Moon,0005E1AD,GuniibuuIII-cPlanetData,84147,3,13,Inorganic,000057D6,ResInorgCommonAluminum,Aluminum,Common
Guniibuu,Guniibuu III-c,Moon,0005E1AD,GuniibuuIII-cPlanetData,84147,3,13,Inorganic,000057F5,ResInorgCommonHelium3_G,Helium3,Common
Guniibuu,Guniibuu IV,Planet,0005E1AF,GuniibuuIVPlanetData,84147,0,4,Inorganic,000057CF,ResInorgCommonCopper,Copper,Common
Guniibuu,Guniibuu IV,Planet,0005E1AF,GuniibuuIVPlanetData,84147,0,4,Inorganic,000057C7,ResInorgCommonIron,Iron,Common
Guniibuu,Guniibuu IV,Planet,0005E1AF,GuniibuuIVPlanetData,84147,0,4,Inorganic,000057EB,ResInorgCommonUranium,Uranium,Common
Guniibuu,Guniibuu IV,Planet,0005E1AF,GuniibuuIVPlanetData,84147,0,4,Inorganic,000083EC,ResInorgCommonWater_L,Water,Common
Guniibuu,Guniibuu IV,Planet,0005E1AF,GuniibuuIVPlanetData,84147,0,4,Inorganic,000057C9,ResInorgUncommonAlkanes_G,Alkanes,Uncommon
Guniibuu,Guniibuu IV,Planet,0005E1AF,GuniibuuIVPlanetData,84147,0,4,Inorganic,000057EC,ResInorgUncommonIridium,Iridium,Uncommon
Guniibuu,Guniibuu IV,Planet,0005E1AF,GuniibuuIVPlanetData,84147,0,4,Inorganic,000057C8,ResInorgRareTantalum,Tantalum,Rare
Guniibuu,Guniibuu IV-a,Moon,0005E1B1,GuniibuuIV-aPlanetData,84147,4,16,Inorganic,000057F5,ResInorgCommonHelium3_G,Helium3,Common
Guniibuu,Guniibuu IV-a,Moon,0005E1B1,GuniibuuIV-aPlanetData,84147,4,16,Inorganic,000057C7,ResInorgCommonIron,Iron,Common
Guniibuu,Guniibuu IV-b,Moon,0005E1B0,GuniibuuIV-bPlanetData,84147,4,15,Inorganic,000057D6,ResInorgCommonAluminum,Aluminum,Common
Guniibuu,Guniibuu IV-b,Moon,0005E1B0,GuniibuuIV-bPlanetData,84147,4,15,Inorganic,000057F5,ResInorgCommonHelium3_G,Helium3,Common
Guniibuu,Guniibuu IV-b,Moon,0005E1B0,GuniibuuIV-bPlanetData,84147,4,15,Inorganic,000057DB,ResInorgRareNeodymium,Neodymium,Rare
Guniibuu,Guniibuu V-a,Moon,0005E1B3,GuniibuuV-aPlanetData,84147,5,17,Inorganic,000057CF,ResInorgCommonCopper,Copper,Common
Guniibuu,Guniibuu V-a,Moon,0005E1B3,GuniibuuV-aPlanetData,84147,5,17,Inorganic,000083EC,ResInorgCommonWater_L,Water,Common
Guniibuu,Guniibuu V-a,Moon,0005E1B3,GuniibuuV-aPlanetData,84147,5,17,Inorganic,000057D0,ResInorgUncommonFluorine_G,Fluorine,Uncommon
Guniibuu,Guniibuu V-b,Moon,0005E1B7,GuniibuuV-bPlanetData,84147,5,21,Inorganic,000057D5,ResInorgCommonChlorine_G,Chlorine,Common
Guniibuu,Guniibuu V-b,Moon,0005E1B7,GuniibuuV-bPlanetData,84147,5,21,Inorganic,000083EC,ResInorgCommonWater_L,Water,Common
Guniibuu,Guniibuu V-b,Moon,0005E1B7,GuniibuuV-bPlanetData,84147,5,21,Inorganic,000057D7,ResInorgUncommonChlorosilanes_L,Chlorosilanes,Uncommon
Guniibuu,Guniibuu V-b,Moon,0005E1B7,GuniibuuV-bPlanetData,84147,5,21,Inorganic,000057E0,ResInorgExoticCaesium_L,Caesium,Exotic
Guniibuu,Guniibuu V-c,Moon,0005E1B6,GuniibuuV-cPlanetData,84147,5,20,Inorganic,000057D5,ResInorgCommonChlorine_G,Chlorine,Common
Guniibuu,Guniibuu V-c,Moon,0005E1B6,GuniibuuV-cPlanetData,84147,5,20,Inorganic,000057C1,ResInorgCommonLead,Lead,Common
Guniibuu,Guniibuu V-c,Moon,0005E1B6,GuniibuuV-cPlanetData,84147,5,20,Inorganic,000083EC,ResInorgCommonWater_L,Water,Common
Guniibuu,Guniibuu V-c,Moon,0005E1B6,GuniibuuV-cPlanetData,84147,5,20,Inorganic,000057D7,ResInorgUncommonChlorosilanes_L,Chlorosilanes,Uncommon
Guniibuu,Guniibuu V-c,Moon,0005E1B6,GuniibuuV-cPlanetData,84147,5,20,Inorganic,000057DA,ResInorgRareLithium,Lithium,Rare
Guniibuu,Guniibuu V-d,Moon,0005E1B5,GuniibuuV-dPlanetData,84147,5,19,Inorganic,000057CF,ResInorgCommonCopper,Copper,Common
Guniibuu,Guniibuu V-d,Moon,0005E1B5,GuniibuuV-dPlanetData,84147,5,19,Inorganic,000083EC,ResInorgCommonWater_L,Water,Common
Guniibuu,Guniibuu V-e,Moon,0005E1B4,GuniibuuV-ePlanetData,84147,5,18,Inorganic,000057D5,ResInorgCommonChlorine_G,Chlorine,Common
Guniibuu,Guniibuu V-e,Moon,0005E1B4,GuniibuuV-ePlanetData,84147,5,18,Inorganic,000083EC,ResInorgCommonWater_L,Water,Common
Guniibuu,Guniibuu VI-a,Moon,0005E1BB,GuniibuuVI-aPlanetData,84147,6,24,Inorganic,000057CB,ResInorgCommonNickel,Nickel,Common
Guniibuu,Guniibuu VI-a,Moon,0005E1BB,GuniibuuVI-aPlanetData,84147,6,24,Inorganic,000083EC,ResInorgCommonWater_L,Water,Common
Guniibuu,Guniibuu VI-b,Moon,0005E1BA,GuniibuuVI-bPlanetData,84147,6,23,Inorganic,000057C1,ResInorgCommonLead,Lead,Common
Guniibuu,Guniibuu VI-b,Moon,0005E1BA,GuniibuuVI-bPlanetData,84147,6,23,Inorganic,000057CB,ResInorgCommonNickel,Nickel,Common
Guniibuu,Guniibuu VI-b,Moon,0005E1BA,GuniibuuVI-bPlanetData,84147,6,23,Inorganic,000083EC,ResInorgCommonWater_L,Water,Common
Guniibuu,Guniibuu VI-b,Moon,0005E1BA,GuniibuuVI-bPlanetData,84147,6,23,Inorganic,000057CE,ResInorgUncommonCobalt,Cobalt,Uncommon
Guniibuu,Guniibuu VI-b,Moon,0005E1BA,GuniibuuVI-bPlanetData,84147,6,23,Inorganic,0027C499,ResInorgRareMercury_L,Mercury,Rare
Guniibuu,Guniibuu VI-b,Moon,0005E1BA,GuniibuuVI-bPlanetData,84147,6,23,Inorganic,000057CD,ResInorgExoticPalladium,Palladium,Exotic
Guniibuu,Guniibuu VI-b,Moon,0005E1BA,GuniibuuVI-bPlanetData,84147,6,23,Organic,00224640,ResOrgCommonNutrientFaunaHerbivore,Nutrient,Common
Guniibuu,Guniibuu VI-b,Moon,0005E1BA,GuniibuuVI-bPlanetData,84147,6,23,Organic,0022462C,ResOrgCommonStructuralFaunaHerbivore,Structural,Common
Guniibuu,Guniibuu VI-b,Moon,0005E1BA,GuniibuuVI-bPlanetData,84147,6,23,Organic,00077820,ResOrgUncommonAntimicrobial,Antimicrobial,Uncommon
Guniibuu,Guniibuu VI-b,Moon,0005E1BA,GuniibuuVI-bPlanetData,84147,6,23,Organic,0007782C,ResOrgUncommonMembrane,Membrane,Uncommon
Guniibuu,Guniibuu VI-b,Moon,0005E1BA,GuniibuuVI-bPlanetData,84147,6,23,Organic,0022464D,ResOrgUncommonMembraneFaunaCarnivore,Membrane,Uncommon
Guniibuu,Guniibuu VI-b,Moon,0005E1BA,GuniibuuVI-bPlanetData,84147,6,23,Organic,00077822,ResOrgUncommonOrnamental,Ornamental,Uncommon
Guniibuu,Guniibuu VI-c,Moon,0005E1BC,GuniibuuVI-cPlanetData,84147,6,25,Inorganic,000057D6,ResInorgCommonAluminum,Aluminum,Common
Guniibuu,Guniibuu VI-c,Moon,0005E1BC,GuniibuuVI-cPlanetData,84147,6,25,Inorganic,000057F5,ResInorgCommonHelium3_G,Helium3,Common
Guniibuu,Guniibuu VI-c,Moon,0005E1BC,GuniibuuVI-cPlanetData,84147,6,25,Inorganic,000057D8,ResInorgUncommonBeryllium,Beryllium,Uncommon
Guniibuu,Guniibuu VI-c,Moon,0005E1BC,GuniibuuVI-cPlanetData,84147,6,25,Inorganic,000057DB,ResInorgRareNeodymium,Neodymium,Rare
Guniibuu,Guniibuu VI-d,Moon,0005E1BD,GuniibuuVI-dPlanetData,84147,6,26,Inorganic,000057C1,ResInorgCommonLead,Lead,Common
Guniibuu,Guniibuu VI-d,Moon,0005E1BD,GuniibuuVI-dPlanetData,84147,6,26,Inorganic,000083EC,ResInorgCommonWater_L,Water,Common
Guniibuu,Guniibuu VI-d,Moon,0005E1BD,GuniibuuVI-dPlanetData,84147,6,26,Inorganic,000057C6,ResInorgRareTitanium,Titanium,Rare
Guniibuu,Guniibuu VI-e,Moon,0005E1B9,GuniibuuVI-ePlanetData,84147,6,22,Inorganic,000057C1,ResInorgCommonLead,Lead,Common
Guniibuu,Guniibuu VI-e,Moon,0005E1B9,GuniibuuVI-ePlanetData,84147,6,22,Inorganic,000083EC,ResInorgCommonWater_L,Water,Common
Guniibuu,Guniibuu VI-e,Moon,0005E1B9,GuniibuuVI-ePlanetData,84147,6,22,Inorganic,000057C4,ResInorgUncommonTungsten,Tungsten,Uncommon
Guniibuu,Guniibuu VI-e,Moon,0005E1B9,GuniibuuVI-ePlanetData,84147,6,22,Inorganic,000057C6,ResInorgRareTitanium,Titanium,Rare
Guniibuu,Guniibuu VII-a,Moon,0005E1BF,GuniibuuVII-aPlanetData,84147,7,27,Inorganic,000057EA,ResInorgCommonArgon_G,Argon,Common
Guniibuu,Guniibuu VII-a,Moon,0005E1BF,GuniibuuVII-aPlanetData,84147,7,27,Inorganic,000083EC,ResInorgCommonWater_L,Water,Common
Guniibuu,Guniibuu VII-b,Moon,0005E1C1,GuniibuuVII-bPlanetData,84147,7,29,Inorganic,000057EA,ResInorgCommonArgon_G,Argon,Common
Guniibuu,Guniibuu VII-b,Moon,0005E1C1,GuniibuuVII-bPlanetData,84147,7,29,Inorganic,000083EC,ResInorgCommonWater_L,Water,Common
Guniibuu,Guniibuu VII-b,Moon,0005E1C1,GuniibuuVII-bPlanetData,84147,7,29,Inorganic,000057E7,ResInorgUncommonBenzene_G,Benzene,Uncommon
Guniibuu,Guniibuu VII-b,Moon,0005E1C1,GuniibuuVII-bPlanetData,84147,7,29,Inorganic,000057E8,ResInorgRareCarboxylicAcids_L,CarboxylicAcids,Rare
Guniibuu,Guniibuu VII-c,Moon,0005E1C0,GuniibuuVII-cPlanetData,84147,7,28,Inorganic,000057CF,ResInorgCommonCopper,Copper,Common
Guniibuu,Guniibuu VII-c,Moon,0005E1C0,GuniibuuVII-cPlanetData,84147,7,28,Inorganic,000083EC,ResInorgCommonWater_L,Water,Common
Guniibuu,Guniibuu VII-c,Moon,0005E1C0,GuniibuuVII-cPlanetData,84147,7,28,Inorganic,000057D0,ResInorgUncommonFluorine_G,Fluorine,Uncommon
Hawking,Hawking I,Planet,0005DE1D,HawkingIPlanetData,73489,0,1,Inorganic,000057EA,ResInorgCommonArgon_G,Argon,Common
Hawking,Hawking I,Planet,0005DE1D,HawkingIPlanetData,73489,0,1,Inorganic,000057D5,ResInorgCommonChlorine_G,Chlorine,Common
Hawking,Hawking I,Planet,0005DE1D,HawkingIPlanetData,73489,0,1,Inorganic,000057C1,ResInorgCommonLead,Lead,Common
Hawking,Hawking I,Planet,0005DE1D,HawkingIPlanetData,73489,0,1,Inorganic,000083EC,ResInorgCommonWater_L,Water,Common
Hawking,Hawking I,Planet,0005DE1D,HawkingIPlanetData,73489,0,1,Inorganic,000057D7,ResInorgUncommonChlorosilanes_L,Chlorosilanes,Uncommon
Hawking,Hawking I,Planet,0005DE1D,HawkingIPlanetData,73489,0,1,Inorganic,000057C4,ResInorgUncommonTungsten,Tungsten,Uncommon
Hawking,Hawking I,Planet,0005DE1D,HawkingIPlanetData,73489,0,1,Organic,00077821,ResOrgCommonFiber,Fiber,Common
Hawking,Hawking I,Planet,0005DE1D,HawkingIPlanetData,73489,0,1,Organic,00224642,ResOrgCommonFiberFaunaHerbivore,Fiber,Common
Hawking,Hawking I,Planet,0005DE1D,HawkingIPlanetData,73489,0,1,Organic,0029F3FD,ResOrgCommonMetabolicAgent,MetabolicAgent,Common
Hawking,Hawking I,Planet,0005DE1D,HawkingIPlanetData,73489,0,1,Organic,00224641,ResOrgCommonMetabolicAgentFaunaHerbivore,MetabolicAgent,Common
Hawking,Hawking I,Planet,0005DE1D,HawkingIPlanetData,73489,0,1,Organic,000777E6,ResOrgCommonNutrient,Nutrient,Common
Hawking,Hawking I,Planet,0005DE1D,HawkingIPlanetData,73489,0,1,Organic,00224640,ResOrgCommonNutrientFaunaHerbivore,Nutrient,Common
Hawking,Hawking I,Planet,0005DE1D,HawkingIPlanetData,73489,0,1,Organic,0007782D,ResOrgCommonSealant,Sealant,Common
Hawking,Hawking I,Planet,0005DE1D,HawkingIPlanetData,73489,0,1,Organic,000777FA,ResOrgCommonStructural,Structural,Common
Hawking,Hawking I,Planet,0005DE1D,HawkingIPlanetData,73489,0,1,Organic,0022462C,ResOrgCommonStructuralFaunaHerbivore,Structural,Common
Hawking,Hawking I,Planet,0005DE1D,HawkingIPlanetData,73489,0,1,Organic,00077823,ResOrgCommonToxin,Toxin,Common
Hawking,Hawking I,Planet,0005DE1D,HawkingIPlanetData,73489,0,1,Organic,0022464C,ResOrgUncommonPigmentFaunaCarnivore,Pigment,Uncommon
Hawking,Hawking I,Planet,0005DE1D,HawkingIPlanetData,73489,0,1,Organic,0022462D,ResOrgUncommonSpiceFaunaHerbivore,Spice,Uncommon
Hawking,Hawking I,Planet,0005DE1D,HawkingIPlanetData,73489,0,1,Organic,00224652,ResOrgRareAnalgesicFaunaCarnivore,Analgesic,Rare
Hawking,Hawking I,Planet,0005DE1D,HawkingIPlanetData,73489,0,1,Organic,00224655,ResOrgExoticSolventFaunaCarnivore,Solvent,Exotic
Hawking,Hawking I-a,Moon,0005DE1E,HawkingI-aPlanetData,73489,1,8,Inorganic,000057F5,ResInorgCommonHelium3_G,Helium3,Common
Hawking,Hawking I-a,Moon,0005DE1E,HawkingI-aPlanetData,73489,1,8,Inorganic,000057C7,ResInorgCommonIron,Iron,Common
Hawking,Hawking II,Planet,0005DE1F,HawkingIIPlanetData,73489,0,2,Inorganic,000057D5,ResInorgCommonChlorine_G,Chlorine,Common
Hawking,Hawking II,Planet,0005DE1F,HawkingIIPlanetData,73489,0,2,Inorganic,000057CF,ResInorgCommonCopper,Copper,Common
Hawking,Hawking II,Planet,0005DE1F,HawkingIIPlanetData,73489,0,2,Inorganic,000057C7,ResInorgCommonIron,Iron,Common
Hawking,Hawking II,Planet,0005DE1F,HawkingIIPlanetData,73489,0,2,Inorganic,000083EC,ResInorgCommonWater_L,Water,Common
Hawking,Hawking II,Planet,0005DE1F,HawkingIIPlanetData,73489,0,2,Inorganic,000057C9,ResInorgUncommonAlkanes_G,Alkanes,Uncommon
Hawking,Hawking III,Planet,0005DE20,HawkingIIIPlanetData,73489,0,3,Inorganic,000057CF,ResInorgCommonCopper,Copper,Common
Hawking,Hawking III,Planet,0005DE20,HawkingIIIPlanetData,73489,0,3,Inorganic,000057EB,ResInorgCommonUranium,Uranium,Common
Hawking,Hawking III,Planet,0005DE20,HawkingIIIPlanetData,73489,0,3,Inorganic,000083EC,ResInorgCommonWater_L,Water,Common
Hawking,Hawking III,Planet,0005DE20,HawkingIIIPlanetData,73489,0,3,Inorganic,000057EC,ResInorgUncommonIridium,Iridium,Uncommon
Hawking,Hawking III,Planet,0005DE20,HawkingIIIPlanetData,73489,0,3,Inorganic,000057D1,ResInorgRareTetrafluorides_G,Tetrafluorides,Rare
Hawking,Hawking IV,Planet,0005DE21,HawkingIVPlanetData,73489,0,4,Inorganic,000057D5,ResInorgCommonChlorine_G,Chlorine,Common
Hawking,Hawking IV,Planet,0005DE21,HawkingIVPlanetData,73489,0,4,Inorganic,000057C1,ResInorgCommonLead,Lead,Common
Hawking,Hawking IV,Planet,0005DE21,HawkingIVPlanetData,73489,0,4,Inorganic,000057CB,ResInorgCommonNickel,Nickel,Common
Hawking,Hawking IV,Planet,0005DE21,HawkingIVPlanetData,73489,0,4,Inorganic,000083EC,ResInorgCommonWater_L,Water,Common
Hawking,Hawking IV-a,Moon,0005DE22,HawkingIV-aPlanetData,73489,4,9,Inorganic,000057F5,ResInorgCommonHelium3_G,Helium3,Common
Hawking,Hawking IV-a,Moon,0005DE22,HawkingIV-aPlanetData,73489,4,9,Inorganic,000057C7,ResInorgCommonIron,Iron,Common
Hawking,Hawking IV-a,Moon,0005DE22,HawkingIV-aPlanetData,73489,4,9,Inorganic,000057C9,ResInorgUncommonAlkanes_G,Alkanes,Uncommon
Hawking,Hawking IV-a,Moon,0005DE22,HawkingIV-aPlanetData,73489,4,9,Inorganic,000057C8,ResInorgRareTantalum,Tantalum,Rare
Hawking,Hawking IV-a,Moon,0005DE22,HawkingIV-aPlanetData,73489,4,9,Inorganic,000057CA,ResInorgExoticYtterbium,Ytterbium,Exotic
Hawking,Hawking V-a,Moon,0005DE24,HawkingV-aPlanetData,73489,5,10,Inorganic,000057D5,ResInorgCommonChlorine_G,Chlorine,Common
Hawking,Hawking V-a,Moon,0005DE24,HawkingV-aPlanetData,73489,5,10,Inorganic,000083EC,ResInorgCommonWater_L,Water,Common
Hawking,Hawking VI-a,Moon,0005DE27,HawkingVI-aPlanetData,73489,6,12,Inorganic,000057CB,ResInorgCommonNickel,Nickel,Common
Hawking,Hawking VI-a,Moon,0005DE27,HawkingVI-aPlanetData,73489,6,12,Inorganic,000083EC,ResInorgCommonWater_L,Water,Common
Hawking,Hawking VI-a,Moon,0005DE27,HawkingVI-aPlanetData,73489,6,12,Inorganic,000057CC,ResInorgRarePlatinum,Platinum,Rare
Hawking,Hawking VI-a,Moon,0005DE27,HawkingVI-aPlanetData,73489,6,12,Inorganic,000057CD,ResInorgExoticPalladium,Palladium,Exotic
Hawking,Hawking VI-b,Moon,0005DE26,HawkingVI-bPlanetData,73489,6,11,Inorganic,000057D5,ResInorgCommonChlorine_G,Chlorine,Common
Hawking,Hawking VI-b,Moon,0005DE26,HawkingVI-bPlanetData,73489,6,11,Inorganic,000057C1,ResInorgCommonLead,Lead,Common
Hawking,Hawking VI-b,Moon,0005DE26,HawkingVI-bPlanetData,73489,6,11,Inorganic,000057CB,ResInorgCommonNickel,Nickel,Common
Hawking,Hawking VI-b,Moon,0005DE26,HawkingVI-bPlanetData,73489,6,11,Inorganic,000083EC,ResInorgCommonWater_L,Water,Common
Hawking,Hawking VI-b,Moon,0005DE26,HawkingVI-bPlanetData,73489,6,11,Inorganic,000057D7,ResInorgUncommonChlorosilanes_L,Chlorosilanes,Uncommon
Hawking,Hawking VI-b,Moon,0005DE26,HawkingVI-bPlanetData,73489,6,11,Inorganic,000057C3,ResInorgUncommonSilver,Silver,Uncommon
Hawking,Hawking VI-b,Moon,0005DE26,HawkingVI-bPlanetData,73489,6,11,Inorganic,000057DA,ResInorgRareLithium,Lithium,Rare
Hawking,Hawking VI-b,Moon,0005DE26,HawkingVI-bPlanetData,73489,6,11,Inorganic,000057CC,ResInorgRarePlatinum,Platinum,Rare
Heinlein,Heinlein I,Planet,0005DF0B,HeinleinIPlanetData,71731,0,1,Inorganic,000057D6,ResInorgCommonAluminum,Aluminum,Common
Heinlein,Heinlein I,Planet,0005DF0B,HeinleinIPlanetData,71731,0,1,Inorganic,000057F5,ResInorgCommonHelium3_G,Helium3,Common
Heinlein,Heinlein I,Planet,0005DF0B,HeinleinIPlanetData,71731,0,1,Inorganic,000057D8,ResInorgUncommonBeryllium,Beryllium,Uncommon
Heinlein,Heinlein II,Planet,0005DF0C,HeinleinIIPlanetData,71731,0,2,Inorganic,000057C7,ResInorgCommonIron,Iron,Common
Heinlein,Heinlein II,Planet,0005DF0C,HeinleinIIPlanetData,71731,0,2,Inorganic,000057CB,ResInorgCommonNickel,Nickel,Common
Heinlein,Heinlein II,Planet,0005DF0C,HeinleinIIPlanetData,71731,0,2,Inorganic,000057EB,ResInorgCommonUranium,Uranium,Common
Heinlein,Heinlein II,Planet,0005DF0C,HeinleinIIPlanetData,71731,0,2,Inorganic,000057EC,ResInorgUncommonIridium,Iridium,Uncommon
Heinlein,Heinlein II,Planet,0005DF0C,HeinleinIIPlanetData,71731,0,2,Inorganic,000057ED,ResInorgRareVanadium,Vanadium,Rare
Heinlein,Heinlein II-a,Moon,0005DF0E,HeinleinII-aPlanetData,71731,2,10,Inorganic,000057D6,ResInorgCommonAluminum,Aluminum,Common
Heinlein,Heinlein II-a,Moon,0005DF0E,HeinleinII-aPlanetData,71731,2,10,Inorganic,000057F5,ResInorgCommonHelium3_G,Helium3,Common
Heinlein,Heinlein II-a,Moon,0005DF0E,HeinleinII-aPlanetData,71731,2,10,Inorganic,000057D8,ResInorgUncommonBeryllium,Beryllium,Uncommon
Heinlein,Heinlein II-a,Moon,0005DF0E,HeinleinII-aPlanetData,71731,2,10,Inorganic,000057DB,ResInorgRareNeodymium,Neodymium,Rare
Heinlein,Heinlein II-b,Moon,0005DF0D,HeinleinII-bPlanetData,71731,2,9,Inorganic,000057F5,ResInorgCommonHelium3_G,Helium3,Common
Heinlein,Heinlein II-b,Moon,0005DF0D,HeinleinII-bPlanetData,71731,2,9,Inorganic,000057C7,ResInorgCommonIron,Iron,Common
Heinlein,Heinlein III,Planet,0005DF0F,HeinleinIIIPlanetData,71731,0,3,Inorganic,000057EA,ResInorgCommonArgon_G,Argon,Common
Heinlein,Heinlein III,Planet,0005DF0F,HeinleinIIIPlanetData,71731,0,3,Inorganic,000057CB,ResInorgCommonNickel,Nickel,Common
Heinlein,Heinlein III,Planet,0005DF0F,HeinleinIIIPlanetData,71731,0,3,Inorganic,000057EB,ResInorgCommonUranium,Uranium,Common
Heinlein,Heinlein III,Planet,0005DF0F,HeinleinIIIPlanetData,71731,0,3,Inorganic,000083EC,ResInorgCommonWater_L,Water,Common
Heinlein,Heinlein III,Planet,0005DF0F,HeinleinIIIPlanetData,71731,0,3,Inorganic,000057EC,ResInorgUncommonIridium,Iridium,Uncommon
Heinlein,Heinlein III,Planet,0005DF0F,HeinleinIIIPlanetData,71731,0,3,Inorganic,000057E9,ResInorgExoticNeon_G,Neon,Exotic
Heinlein,Heinlein III,Planet,0005DF0F,HeinleinIIIPlanetData,71731,0,3,Inorganic,000057CD,ResInorgExoticPalladium,Palladium,Exotic
Heinlein,Heinlein III-a,Moon,0005DF10,HeinleinIII-aPlanetData,71731,3,11,Inorganic,000057D6,ResInorgCommonAluminum,Aluminum,Common
Heinlein,Heinlein III-a,Moon,0005DF10,HeinleinIII-aPlanetData,71731,3,11,Inorganic,000057F5,ResInorgCommonHelium3_G,Helium3,Common
Heinlein,Heinlein III-a,Moon,0005DF10,HeinleinIII-aPlanetData,71731,3,11,Inorganic,000057D8,ResInorgUncommonBeryllium,Beryllium,Uncommon
Heinlein,Heinlein III-a,Moon,0005DF10,HeinleinIII-aPlanetData,71731,3,11,Inorganic,000057E2,ResInorgExoticEuropium,Europium,Exotic
Heinlein,Heinlein IV-a,Moon,0005DF12,HeinleinIV-aPlanetData,71731,4,15,Inorganic,000057CF,ResInorgCommonCopper,Copper,Common
Heinlein,Heinlein IV-a,Moon,0005DF12,HeinleinIV-aPlanetData,71731,4,15,Inorganic,000083EC,ResInorgCommonWater_L,Water,Common
Heinlein,Heinlein IV-b,Moon,0005DF13,HeinleinIV-bPlanetData,71731,4,16,Inorganic,000057D5,ResInorgCommonChlorine_G,Chlorine,Common
Heinlein,Heinlein IV-b,Moon,0005DF13,HeinleinIV-bPlanetData,71731,4,16,Inorganic,000057C7,ResInorgCommonIron,Iron,Common
Heinlein,Heinlein IV-b,Moon,0005DF13,HeinleinIV-bPlanetData,71731,4,16,Inorganic,000057C1,ResInorgCommonLead,Lead,Common
Heinlein,Heinlein IV-b,Moon,0005DF13,HeinleinIV-bPlanetData,71731,4,16,Inorganic,000083EC,ResInorgCommonWater_L,Water,Common
Heinlein,Heinlein IV-b,Moon,0005DF13,HeinleinIV-bPlanetData,71731,4,16,Inorganic,000057C9,ResInorgUncommonAlkanes_G,Alkanes,Uncommon
Heinlein,Heinlein IV-b,Moon,0005DF13,HeinleinIV-bPlanetData,71731,4,16,Inorganic,000057C3,ResInorgUncommonSilver,Silver,Uncommon
Heinlein,Heinlein IV-b,Moon,0005DF13,HeinleinIV-bPlanetData,71731,4,16,Inorganic,0027C499,ResInorgRareMercury_L,Mercury,Rare
Heinlein,Heinlein IV-b,Moon,0005DF13,HeinleinIV-bPlanetData,71731,4,16,Inorganic,000057E0,ResInorgExoticCaesium_L,Caesium,Exotic
Heinlein,Heinlein IV-b,Moon,0005DF13,HeinleinIV-bPlanetData,71731,4,16,Organic,00077821,ResOrgCommonFiber,Fiber,Common
Heinlein,Heinlein IV-b,Moon,0005DF13,HeinleinIV-bPlanetData,71731,4,16,Organic,0007782D,ResOrgCommonSealant,Sealant,Common
Heinlein,Heinlein IV-b,Moon,0005DF13,HeinleinIV-bPlanetData,71731,4,16,Organic,000777FA,ResOrgCommonStructural,Structural,Common
Heinlein,Heinlein IV-b,Moon,0005DF13,HeinleinIV-bPlanetData,71731,4,16,Organic,0022463E,ResOrgCommonToxinFaunaHerbivore,Toxin,Common
Heinlein,Heinlein IV-b,Moon,0005DF13,HeinleinIV-bPlanetData,71731,4,16,Organic,00224631,ResOrgUncommonCosmeticFaunaHerbivore,Cosmetic,Uncommon
Heinlein,Heinlein IV-b,Moon,0005DF13,HeinleinIV-bPlanetData,71731,4,16,Organic,0022464F,ResOrgRareSedativeFaunaCarnivore,Sedative,Rare
Heinlein,Heinlein IV-c,Moon,0005DF15,HeinleinIV-cPlanetData,71731,4,18,Inorganic,000057CF,ResInorgCommonCopper,Copper,Common
Heinlein,Heinlein IV-c,Moon,0005DF15,HeinleinIV-cPlanetData,71731,4,18,Inorganic,000057CB,ResInorgCommonNickel,Nickel,Common
Heinlein,Heinlein IV-c,Moon,0005DF15,HeinleinIV-cPlanetData,71731,4,18,Inorganic,000083EC,ResInorgCommonWater_L,Water,Common
Heinlein,Heinlein IV-d,Moon,0005DF14,HeinleinIV-dPlanetData,71731,4,17,Inorganic,000057EA,ResInorgCommonArgon_G,Argon,Common
Heinlein,Heinlein IV-d,Moon,0005DF14,HeinleinIV-dPlanetData,71731,4,17,Inorganic,000083EC,ResInorgCommonWater_L,Water,Common
Heinlein,Heinlein IV-d,Moon,0005DF14,HeinleinIV-dPlanetData,71731,4,17,Inorganic,000057E8,ResInorgRareCarboxylicAcids_L,CarboxylicAcids,Rare
Heinlein,Heinlein IV-e,Moon,0005DF16,HeinleinIV-ePlanetData,71731,4,19,Inorganic,000057D5,ResInorgCommonChlorine_G,Chlorine,Common
Heinlein,Heinlein IV-e,Moon,0005DF16,HeinleinIV-ePlanetData,71731,4,19,Inorganic,000083EC,ResInorgCommonWater_L,Water,Common
Heinlein,Heinlein IV-e,Moon,0005DF16,HeinleinIV-ePlanetData,71731,4,19,Inorganic,000057D7,ResInorgUncommonChlorosilanes_L,Chlorosilanes,Uncommon
Heinlein,Heinlein IV-e,Moon,0005DF16,HeinleinIV-ePlanetData,71731,4,19,Inorganic,000057E0,ResInorgExoticCaesium_L,Caesium,Exotic
Heinlein,Heinlein V,Planet,0005DF17,HeinleinVPlanetData,71731,0,5,Inorganic,000057EA,ResInorgCommonArgon_G,Argon,Common
Heinlein,Heinlein V,Planet,0005DF17,HeinleinVPlanetData,71731,0,5,Inorganic,000057C1,ResInorgCommonLead,Lead,Common
Heinlein,Heinlein V,Planet,0005DF17,HeinleinVPlanetData,71731,0,5,Inorganic,000057CB,ResInorgCommonNickel,Nickel,Common
Heinlein,Heinlein V,Planet,0005DF17,HeinleinVPlanetData,71731,0,5,Inorganic,000083EC,ResInorgCommonWater_L,Water,Common
Heinlein,Heinlein V,Planet,0005DF17,HeinleinVPlanetData,71731,0,5,Inorganic,000057CE,ResInorgUncommonCobalt,Cobalt,Uncommon
Heinlein,Heinlein V,Planet,0005DF17,HeinleinVPlanetData,71731,0,5,Inorganic,000057C3,ResInorgUncommonSilver,Silver,Uncommon
Heinlein,Heinlein V,Planet,0005DF17,HeinleinVPlanetData,71731,0,5,Inorganic,000057E8,ResInorgRareCarboxylicAcids_L,CarboxylicAcids,Rare
Heinlein,Heinlein V,Planet,0005DF17,HeinleinVPlanetData,71731,0,5,Inorganic,000057CD,ResInorgExoticPalladium,Palladium,Exotic
Heinlein,Heinlein V-a,Moon,0005DF19,HeinleinV-aPlanetData,71731,5,13,Inorganic,000057D5,ResInorgCommonChlorine_G,Chlorine,Common
Heinlein,Heinlein V-a,Moon,0005DF19,HeinleinV-aPlanetData,71731,5,13,Inorganic,000083EC,ResInorgCommonWater_L,Water,Common
Heinlein,Heinlein V-a,Moon,0005DF19,HeinleinV-aPlanetData,71731,5,13,Inorganic,000057D7,ResInorgUncommonChlorosilanes_L,Chlorosilanes,Uncommon
Heinlein,Heinlein V-a,Moon,0005DF19,HeinleinV-aPlanetData,71731,5,13,Inorganic,000057DA,ResInorgRareLithium,Lithium,Rare
Heinlein,Heinlein V-b,Moon,0005DF18,HeinleinV-bPlanetData,71731,5,12,Inorganic,000057D6,ResInorgCommonAluminum,Aluminum,Common
Heinlein,Heinlein V-b,Moon,0005DF18,HeinleinV-bPlanetData,71731,5,12,Inorganic,000057F5,ResInorgCommonHelium3_G,Helium3,Common
Heinlein,Heinlein V-b,Moon,0005DF18,HeinleinV-bPlanetData,71731,5,12,Inorganic,000057D8,ResInorgUncommonBeryllium,Beryllium,Uncommon
Heinlein,Heinlein V-b,Moon,0005DF18,HeinleinV-bPlanetData,71731,5,12,Inorganic,000057DB,ResInorgRareNeodymium,Neodymium,Rare
Heinlein,Heinlein V-b,Moon,0005DF18,HeinleinV-bPlanetData,71731,5,12,Inorganic,000057E2,ResInorgExoticEuropium,Europium,Exotic
Heinlein,Heinlein V-c,Moon,0005DF1A,HeinleinV-cPlanetData,71731,5,14,Inorganic,000057D6,ResInorgCommonAluminum,Aluminum,Common
Heinlein,Heinlein V-c,Moon,0005DF1A,HeinleinV-cPlanetData,71731,5,14,Inorganic,000057F5,ResInorgCommonHelium3_G,Helium3,Common
Heinlein,Heinlein VI-a,Moon,0005DF20,HeinleinVI-aPlanetData,71731,6,24,Inorganic,000057D5,ResInorgCommonChlorine_G,Chlorine,Common
Heinlein,Heinlein VI-a,Moon,0005DF20,HeinleinVI-aPlanetData,71731,6,24,Inorganic,000057C1,ResInorgCommonLead,Lead,Common
Heinlein,Heinlein VI-a,Moon,0005DF20,HeinleinVI-aPlanetData,71731,6,24,Inorganic,000057CB,ResInorgCommonNickel,Nickel,Common
Heinlein,Heinlein VI-a,Moon,0005DF20,HeinleinVI-aPlanetData,71731,6,24,Inorganic,000083EC,ResInorgCommonWater_L,Water,Common
Heinlein,Heinlein VI-a,Moon,0005DF20,HeinleinVI-aPlanetData,71731,6,24,Inorganic,000057D7,ResInorgUncommonChlorosilanes_L,Chlorosilanes,Uncommon
Heinlein,Heinlein VI-a,Moon,0005DF20,HeinleinVI-aPlanetData,71731,6,24,Inorganic,000057CE,ResInorgUncommonCobalt,Cobalt,Uncommon
Heinlein,Heinlein VI-a,Moon,0005DF20,HeinleinVI-aPlanetData,71731,6,24,Inorganic,000057CD,ResInorgExoticPalladium,Palladium,Exotic
Heinlein,Heinlein VI-a,Moon,0005DF20,HeinleinVI-aPlanetData,71731,6,24,Inorganic,000057DC,ResInorgExoticXenon_G,Xenon,Exotic
Heinlein,Heinlein VI-a,Moon,0005DF20,HeinleinVI-aPlanetData,71731,6,24,Organic,000777E6,ResOrgCommonNutrient,Nutrient,Common
Heinlein,Heinlein VI-a,Moon,0005DF20,HeinleinVI-aPlanetData,71731,6,24,Organic,0022465D,ResOrgCommonNutrientFaunaCarnivore,Nutrient,Common
Heinlein,Heinlein VI-a,Moon,0005DF20,HeinleinVI-aPlanetData,71731,6,24,Organic,00224640,ResOrgCommonNutrientFaunaHerbivore,Nutrient,Common
Heinlein,Heinlein VI-a,Moon,0005DF20,HeinleinVI-aPlanetData,71731,6,24,Organic,0022462C,ResOrgCommonStructuralFaunaHerbivore,Structural,Common
Heinlein,Heinlein VI-a,Moon,0005DF20,HeinleinVI-aPlanetData,71731,6,24,Organic,0022463E,ResOrgCommonToxinFaunaHerbivore,Toxin,Common
Heinlein,Heinlein VI-b,Moon,0005DF1D,HeinleinVI-bPlanetData,71731,6,21,Inorganic,000057D5,ResInorgCommonChlorine_G,Chlorine,Common
Heinlein,Heinlein VI-b,Moon,0005DF1D,HeinleinVI-bPlanetData,71731,6,21,Inorganic,000083EC,ResInorgCommonWater_L,Water,Common
Heinlein,Heinlein VI-c,Moon,0005DF1C,HeinleinVI-cPlanetData,71731,6,20,Inorganic,000057D5,ResInorgCommonChlorine_G,Chlorine,Common
Heinlein,Heinlein VI-c,Moon,0005DF1C,HeinleinVI-cPlanetData,71731,6,20,Inorganic,000083EC,ResInorgCommonWater_L,Water,Common
Heinlein,Heinlein VI-c,Moon,0005DF1C,HeinleinVI-cPlanetData,71731,6,20,Inorganic,000057DA,ResInorgRareLithium,Lithium,Rare
Heinlein,Heinlein VI-d,Moon,0005DF1F,HeinleinVI-dPlanetData,71731,6,23,Inorganic,000057CB,ResInorgCommonNickel,Nickel,Common
Heinlein,Heinlein VI-d,Moon,0005DF1F,HeinleinVI-dPlanetData,71731,6,23,Inorganic,000083EC,ResInorgCommonWater_L,Water,Common
Heinlein,Heinlein VI-d,Moon,0005DF1F,HeinleinVI-dPlanetData,71731,6,23,Inorganic,000057CE,ResInorgUncommonCobalt,Cobalt,Uncommon
Heinlein,Heinlein VI-e,Moon,0005DF1E,HeinleinVI-ePlanetData,71731,6,22,Inorganic,000057CB,ResInorgCommonNickel,Nickel,Common
Heinlein,Heinlein VI-e,Moon,0005DF1E,HeinleinVI-ePlanetData,71731,6,22,Inorganic,000083EC,ResInorgCommonWater_L,Water,Common
Heinlein,Heinlein VII,Planet,0005DF21,HeinleinVIIPlanetData,71731,0,7,Inorganic,000057C1,ResInorgCommonLead,Lead,Common
Heinlein,Heinlein VII,Planet,0005DF21,HeinleinVIIPlanetData,71731,0,7,Inorganic,000083EC,ResInorgCommonWater_L,Water,Common
Heisenberg,Heisenberg II,Planet,0005E1C6,HeisenbergIIPlanetData,83344,0,2,Inorganic,000057CF,ResInorgCommonCopper,Copper,Common
Heisenberg,Heisenberg II,Planet,0005E1C6,HeisenbergIIPlanetData,83344,0,2,Inorganic,000057C1,ResInorgCommonLead,Lead,Common
Heisenberg,Heisenberg II,Planet,0005E1C6,HeisenbergIIPlanetData,83344,0,2,Inorganic,000057EB,ResInorgCommonUranium,Uranium,Common
Heisenberg,Heisenberg II,Planet,0005E1C6,HeisenbergIIPlanetData,83344,0,2,Inorganic,000083EC,ResInorgCommonWater_L,Water,Common
Heisenberg,Heisenberg II,Planet,0005E1C6,HeisenbergIIPlanetData,83344,0,2,Inorganic,000057D0,ResInorgUncommonFluorine_G,Fluorine,Uncommon
Heisenberg,Heisenberg II,Planet,0005E1C6,HeisenbergIIPlanetData,83344,0,2,Inorganic,000057EC,ResInorgUncommonIridium,Iridium,Uncommon
Heisenberg,Heisenberg II,Planet,0005E1C6,HeisenbergIIPlanetData,83344,0,2,Inorganic,000057C4,ResInorgUncommonTungsten,Tungsten,Uncommon
Heisenberg,Heisenberg II,Planet,0005E1C6,HeisenbergIIPlanetData,83344,0,2,Inorganic,000057D1,ResInorgRareTetrafluorides_G,Tetrafluorides,Rare
Heisenberg,Heisenberg II,Planet,0005E1C6,HeisenbergIIPlanetData,83344,0,2,Organic,00077821,ResOrgCommonFiber,Fiber,Common
Heisenberg,Heisenberg II,Planet,0005E1C6,HeisenbergIIPlanetData,83344,0,2,Organic,00224641,ResOrgCommonMetabolicAgentFaunaHerbivore,MetabolicAgent,Common
Heisenberg,Heisenberg II,Planet,0005E1C6,HeisenbergIIPlanetData,83344,0,2,Organic,000777E6,ResOrgCommonNutrient,Nutrient,Common
Heisenberg,Heisenberg II,Planet,0005E1C6,HeisenbergIIPlanetData,83344,0,2,Organic,00224640,ResOrgCommonNutrientFaunaHerbivore,Nutrient,Common
Heisenberg,Heisenberg II,Planet,0005E1C6,HeisenbergIIPlanetData,83344,0,2,Organic,0007782D,ResOrgCommonSealant,Sealant,Common
Heisenberg,Heisenberg II,Planet,0005E1C6,HeisenbergIIPlanetData,83344,0,2,Organic,000777FA,ResOrgCommonStructural,Structural,Common
Heisenberg,Heisenberg II,Planet,0005E1C6,HeisenbergIIPlanetData,83344,0,2,Organic,0022463E,ResOrgCommonToxinFaunaHerbivore,Toxin,Common
Heisenberg,Heisenberg II,Planet,0005E1C6,HeisenbergIIPlanetData,83344,0,2,Organic,002246D7,ResOrgUncommonAntimicrobialFaunaCarnivore,Antimicrobial,Uncommon
Heisenberg,Heisenberg II,Planet,0005E1C6,HeisenbergIIPlanetData,83344,0,2,Organic,0022462F,ResOrgUncommonPigmentFaunaHerbivore,Pigment,Uncommon
Heisenberg,Heisenberg II,Planet,0005E1C6,HeisenbergIIPlanetData,83344,0,2,Organic,000777FB,ResOrgRareAromatic,Aromatic,Rare
Heisenberg,Heisenberg II,Planet,0005E1C6,HeisenbergIIPlanetData,83344,0,2,Organic,00224634,ResOrgRareAromaticFaunaHerbivore,Aromatic,Rare
Heisenberg,Heisenberg II,Planet,0005E1C6,HeisenbergIIPlanetData,83344,0,2,Organic,00224656,ResOrgExoticPolymerFaunaCarnivore,Polymer,Exotic
Heisenberg,Heisenberg III,Planet,0005E1C7,HeisenbergIIIPlanetData,83344,0,3,Inorganic,000057EA,ResInorgCommonArgon_G,Argon,Common
Heisenberg,Heisenberg III,Planet,0005E1C7,HeisenbergIIIPlanetData,83344,0,3,Inorganic,000057C1,ResInorgCommonLead,Lead,Common
Heisenberg,Heisenberg III,Planet,0005E1C7,HeisenbergIIIPlanetData,83344,0,3,Inorganic,000083EC,ResInorgCommonWater_L,Water,Common
Heisenberg,Heisenberg III,Planet,0005E1C7,HeisenbergIIIPlanetData,83344,0,3,Inorganic,000057C3,ResInorgUncommonSilver,Silver,Uncommon
Heisenberg,Heisenberg IV,Planet,0005E1C8,HeisenbergIVPlanetData,83344,0,4,Inorganic,000057CF,ResInorgCommonCopper,Copper,Common
Heisenberg,Heisenberg IV,Planet,0005E1C8,HeisenbergIVPlanetData,83344,0,4,Inorganic,000057C1,ResInorgCommonLead,Lead,Common
Heisenberg,Heisenberg IV,Planet,0005E1C8,HeisenbergIVPlanetData,83344,0,4,Inorganic,000083EC,ResInorgCommonWater_L,Water,Common
Heisenberg,Heisenberg IV,Planet,0005E1C8,HeisenbergIVPlanetData,83344,0,4,Inorganic,000057D0,ResInorgUncommonFluorine_G,Fluorine,Uncommon
Heisenberg,Heisenberg IV,Planet,0005E1C8,HeisenbergIVPlanetData,83344,0,4,Inorganic,000057C4,ResInorgUncommonTungsten,Tungsten,Uncommon
Heisenberg,Heisenberg IV,Planet,0005E1C8,HeisenbergIVPlanetData,83344,0,4,Inorganic,000057D1,ResInorgRareTetrafluorides_G,Tetrafluorides,Rare
Heisenberg,Heisenberg IX,Planet,0005E1D6,HeisenbergIXPlanetData,83344,0,9,Inorganic,000057D6,ResInorgCommonAluminum,Aluminum,Common
Heisenberg,Heisenberg IX,Planet,0005E1D6,HeisenbergIXPlanetData,83344,0,9,Inorganic,000057F5,ResInorgCommonHelium3_G,Helium3,Common
Heisenberg,Heisenberg IX,Planet,0005E1D6,HeisenbergIXPlanetData,83344,0,9,Inorganic,000057D8,ResInorgUncommonBeryllium,Beryllium,Uncommon
Heisenberg,Heisenberg V,Planet,0005E1C9,HeisenbergVPlanetData,83344,0,5,Inorganic,000057C1,ResInorgCommonLead,Lead,Common
Heisenberg,Heisenberg V,Planet,0005E1C9,HeisenbergVPlanetData,83344,0,5,Inorganic,000057CB,ResInorgCommonNickel,Nickel,Common
Heisenberg,Heisenberg V,Planet,0005E1C9,HeisenbergVPlanetData,83344,0,5,Inorganic,000057EB,ResInorgCommonUranium,Uranium,Common
Heisenberg,Heisenberg V,Planet,0005E1C9,HeisenbergVPlanetData,83344,0,5,Inorganic,000083EC,ResInorgCommonWater_L,Water,Common
Heisenberg,Heisenberg V,Planet,0005E1C9,HeisenbergVPlanetData,83344,0,5,Inorganic,000057CE,ResInorgUncommonCobalt,Cobalt,Uncommon
Heisenberg,Heisenberg V,Planet,0005E1C9,HeisenbergVPlanetData,83344,0,5,Inorganic,000057EC,ResInorgUncommonIridium,Iridium,Uncommon
Heisenberg,Heisenberg V,Planet,0005E1C9,HeisenbergVPlanetData,83344,0,5,Inorganic,000057CC,ResInorgRarePlatinum,Platinum,Rare
Heisenberg,Heisenberg V-a,Moon,0005E1CA,HeisenbergV-aPlanetData,83344,5,12,Inorganic,000057D6,ResInorgCommonAluminum,Aluminum,Common
Heisenberg,Heisenberg V-a,Moon,0005E1CA,HeisenbergV-aPlanetData,83344,5,12,Inorganic,000057EA,ResInorgCommonArgon_G,Argon,Common
Heisenberg,Heisenberg V-a,Moon,0005E1CA,HeisenbergV-aPlanetData,83344,5,12,Inorganic,000057D5,ResInorgCommonChlorine_G,Chlorine,Common
Heisenberg,Heisenberg V-a,Moon,0005E1CA,HeisenbergV-aPlanetData,83344,5,12,Inorganic,000057C7,ResInorgCommonIron,Iron,Common
Heisenberg,Heisenberg V-a,Moon,0005E1CA,HeisenbergV-aPlanetData,83344,5,12,Inorganic,000083EC,ResInorgCommonWater_L,Water,Common
Heisenberg,Heisenberg V-a,Moon,0005E1CA,HeisenbergV-aPlanetData,83344,5,12,Inorganic,000057D8,ResInorgUncommonBeryllium,Beryllium,Uncommon
Heisenberg,Heisenberg V-a,Moon,0005E1CA,HeisenbergV-aPlanetData,83344,5,12,Inorganic,000057D7,ResInorgUncommonChlorosilanes_L,Chlorosilanes,Uncommon
Heisenberg,Heisenberg V-a,Moon,0005E1CA,HeisenbergV-aPlanetData,83344,5,12,Inorganic,000057E8,ResInorgRareCarboxylicAcids_L,CarboxylicAcids,Rare
Heisenberg,Heisenberg V-a,Moon,0005E1CA,HeisenbergV-aPlanetData,83344,5,12,Organic,00077821,ResOrgCommonFiber,Fiber,Common
Heisenberg,Heisenberg V-a,Moon,0005E1CA,HeisenbergV-aPlanetData,83344,5,12,Organic,000777E6,ResOrgCommonNutrient,Nutrient,Common
Heisenberg,Heisenberg V-a,Moon,0005E1CA,HeisenbergV-aPlanetData,83344,5,12,Organic,000777FA,ResOrgCommonStructural,Structural,Common
Heisenberg,Heisenberg VI-a,Moon,0005E1CE,HeisenbergVI-aPlanetData,83344,6,15,Inorganic,000057EA,ResInorgCommonArgon_G,Argon,Common
Heisenberg,Heisenberg VI-a,Moon,0005E1CE,HeisenbergVI-aPlanetData,83344,6,15,Inorganic,000083EC,ResInorgCommonWater_L,Water,Common
Heisenberg,Heisenberg VI-a,Moon,0005E1CE,HeisenbergVI-aPlanetData,83344,6,15,Inorganic,000057E7,ResInorgUncommonBenzene_G,Benzene,Uncommon
Heisenberg,Heisenberg VI-a,Moon,0005E1CE,HeisenbergVI-aPlanetData,83344,6,15,Inorganic,000057E8,ResInorgRareCarboxylicAcids_L,CarboxylicAcids,Rare
Heisenberg,Heisenberg VI-b,Moon,0005E1CC,HeisenbergVI-bPlanetData,83344,6,13,Inorganic,000057D5,ResInorgCommonChlorine_G,Chlorine,Common
Heisenberg,Heisenberg VI-b,Moon,0005E1CC,HeisenbergVI-bPlanetData,83344,6,13,Inorganic,000083EC,ResInorgCommonWater_L,Water,Common
Heisenberg,Heisenberg VI-b,Moon,0005E1CC,HeisenbergVI-bPlanetData,83344,6,13,Inorganic,000057D7,ResInorgUncommonChlorosilanes_L,Chlorosilanes,Uncommon
Heisenberg,Heisenberg VI-b,Moon,0005E1CC,HeisenbergVI-bPlanetData,83344,6,13,Inorganic,000057DA,ResInorgRareLithium,Lithium,Rare
Heisenberg,Heisenberg VI-c,Moon,0005E1CD,HeisenbergVI-cPlanetData,83344,6,14,Inorganic,000057CF,ResInorgCommonCopper,Copper,Common
Heisenberg,Heisenberg VI-c,Moon,0005E1CD,HeisenbergVI-cPlanetData,83344,6,14,Inorganic,000083EC,ResInorgCommonWater_L,Water,Common
Heisenberg,Heisenberg VII-a,Moon,0005E1D0,HeisenbergVII-aPlanetData,83344,7,16,Inorganic,000057D5,ResInorgCommonChlorine_G,Chlorine,Common
Heisenberg,Heisenberg VII-a,Moon,0005E1D0,HeisenbergVII-aPlanetData,83344,7,16,Inorganic,000083EC,ResInorgCommonWater_L,Water,Common
Heisenberg,Heisenberg VIII-a,Moon,0005E1D4,HeisenbergVIII-aPlanetData,83344,8,19,Inorganic,000057D5,ResInorgCommonChlorine_G,Chlorine,Common
Heisenberg,Heisenberg VIII-a,Moon,0005E1D4,HeisenbergVIII-aPlanetData,83344,8,19,Inorganic,000083EC,ResInorgCommonWater_L,Water,Common
Heisenberg,Heisenberg VIII-a,Moon,0005E1D4,HeisenbergVIII-aPlanetData,83344,8,19,Inorganic,000057DA,ResInorgRareLithium,Lithium,Rare
Heisenberg,Heisenberg VIII-b,Moon,0005E1D5,HeisenbergVIII-bPlanetData,83344,8,20,Inorganic,000057C1,ResInorgCommonLead,Lead,Common
Heisenberg,Heisenberg VIII-b,Moon,0005E1D5,HeisenbergVIII-bPlanetData,83344,8,20,Inorganic,000083EC,ResInorgCommonWater_L,Water,Common
Heisenberg,Heisenberg VIII-b,Moon,0005E1D5,HeisenbergVIII-bPlanetData,83344,8,20,Inorganic,000057C4,ResInorgUncommonTungsten,Tungsten,Uncommon
Heisenberg,Heisenberg VIII-b,Moon,0005E1D5,HeisenbergVIII-bPlanetData,83344,8,20,Inorganic,000057C6,ResInorgRareTitanium,Titanium,Rare
Heisenberg,Heisenberg VIII-c,Moon,0005E1D3,HeisenbergVIII-cPlanetData,83344,8,18,Inorganic,000057D5,ResInorgCommonChlorine_G,Chlorine,Common
Heisenberg,Heisenberg VIII-c,Moon,0005E1D3,HeisenbergVIII-cPlanetData,83344,8,18,Inorganic,000057C7,ResInorgCommonIron,Iron,Common
Heisenberg,Heisenberg VIII-c,Moon,0005E1D3,HeisenbergVIII-cPlanetData,83344,8,18,Inorganic,000057CB,ResInorgCommonNickel,Nickel,Common
Heisenberg,Heisenberg VIII-c,Moon,0005E1D3,HeisenbergVIII-cPlanetData,83344,8,18,Inorganic,000083EC,ResInorgCommonWater_L,Water,Common
Heisenberg,Heisenberg VIII-c,Moon,0005E1D3,HeisenbergVIII-cPlanetData,83344,8,18,Inorganic,000057C9,ResInorgUncommonAlkanes_G,Alkanes,Uncommon
Heisenberg,Heisenberg VIII-c,Moon,0005E1D3,HeisenbergVIII-cPlanetData,83344,8,18,Inorganic,000057D7,ResInorgUncommonChlorosilanes_L,Chlorosilanes,Uncommon
Heisenberg,Heisenberg VIII-d,Moon,0005E1D2,HeisenbergVIII-dPlanetData,83344,8,17,Inorganic,000057C1,ResInorgCommonLead,Lead,Common
Heisenberg,Heisenberg VIII-d,Moon,0005E1D2,HeisenbergVIII-dPlanetData,83344,8,17,Inorganic,000083EC,ResInorgCommonWater_L,Water,Common
Heisenberg,Heisenberg X,Planet,0005E1D7,HeisenbergXPlanetData,83344,0,10,Inorganic,000057CF,ResInorgCommonCopper,Copper,Common
Heisenberg,Heisenberg X,Planet,0005E1D7,HeisenbergXPlanetData,83344,0,10,Inorganic,000083EC,ResInorgCommonWater_L,Water,Common
Heisenberg,Heisenberg X,Planet,0005E1D7,HeisenbergXPlanetData,83344,0,10,Inorganic,000057D0,ResInorgUncommonFluorine_G,Fluorine,Uncommon
Heisenberg,Heisenberg X,Planet,0005E1D7,HeisenbergXPlanetData,83344,0,10,Inorganic,000057D2,ResInorgRareGold,Gold,Rare
Huygens,Huygens I,Planet,0005DE02,HuygensIPlanetData,73082,0,1,Inorganic,000057F5,ResInorgCommonHelium3_G,Helium3,Common
Huygens,Huygens I,Planet,0005DE02,HuygensIPlanetData,73082,0,1,Inorganic,000057C7,ResInorgCommonIron,Iron,Common
Huygens,Huygens I-a,Moon,0005DE03,HuygensI-aPlanetData,73082,1,10,Inorganic,000057D6,ResInorgCommonAluminum,Aluminum,Common
Huygens,Huygens I-a,Moon,0005DE03,HuygensI-aPlanetData,73082,1,10,Inorganic,000057F5,ResInorgCommonHelium3_G,Helium3,Common
Huygens,Huygens I-a,Moon,0005DE03,HuygensI-aPlanetData,73082,1,10,Inorganic,000057D8,ResInorgUncommonBeryllium,Beryllium,Uncommon
Huygens,Huygens II,Planet,0005DE0A,HuygensIIPlanetData,73082,0,2,Inorganic,000057D5,ResInorgCommonChlorine_G,Chlorine,Common
Huygens,Huygens II,Planet,0005DE0A,HuygensIIPlanetData,73082,0,2,Inorganic,000057C7,ResInorgCommonIron,Iron,Common
Huygens,Huygens II,Planet,0005DE0A,HuygensIIPlanetData,73082,0,2,Inorganic,000057EB,ResInorgCommonUranium,Uranium,Common
Huygens,Huygens II,Planet,0005DE0A,HuygensIIPlanetData,73082,0,2,Inorganic,000057EC,ResInorgUncommonIridium,Iridium,Uncommon
Huygens,Huygens II,Planet,0005DE0A,HuygensIIPlanetData,73082,0,2,Inorganic,000057ED,ResInorgRareVanadium,Vanadium,Rare
Huygens,Huygens II,Planet,0005DE0A,HuygensIIPlanetData,73082,0,2,Inorganic,000057DC,ResInorgExoticXenon_G,Xenon,Exotic
Huygens,Huygens II-a,Moon,0005DE0B,HuygensII-aPlanetData,73082,2,12,Inorganic,000057D6,ResInorgCommonAluminum,Aluminum,Common
Huygens,Huygens II-a,Moon,0005DE0B,HuygensII-aPlanetData,73082,2,12,Inorganic,000057F5,ResInorgCommonHelium3_G,Helium3,Common
Huygens,Huygens II-a,Moon,0005DE0B,HuygensII-aPlanetData,73082,2,12,Inorganic,000057D8,ResInorgUncommonBeryllium,Beryllium,Uncommon
Huygens,Huygens II-b,Moon,0005DE0C,HuygensII-bPlanetData,73082,2,13,Inorganic,000057D6,ResInorgCommonAluminum,Aluminum,Common
Huygens,Huygens II-b,Moon,0005DE0C,HuygensII-bPlanetData,73082,2,13,Inorganic,000057F5,ResInorgCommonHelium3_G,Helium3,Common
Huygens,Huygens III,Planet,0005DE0D,HuygensIIIPlanetData,73082,0,3,Inorganic,000057D5,ResInorgCommonChlorine_G,Chlorine,Common
Huygens,Huygens III,Planet,0005DE0D,HuygensIIIPlanetData,73082,0,3,Inorganic,000057CF,ResInorgCommonCopper,Copper,Common
Huygens,Huygens III,Planet,0005DE0D,HuygensIIIPlanetData,73082,0,3,Inorganic,000057C1,ResInorgCommonLead,Lead,Common
Huygens,Huygens III,Planet,0005DE0D,HuygensIIIPlanetData,73082,0,3,Inorganic,000083EC,ResInorgCommonWater_L,Water,Common
Huygens,Huygens III,Planet,0005DE0D,HuygensIIIPlanetData,73082,0,3,Inorganic,000057D0,ResInorgUncommonFluorine_G,Fluorine,Uncommon
Huygens,Huygens III,Planet,0005DE0D,HuygensIIIPlanetData,73082,0,3,Inorganic,000057E0,ResInorgExoticCaesium_L,Caesium,Exotic
Huygens,Huygens III,Planet,0005DE0D,HuygensIIIPlanetData,73082,0,3,Organic,00224641,ResOrgCommonMetabolicAgentFaunaHerbivore,MetabolicAgent,Common
Huygens,Huygens III,Planet,0005DE0D,HuygensIIIPlanetData,73082,0,3,Organic,000777E6,ResOrgCommonNutrient,Nutrient,Common
Huygens,Huygens III,Planet,0005DE0D,HuygensIIIPlanetData,73082,0,3,Organic,00224640,ResOrgCommonNutrientFaunaHerbivore,Nutrient,Common
Huygens,Huygens III,Planet,0005DE0D,HuygensIIIPlanetData,73082,0,3,Organic,0007782D,ResOrgCommonSealant,Sealant,Common
Huygens,Huygens III,Planet,0005DE0D,HuygensIIIPlanetData,73082,0,3,Organic,0022462E,ResOrgCommonSealantFaunaHerbivore,Sealant,Common
Huygens,Huygens III,Planet,0005DE0D,HuygensIIIPlanetData,73082,0,3,Organic,000777FA,ResOrgCommonStructural,Structural,Common
Huygens,Huygens III,Planet,0005DE0D,HuygensIIIPlanetData,73082,0,3,Organic,00077823,ResOrgCommonToxin,Toxin,Common
Huygens,Huygens III,Planet,0005DE0D,HuygensIIIPlanetData,73082,0,3,Organic,00224631,ResOrgUncommonCosmeticFaunaHerbivore,Cosmetic,Uncommon
Huygens,Huygens III,Planet,0005DE0D,HuygensIIIPlanetData,73082,0,3,Organic,00224630,ResOrgUncommonMembraneFaunaHerbivore,Membrane,Uncommon
Huygens,Huygens III,Planet,0005DE0D,HuygensIIIPlanetData,73082,0,3,Organic,0022462F,ResOrgUncommonPigmentFaunaHerbivore,Pigment,Uncommon
Huygens,Huygens III,Planet,0005DE0D,HuygensIIIPlanetData,73082,0,3,Organic,0022464A,ResOrgUncommonSpiceFaunaCarnivore,Spice,Uncommon
Huygens,Huygens III,Planet,0005DE0D,HuygensIIIPlanetData,73082,0,3,Organic,0029F403,ResOrgRareHallucinogen,Hallucinogen,Rare
Huygens,Huygens III,Planet,0005DE0D,HuygensIIIPlanetData,73082,0,3,Organic,00224650,ResOrgRareHallucinogenFaunaCarnivore,Hallucinogen,Rare
Huygens,Huygens III,Planet,0005DE0D,HuygensIIIPlanetData,73082,0,3,Organic,00224658,ResOrgExoticLubricantFaunaCarnivore,Lubricant,Exotic
Huygens,Huygens IV,Planet,0005DE0E,HuygensIVPlanetData,73082,0,4,Inorganic,000057EA,ResInorgCommonArgon_G,Argon,Common
Huygens,Huygens IV,Planet,0005DE0E,HuygensIVPlanetData,73082,0,4,Inorganic,000057CB,ResInorgCommonNickel,Nickel,Common
Huygens,Huygens IV,Planet,0005DE0E,HuygensIVPlanetData,73082,0,4,Inorganic,000083EC,ResInorgCommonWater_L,Water,Common
Huygens,Huygens IV,Planet,0005DE0E,HuygensIVPlanetData,73082,0,4,Organic,00077821,ResOrgCommonFiber,Fiber,Common
Huygens,Huygens IV,Planet,0005DE0E,HuygensIVPlanetData,73082,0,4,Organic,000777E6,ResOrgCommonNutrient,Nutrient,Common
Huygens,Huygens IV,Planet,0005DE0E,HuygensIVPlanetData,73082,0,4,Organic,00224640,ResOrgCommonNutrientFaunaHerbivore,Nutrient,Common
Huygens,Huygens IV,Planet,0005DE0E,HuygensIVPlanetData,73082,0,4,Organic,0022463E,ResOrgCommonToxinFaunaHerbivore,Toxin,Common
Huygens,Huygens IV,Planet,0005DE0E,HuygensIVPlanetData,73082,0,4,Organic,0022464E,ResOrgUncommonCosmeticFaunaCarnivore,Cosmetic,Uncommon
Huygens,Huygens IV,Planet,0005DE0E,HuygensIVPlanetData,73082,0,4,Organic,0007782B,ResOrgRareSedative,Sedative,Rare
Huygens,Huygens IV,Planet,0005DE0E,HuygensIVPlanetData,73082,0,4,Organic,00224632,ResOrgRareSedativeFaunaHerbivore,Sedative,Rare
Huygens,Huygens V-a,Moon,0005DE10,HuygensV-aPlanetData,73082,5,15,Inorganic,000057EA,ResInorgCommonArgon_G,Argon,Common
Huygens,Huygens V-a,Moon,0005DE10,HuygensV-aPlanetData,73082,5,15,Inorganic,000083EC,ResInorgCommonWater_L,Water,Common
Huygens,Huygens V-a,Moon,0005DE10,HuygensV-aPlanetData,73082,5,15,Inorganic,000057E7,ResInorgUncommonBenzene_G,Benzene,Uncommon
Huygens,Huygens V-a,Moon,0005DE10,HuygensV-aPlanetData,73082,5,15,Inorganic,000057E8,ResInorgRareCarboxylicAcids_L,CarboxylicAcids,Rare
Huygens,Huygens V-b,Moon,0005DE11,HuygensV-bPlanetData,73082,5,16,Inorganic,000057EA,ResInorgCommonArgon_G,Argon,Common
Huygens,Huygens V-b,Moon,0005DE11,HuygensV-bPlanetData,73082,5,16,Inorganic,000083EC,ResInorgCommonWater_L,Water,Common
Huygens,Huygens V-b,Moon,0005DE11,HuygensV-bPlanetData,73082,5,16,Inorganic,000057E7,ResInorgUncommonBenzene_G,Benzene,Uncommon
Huygens,Huygens V-b,Moon,0005DE11,HuygensV-bPlanetData,73082,5,16,Inorganic,000057E9,ResInorgExoticNeon_G,Neon,Exotic
Huygens,Huygens VI,Planet,0005DE12,HuygensVIPlanetData,73082,0,6,Inorganic,000057D5,ResInorgCommonChlorine_G,Chlorine,Common
Huygens,Huygens VI,Planet,0005DE12,HuygensVIPlanetData,73082,0,6,Inorganic,000057C1,ResInorgCommonLead,Lead,Common
Huygens,Huygens VI,Planet,0005DE12,HuygensVIPlanetData,73082,0,6,Inorganic,000057CB,ResInorgCommonNickel,Nickel,Common
Huygens,Huygens VI,Planet,0005DE12,HuygensVIPlanetData,73082,0,6,Inorganic,000083EC,ResInorgCommonWater_L,Water,Common
Huygens,Huygens VI,Planet,0005DE12,HuygensVIPlanetData,73082,0,6,Inorganic,000057CE,ResInorgUncommonCobalt,Cobalt,Uncommon
Huygens,Huygens VI,Planet,0005DE12,HuygensVIPlanetData,73082,0,6,Inorganic,0027C499,ResInorgRareMercury_L,Mercury,Rare
Huygens,Huygens VI-a,Moon,0005DE13,HuygensVI-aPlanetData,73082,6,14,Inorganic,000057C1,ResInorgCommonLead,Lead,Common
Huygens,Huygens VI-a,Moon,0005DE13,HuygensVI-aPlanetData,73082,6,14,Inorganic,000057EB,ResInorgCommonUranium,Uranium,Common
Huygens,Huygens VI-a,Moon,0005DE13,HuygensVI-aPlanetData,73082,6,14,Inorganic,000057C4,ResInorgUncommonTungsten,Tungsten,Uncommon
Huygens,Huygens VI-a,Moon,0005DE13,HuygensVI-aPlanetData,73082,6,14,Inorganic,000057ED,ResInorgRareVanadium,Vanadium,Rare
Huygens,Huygens VI-a,Moon,0005DE13,HuygensVI-aPlanetData,73082,6,14,Inorganic,000057EE,ResInorgExoticPlutonium,Plutonium,Exotic
Huygens,Huygens VII-a,Moon,0005DE16,HuygensVII-aPlanetData,73082,7,18,Inorganic,000057D5,ResInorgCommonChlorine_G,Chlorine,Common
Huygens,Huygens VII-a,Moon,0005DE16,HuygensVII-aPlanetData,73082,7,18,Inorganic,000057CB,ResInorgCommonNickel,Nickel,Common
Huygens,Huygens VII-a,Moon,0005DE16,HuygensVII-aPlanetData,73082,7,18,Inorganic,000057EB,ResInorgCommonUranium,Uranium,Common
Huygens,Huygens VII-a,Moon,0005DE16,HuygensVII-aPlanetData,73082,7,18,Inorganic,000083EC,ResInorgCommonWater_L,Water,Common
Huygens,Huygens VII-a,Moon,0005DE16,HuygensVII-aPlanetData,73082,7,18,Inorganic,000057CE,ResInorgUncommonCobalt,Cobalt,Uncommon
Huygens,Huygens VII-a,Moon,0005DE16,HuygensVII-aPlanetData,73082,7,18,Inorganic,000057EC,ResInorgUncommonIridium,Iridium,Uncommon
Huygens,Huygens VII-a,Moon,0005DE16,HuygensVII-aPlanetData,73082,7,18,Inorganic,00005DF6,ResInorgUniqueTasine_L,Tasine,Unique
Huygens,Huygens VII-b,Moon,0005DE15,HuygensVII-bPlanetData,73082,7,17,Inorganic,000057EB,ResInorgCommonUranium,Uranium,Common
Huygens,Huygens VII-b,Moon,0005DE15,HuygensVII-bPlanetData,73082,7,17,Inorganic,000083EC,ResInorgCommonWater_L,Water,Common
Huygens,Huygens VII-b,Moon,0005DE15,HuygensVII-bPlanetData,73082,7,17,Inorganic,000057EC,ResInorgUncommonIridium,Iridium,Uncommon
Huygens,Huygens VII-b,Moon,0005DE15,HuygensVII-bPlanetData,73082,7,17,Organic,00077821,ResOrgCommonFiber,Fiber,Common
Huygens,Huygens VII-b,Moon,0005DE15,HuygensVII-bPlanetData,73082,7,17,Organic,0029F3FD,ResOrgCommonMetabolicAgent,MetabolicAgent,Common
Huygens,Huygens VII-b,Moon,0005DE15,HuygensVII-bPlanetData,73082,7,17,Organic,00224640,ResOrgCommonNutrientFaunaHerbivore,Nutrient,Common
Huygens,Huygens VII-b,Moon,0005DE15,HuygensVII-bPlanetData,73082,7,17,Organic,0022462E,ResOrgCommonSealantFaunaHerbivore,Sealant,Common
Huygens,Huygens VII-b,Moon,0005DE15,HuygensVII-bPlanetData,73082,7,17,Organic,000777FA,ResOrgCommonStructural,Structural,Common
Huygens,Huygens VII-b,Moon,0005DE15,HuygensVII-bPlanetData,73082,7,17,Organic,00224657,ResOrgExoticStimulantFaunaCarnivore,Stimulant,Exotic
Huygens,Huygens VII-b,Moon,0005DE15,HuygensVII-bPlanetData,73082,7,17,Organic,0022463A,ResOrgExoticStimulantFaunaHerbivore,Stimulant,Exotic
Huygens,Huygens VII-c,Moon,0005DE17,HuygensVII-cPlanetData,73082,7,19,Inorganic,000057D6,ResInorgCommonAluminum,Aluminum,Common
Huygens,Huygens VII-c,Moon,0005DE17,HuygensVII-cPlanetData,73082,7,19,Inorganic,000057F5,ResInorgCommonHelium3_G,Helium3,Common
Huygens,Huygens VII-c,Moon,0005DE17,HuygensVII-cPlanetData,73082,7,19,Inorganic,000057DB,ResInorgRareNeodymium,Neodymium,Rare
Huygens,Huygens VII-d,Moon,0005DE19,HuygensVII-dPlanetData,73082,7,21,Inorganic,000057D5,ResInorgCommonChlorine_G,Chlorine,Common
Huygens,Huygens VII-d,Moon,0005DE19,HuygensVII-dPlanetData,73082,7,21,Inorganic,000083EC,ResInorgCommonWater_L,Water,Common
Huygens,Huygens VII-d,Moon,0005DE19,HuygensVII-dPlanetData,73082,7,21,Inorganic,000057D7,ResInorgUncommonChlorosilanes_L,Chlorosilanes,Uncommon
Huygens,Huygens VII-d,Moon,0005DE19,HuygensVII-dPlanetData,73082,7,21,Inorganic,000057DA,ResInorgRareLithium,Lithium,Rare
Huygens,Huygens VII-e,Moon,0005DE18,HuygensVII-ePlanetData,73082,7,20,Inorganic,000057CF,ResInorgCommonCopper,Copper,Common
Huygens,Huygens VII-e,Moon,0005DE18,HuygensVII-ePlanetData,73082,7,20,Inorganic,000083EC,ResInorgCommonWater_L,Water,Common
Huygens,Huygens VIII,Planet,0005DE1A,HuygensVIIIPlanetData,73082,0,8,Inorganic,000057D5,ResInorgCommonChlorine_G,Chlorine,Common
Huygens,Huygens VIII,Planet,0005DE1A,HuygensVIIIPlanetData,73082,0,8,Inorganic,000057C1,ResInorgCommonLead,Lead,Common
Huygens,Huygens VIII,Planet,0005DE1A,HuygensVIIIPlanetData,73082,0,8,Inorganic,000083EC,ResInorgCommonWater_L,Water,Common
Huygens,Huygens VIII,Planet,0005DE1A,HuygensVIIIPlanetData,73082,0,8,Inorganic,000057D7,ResInorgUncommonChlorosilanes_L,Chlorosilanes,Uncommon
Huygens,Huygens VIII,Planet,0005DE1A,HuygensVIIIPlanetData,73082,0,8,Inorganic,000057C4,ResInorgUncommonTungsten,Tungsten,Uncommon
Hyla,Hyla I,Planet,0005E31B,HylaIPlanetData,70096,0,1,Inorganic,000057C7,ResInorgCommonIron,Iron,Common
Hyla,Hyla I,Planet,0005E31B,HylaIPlanetData,70096,0,1,Inorganic,000057C1,ResInorgCommonLead,Lead,Common
Hyla,Hyla I,Planet,0005E31B,HylaIPlanetData,70096,0,1,Inorganic,000057EB,ResInorgCommonUranium,Uranium,Common
Hyla,Hyla I,Planet,0005E31B,HylaIPlanetData,70096,0,1,Inorganic,000057C9,ResInorgUncommonAlkanes_G,Alkanes,Uncommon
Hyla,Hyla I,Planet,0005E31B,HylaIPlanetData,70096,0,1,Inorganic,000057EC,ResInorgUncommonIridium,Iridium,Uncommon
Hyla,Hyla I,Planet,0005E31B,HylaIPlanetData,70096,0,1,Inorganic,0027C499,ResInorgRareMercury_L,Mercury,Rare
Hyla,Hyla I,Planet,0005E31B,HylaIPlanetData,70096,0,1,Organic,00077821,ResOrgCommonFiber,Fiber,Common
Hyla,Hyla I,Planet,0005E31B,HylaIPlanetData,70096,0,1,Organic,000777E6,ResOrgCommonNutrient,Nutrient,Common
Hyla,Hyla I,Planet,0005E31B,HylaIPlanetData,70096,0,1,Organic,0007782D,ResOrgCommonSealant,Sealant,Common
Hyla,Hyla I,Planet,0005E31B,HylaIPlanetData,70096,0,1,Organic,000777FA,ResOrgCommonStructural,Structural,Common
Hyla,Hyla I-a,Moon,0005E31C,HylaI-aPlanetData,70096,1,10,Inorganic,000057D6,ResInorgCommonAluminum,Aluminum,Common
Hyla,Hyla I-a,Moon,0005E31C,HylaI-aPlanetData,70096,1,10,Inorganic,000057F5,ResInorgCommonHelium3_G,Helium3,Common
Hyla,Hyla I-a,Moon,0005E31C,HylaI-aPlanetData,70096,1,10,Inorganic,000057D8,ResInorgUncommonBeryllium,Beryllium,Uncommon
Hyla,Hyla I-a,Moon,0005E31C,HylaI-aPlanetData,70096,1,10,Inorganic,000057DB,ResInorgRareNeodymium,Neodymium,Rare
Hyla,Hyla II,Planet,0005E31D,HylaIIPlanetData,70096,0,2,Inorganic,000057D6,ResInorgCommonAluminum,Aluminum,Common
Hyla,Hyla II,Planet,0005E31D,HylaIIPlanetData,70096,0,2,Inorganic,000057EA,ResInorgCommonArgon_G,Argon,Common
Hyla,Hyla II,Planet,0005E31D,HylaIIPlanetData,70096,0,2,Inorganic,000057C1,ResInorgCommonLead,Lead,Common
Hyla,Hyla II,Planet,0005E31D,HylaIIPlanetData,70096,0,2,Inorganic,000083EC,ResInorgCommonWater_L,Water,Common
Hyla,Hyla II,Planet,0005E31D,HylaIIPlanetData,70096,0,2,Inorganic,000057D8,ResInorgUncommonBeryllium,Beryllium,Uncommon
Hyla,Hyla II,Planet,0005E31D,HylaIIPlanetData,70096,0,2,Inorganic,000057C3,ResInorgUncommonSilver,Silver,Uncommon
Hyla,Hyla II,Planet,0005E31D,HylaIIPlanetData,70096,0,2,Inorganic,000057E8,ResInorgRareCarboxylicAcids_L,CarboxylicAcids,Rare
Hyla,Hyla II,Planet,0005E31D,HylaIIPlanetData,70096,0,2,Organic,00077821,ResOrgCommonFiber,Fiber,Common
Hyla,Hyla II,Planet,0005E31D,HylaIIPlanetData,70096,0,2,Organic,00224642,ResOrgCommonFiberFaunaHerbivore,Fiber,Common
Hyla,Hyla II,Planet,0005E31D,HylaIIPlanetData,70096,0,2,Organic,0029F3FD,ResOrgCommonMetabolicAgent,MetabolicAgent,Common
Hyla,Hyla II,Planet,0005E31D,HylaIIPlanetData,70096,0,2,Organic,00224641,ResOrgCommonMetabolicAgentFaunaHerbivore,MetabolicAgent,Common
Hyla,Hyla II,Planet,0005E31D,HylaIIPlanetData,70096,0,2,Organic,000777E6,ResOrgCommonNutrient,Nutrient,Common
Hyla,Hyla II,Planet,0005E31D,HylaIIPlanetData,70096,0,2,Organic,0007782D,ResOrgCommonSealant,Sealant,Common
Hyla,Hyla II,Planet,0005E31D,HylaIIPlanetData,70096,0,2,Organic,0022462E,ResOrgCommonSealantFaunaHerbivore,Sealant,Common
Hyla,Hyla II,Planet,0005E31D,HylaIIPlanetData,70096,0,2,Organic,000777FA,ResOrgCommonStructural,Structural,Common
Hyla,Hyla II,Planet,0005E31D,HylaIIPlanetData,70096,0,2,Organic,0022462C,ResOrgCommonStructuralFaunaHerbivore,Structural,Common
Hyla,Hyla II,Planet,0005E31D,HylaIIPlanetData,70096,0,2,Organic,00077823,ResOrgCommonToxin,Toxin,Common
Hyla,Hyla II,Planet,0005E31D,HylaIIPlanetData,70096,0,2,Organic,0022463E,ResOrgCommonToxinFaunaHerbivore,Toxin,Common
Hyla,Hyla II,Planet,0005E31D,HylaIIPlanetData,70096,0,2,Organic,0022464E,ResOrgUncommonCosmeticFaunaCarnivore,Cosmetic,Uncommon
Hyla,Hyla II,Planet,0005E31D,HylaIIPlanetData,70096,0,2,Organic,0007782E,ResOrgUncommonSpice,Spice,Uncommon
Hyla,Hyla II,Planet,0005E31D,HylaIIPlanetData,70096,0,2,Organic,000777FB,ResOrgRareAromatic,Aromatic,Rare
Hyla,Hyla II,Planet,0005E31D,HylaIIPlanetData,70096,0,2,Organic,00224651,ResOrgRareAromaticFaunaCarnivore,Aromatic,Rare
Hyla,Hyla II,Planet,0005E31D,HylaIIPlanetData,70096,0,2,Organic,0022463D,ResOrgExoticBiosuppressantFaunaHerbivore,Biosuppressant,Exotic
Hyla,Hyla II-a,Moon,0005E31E,HylaII-aPlanetData,70096,2,13,Inorganic,000057D6,ResInorgCommonAluminum,Aluminum,Common
Hyla,Hyla II-a,Moon,0005E31E,HylaII-aPlanetData,70096,2,13,Inorganic,000057F5,ResInorgCommonHelium3_G,Helium3,Common
Hyla,Hyla II-a,Moon,0005E31E,HylaII-aPlanetData,70096,2,13,Inorganic,000057E2,ResInorgExoticEuropium,Europium,Exotic
Hyla,Hyla III,Planet,0005E320,HylaIIIPlanetData,70096,0,3,Inorganic,000057D6,ResInorgCommonAluminum,Aluminum,Common
Hyla,Hyla III,Planet,0005E320,HylaIIIPlanetData,70096,0,3,Inorganic,000057F5,ResInorgCommonHelium3_G,Helium3,Common
Hyla,Hyla III,Planet,0005E320,HylaIIIPlanetData,70096,0,3,Inorganic,000057C1,ResInorgCommonLead,Lead,Common
Hyla,Hyla III,Planet,0005E320,HylaIIIPlanetData,70096,0,3,Inorganic,000083EC,ResInorgCommonWater_L,Water,Common
Hyla,Hyla III,Planet,0005E320,HylaIIIPlanetData,70096,0,3,Inorganic,000057D8,ResInorgUncommonBeryllium,Beryllium,Uncommon
Hyla,Hyla III,Planet,0005E320,HylaIIIPlanetData,70096,0,3,Inorganic,0027C499,ResInorgRareMercury_L,Mercury,Rare
Hyla,Hyla III,Planet,0005E320,HylaIIIPlanetData,70096,0,3,Inorganic,000057DB,ResInorgRareNeodymium,Neodymium,Rare
Hyla,Hyla IV-a,Moon,0005E323,HylaIV-aPlanetData,70096,4,15,Inorganic,000057CB,ResInorgCommonNickel,Nickel,Common
Hyla,Hyla IV-a,Moon,0005E323,HylaIV-aPlanetData,70096,4,15,Inorganic,000083EC,ResInorgCommonWater_L,Water,Common
Hyla,Hyla IV-a,Moon,0005E323,HylaIV-aPlanetData,70096,4,15,Inorganic,000057CC,ResInorgRarePlatinum,Platinum,Rare
Hyla,Hyla IV-b,Moon,0005E322,HylaIV-bPlanetData,70096,4,14,Inorganic,000057EA,ResInorgCommonArgon_G,Argon,Common
Hyla,Hyla IV-b,Moon,0005E322,HylaIV-bPlanetData,70096,4,14,Inorganic,000083EC,ResInorgCommonWater_L,Water,Common
Hyla,Hyla IV-b,Moon,0005E322,HylaIV-bPlanetData,70096,4,14,Inorganic,000057E7,ResInorgUncommonBenzene_G,Benzene,Uncommon
Hyla,Hyla V,Planet,0005E324,HylaVPlanetData,70096,0,5,Inorganic,000057D6,ResInorgCommonAluminum,Aluminum,Common
Hyla,Hyla V,Planet,0005E324,HylaVPlanetData,70096,0,5,Inorganic,000057F5,ResInorgCommonHelium3_G,Helium3,Common
Hyla,Hyla V,Planet,0005E324,HylaVPlanetData,70096,0,5,Inorganic,000057C1,ResInorgCommonLead,Lead,Common
Hyla,Hyla V,Planet,0005E324,HylaVPlanetData,70096,0,5,Inorganic,000083EC,ResInorgCommonWater_L,Water,Common
Hyla,Hyla V,Planet,0005E324,HylaVPlanetData,70096,0,5,Inorganic,000057C3,ResInorgUncommonSilver,Silver,Uncommon
Hyla,Hyla V,Planet,0005E324,HylaVPlanetData,70096,0,5,Inorganic,0027C499,ResInorgRareMercury_L,Mercury,Rare
Hyla,Hyla V,Planet,0005E324,HylaVPlanetData,70096,0,5,Inorganic,000057DB,ResInorgRareNeodymium,Neodymium,Rare
Hyla,Hyla V-a,Moon,0005E325,HylaV-aPlanetData,70096,5,12,Inorganic,000057EA,ResInorgCommonArgon_G,Argon,Common
Hyla,Hyla V-a,Moon,0005E325,HylaV-aPlanetData,70096,5,12,Inorganic,000057C7,ResInorgCommonIron,Iron,Common
Hyla,Hyla V-a,Moon,0005E325,HylaV-aPlanetData,70096,5,12,Inorganic,000057EB,ResInorgCommonUranium,Uranium,Common
Hyla,Hyla V-a,Moon,0005E325,HylaV-aPlanetData,70096,5,12,Inorganic,000083EC,ResInorgCommonWater_L,Water,Common
Hyla,Hyla V-a,Moon,0005E325,HylaV-aPlanetData,70096,5,12,Inorganic,000057C8,ResInorgRareTantalum,Tantalum,Rare
Hyla,Hyla V-a,Moon,0005E325,HylaV-aPlanetData,70096,5,12,Inorganic,000057ED,ResInorgRareVanadium,Vanadium,Rare
Hyla,Hyla V-a,Moon,0005E325,HylaV-aPlanetData,70096,5,12,Inorganic,000057E9,ResInorgExoticNeon_G,Neon,Exotic
Hyla,Hyla VI-a,Moon,0005E327,HylaVI-aPlanetData,70096,6,16,Inorganic,000057CF,ResInorgCommonCopper,Copper,Common
Hyla,Hyla VI-a,Moon,0005E327,HylaVI-aPlanetData,70096,6,16,Inorganic,000083EC,ResInorgCommonWater_L,Water,Common
Hyla,Hyla VI-b,Moon,0005E328,HylaVI-bPlanetData,70096,6,17,Inorganic,000057CF,ResInorgCommonCopper,Copper,Common
Hyla,Hyla VI-b,Moon,0005E328,HylaVI-bPlanetData,70096,6,17,Inorganic,000083EC,ResInorgCommonWater_L,Water,Common
Hyla,Hyla VII-a,Moon,0005E32A,HylaVII-aPlanetData,70096,7,18,Inorganic,000057D5,ResInorgCommonChlorine_G,Chlorine,Common
Hyla,Hyla VII-a,Moon,0005E32A,HylaVII-aPlanetData,70096,7,18,Inorganic,000057C1,ResInorgCommonLead,Lead,Common
Hyla,Hyla VII-a,Moon,0005E32A,HylaVII-aPlanetData,70096,7,18,Inorganic,000083EC,ResInorgCommonWater_L,Water,Common
Hyla,Hyla VII-a,Moon,0005E32A,HylaVII-aPlanetData,70096,7,18,Inorganic,000057C4,ResInorgUncommonTungsten,Tungsten,Uncommon
Hyla,Hyla VII-a,Moon,0005E32A,HylaVII-aPlanetData,70096,7,18,Inorganic,000057DA,ResInorgRareLithium,Lithium,Rare
Hyla,Hyla VII-a,Moon,0005E32A,HylaVII-aPlanetData,70096,7,18,Inorganic,000057C6,ResInorgRareTitanium,Titanium,Rare
Hyla,Hyla VIII-a,Moon,0005E330,HylaVIII-aPlanetData,70096,8,23,Inorganic,000057CF,ResInorgCommonCopper,Copper,Common
Hyla,Hyla VIII-a,Moon,0005E330,HylaVIII-aPlanetData,70096,8,23,Inorganic,000083EC,ResInorgCommonWater_L,Water,Common
Hyla,Hyla VIII-a,Moon,0005E330,HylaVIII-aPlanetData,70096,8,23,Inorganic,000057D1,ResInorgRareTetrafluorides_G,Tetrafluorides,Rare
Hyla,Hyla VIII-a,Moon,0005E330,HylaVIII-aPlanetData,70096,8,23,Inorganic,000057D4,ResInorgExoticIonicLiquids_L,IonicLiquids,Exotic
Hyla,Hyla VIII-b,Moon,0005E32C,HylaVIII-bPlanetData,70096,8,19,Inorganic,000057D5,ResInorgCommonChlorine_G,Chlorine,Common
Hyla,Hyla VIII-b,Moon,0005E32C,HylaVIII-bPlanetData,70096,8,19,Inorganic,000083EC,ResInorgCommonWater_L,Water,Common
Hyla,Hyla VIII-b,Moon,0005E32C,HylaVIII-bPlanetData,70096,8,19,Inorganic,000057D7,ResInorgUncommonChlorosilanes_L,Chlorosilanes,Uncommon
Hyla,Hyla VIII-b,Moon,0005E32C,HylaVIII-bPlanetData,70096,8,19,Inorganic,000057E0,ResInorgExoticCaesium_L,Caesium,Exotic
Hyla,Hyla VIII-c,Moon,0005E32E,HylaVIII-cPlanetData,70096,8,21,Inorganic,000057D5,ResInorgCommonChlorine_G,Chlorine,Common
Hyla,Hyla VIII-c,Moon,0005E32E,HylaVIII-cPlanetData,70096,8,21,Inorganic,000083EC,ResInorgCommonWater_L,Water,Common
Hyla,Hyla VIII-c,Moon,0005E32E,HylaVIII-cPlanetData,70096,8,21,Inorganic,000057D7,ResInorgUncommonChlorosilanes_L,Chlorosilanes,Uncommon
Hyla,Hyla VIII-d,Moon,0005E32D,HylaVIII-dPlanetData,70096,8,20,Inorganic,000057D5,ResInorgCommonChlorine_G,Chlorine,Common
Hyla,Hyla VIII-d,Moon,0005E32D,HylaVIII-dPlanetData,70096,8,20,Inorganic,000057CF,ResInorgCommonCopper,Copper,Common
Hyla,Hyla VIII-d,Moon,0005E32D,HylaVIII-dPlanetData,70096,8,20,Inorganic,000057CB,ResInorgCommonNickel,Nickel,Common
Hyla,Hyla VIII-d,Moon,0005E32D,HylaVIII-dPlanetData,70096,8,20,Inorganic,000057EB,ResInorgCommonUranium,Uranium,Common
Hyla,Hyla VIII-d,Moon,0005E32D,HylaVIII-dPlanetData,70096,8,20,Inorganic,000083EC,ResInorgCommonWater_L,Water,Common
Hyla,Hyla VIII-d,Moon,0005E32D,HylaVIII-dPlanetData,70096,8,20,Inorganic,000057D0,ResInorgUncommonFluorine_G,Fluorine,Uncommon
Hyla,Hyla VIII-d,Moon,0005E32D,HylaVIII-dPlanetData,70096,8,20,Inorganic,000057EC,ResInorgUncommonIridium,Iridium,Uncommon
Hyla,Hyla VIII-d,Moon,0005E32D,HylaVIII-dPlanetData,70096,8,20,Inorganic,000057EE,ResInorgExoticPlutonium,Plutonium,Exotic
Hyla,Hyla VIII-e,Moon,0005E32F,HylaVIII-ePlanetData,70096,8,22,Inorganic,000057CB,ResInorgCommonNickel,Nickel,Common
Hyla,Hyla VIII-e,Moon,0005E32F,HylaVIII-ePlanetData,70096,8,22,Inorganic,000083EC,ResInorgCommonWater_L,Water,Common
Indum,Indum I,Planet,0005E190,IndumIPlanetData,119135,0,1,Inorganic,000057D5,ResInorgCommonChlorine_G,Chlorine,Common
Indum,Indum I,Planet,0005E190,IndumIPlanetData,119135,0,1,Inorganic,000057C7,ResInorgCommonIron,Iron,Common
Indum,Indum I,Planet,0005E190,IndumIPlanetData,119135,0,1,Inorganic,000057EB,ResInorgCommonUranium,Uranium,Common
Indum,Indum I,Planet,0005E190,IndumIPlanetData,119135,0,1,Inorganic,000083EC,ResInorgCommonWater_L,Water,Common
Indum,Indum I,Planet,0005E190,IndumIPlanetData,119135,0,1,Inorganic,000057C9,ResInorgUncommonAlkanes_G,Alkanes,Uncommon
Indum,Indum I,Planet,0005E190,IndumIPlanetData,119135,0,1,Inorganic,000057EC,ResInorgUncommonIridium,Iridium,Uncommon
Indum,Indum I,Planet,0005E190,IndumIPlanetData,119135,0,1,Inorganic,000057C8,ResInorgRareTantalum,Tantalum,Rare
Indum,Indum I-a,Moon,0005E191,IndumI-aPlanetData,119135,1,7,Inorganic,000057D6,ResInorgCommonAluminum,Aluminum,Common
Indum,Indum I-a,Moon,0005E191,IndumI-aPlanetData,119135,1,7,Inorganic,000057F5,ResInorgCommonHelium3_G,Helium3,Common
Indum,Indum II,Planet,0005E192,IndumIIPlanetData,119135,0,2,Inorganic,000057D6,ResInorgCommonAluminum,Aluminum,Common
Indum,Indum II,Planet,0005E192,IndumIIPlanetData,119135,0,2,Inorganic,000057EA,ResInorgCommonArgon_G,Argon,Common
Indum,Indum II,Planet,0005E192,IndumIIPlanetData,119135,0,2,Inorganic,000057CF,ResInorgCommonCopper,Copper,Common
Indum,Indum II,Planet,0005E192,IndumIIPlanetData,119135,0,2,Inorganic,000057EB,ResInorgCommonUranium,Uranium,Common
Indum,Indum II,Planet,0005E192,IndumIIPlanetData,119135,0,2,Inorganic,000083EC,ResInorgCommonWater_L,Water,Common
Indum,Indum II,Planet,0005E192,IndumIIPlanetData,119135,0,2,Inorganic,000057E7,ResInorgUncommonBenzene_G,Benzene,Uncommon
Indum,Indum II,Planet,0005E192,IndumIIPlanetData,119135,0,2,Inorganic,000057D8,ResInorgUncommonBeryllium,Beryllium,Uncommon
Indum,Indum II,Planet,0005E192,IndumIIPlanetData,119135,0,2,Inorganic,000057D0,ResInorgUncommonFluorine_G,Fluorine,Uncommon
Indum,Indum II,Planet,0005E192,IndumIIPlanetData,119135,0,2,Organic,000777E6,ResOrgCommonNutrient,Nutrient,Common
Indum,Indum II,Planet,0005E192,IndumIIPlanetData,119135,0,2,Organic,0022465D,ResOrgCommonNutrientFaunaCarnivore,Nutrient,Common
Indum,Indum II,Planet,0005E192,IndumIIPlanetData,119135,0,2,Organic,00224640,ResOrgCommonNutrientFaunaHerbivore,Nutrient,Common
Indum,Indum II,Planet,0005E192,IndumIIPlanetData,119135,0,2,Organic,0007782D,ResOrgCommonSealant,Sealant,Common
Indum,Indum II,Planet,0005E192,IndumIIPlanetData,119135,0,2,Organic,000777FA,ResOrgCommonStructural,Structural,Common
Indum,Indum II,Planet,0005E192,IndumIIPlanetData,119135,0,2,Organic,0022463E,ResOrgCommonToxinFaunaHerbivore,Toxin,Common
Indum,Indum II,Planet,0005E192,IndumIIPlanetData,119135,0,2,Organic,00224635,ResOrgRareAnalgesicFaunaHerbivore,Analgesic,Rare
Indum,Indum III-a,Moon,0005E196,IndumIII-aPlanetData,119135,3,9,Inorganic,000057CF,ResInorgCommonCopper,Copper,Common
Indum,Indum III-a,Moon,0005E196,IndumIII-aPlanetData,119135,3,9,Inorganic,000083EC,ResInorgCommonWater_L,Water,Common
Indum,Indum III-a,Moon,0005E196,IndumIII-aPlanetData,119135,3,9,Inorganic,000057D3,ResInorgExoticAntimony,Antimony,Exotic
Indum,Indum III-b,Moon,0005E198,IndumIII-bPlanetData,119135,3,11,Inorganic,000057CF,ResInorgCommonCopper,Copper,Common
Indum,Indum III-b,Moon,0005E198,IndumIII-bPlanetData,119135,3,11,Inorganic,000057C7,ResInorgCommonIron,Iron,Common
Indum,Indum III-b,Moon,0005E198,IndumIII-bPlanetData,119135,3,11,Inorganic,000057CB,ResInorgCommonNickel,Nickel,Common
Indum,Indum III-b,Moon,0005E198,IndumIII-bPlanetData,119135,3,11,Inorganic,000083EC,ResInorgCommonWater_L,Water,Common
Indum,Indum III-b,Moon,0005E198,IndumIII-bPlanetData,119135,3,11,Inorganic,000057CE,ResInorgUncommonCobalt,Cobalt,Uncommon
Indum,Indum III-b,Moon,0005E198,IndumIII-bPlanetData,119135,3,11,Inorganic,000057C8,ResInorgRareTantalum,Tantalum,Rare
Indum,Indum III-b,Moon,0005E198,IndumIII-bPlanetData,119135,3,11,Inorganic,000057D1,ResInorgRareTetrafluorides_G,Tetrafluorides,Rare
Indum,Indum III-b,Moon,0005E198,IndumIII-bPlanetData,119135,3,11,Inorganic,000057CA,ResInorgExoticYtterbium,Ytterbium,Exotic
Indum,Indum III-c,Moon,0005E197,IndumIII-cPlanetData,119135,3,10,Inorganic,000057D5,ResInorgCommonChlorine_G,Chlorine,Common
Indum,Indum III-c,Moon,0005E197,IndumIII-cPlanetData,119135,3,10,Inorganic,000083EC,ResInorgCommonWater_L,Water,Common
Indum,Indum III-d,Moon,0005E195,IndumIII-dPlanetData,119135,3,8,Inorganic,000057CF,ResInorgCommonCopper,Copper,Common
Indum,Indum III-d,Moon,0005E195,IndumIII-dPlanetData,119135,3,8,Inorganic,000083EC,ResInorgCommonWater_L,Water,Common
Indum,Indum III-d,Moon,0005E195,IndumIII-dPlanetData,119135,3,8,Inorganic,000057D0,ResInorgUncommonFluorine_G,Fluorine,Uncommon
Indum,Indum III-d,Moon,0005E195,IndumIII-dPlanetData,119135,3,8,Inorganic,000057D2,ResInorgRareGold,Gold,Rare
Indum,Indum IV-a,Moon,0005E19D,IndumIV-aPlanetData,119135,4,15,Inorganic,000057CB,ResInorgCommonNickel,Nickel,Common
Indum,Indum IV-a,Moon,0005E19D,IndumIV-aPlanetData,119135,4,15,Inorganic,000083EC,ResInorgCommonWater_L,Water,Common
Indum,Indum IV-a,Moon,0005E19D,IndumIV-aPlanetData,119135,4,15,Inorganic,000057CC,ResInorgRarePlatinum,Platinum,Rare
Indum,Indum IV-b,Moon,0005E19B,IndumIV-bPlanetData,119135,4,13,Inorganic,000057CB,ResInorgCommonNickel,Nickel,Common
Indum,Indum IV-b,Moon,0005E19B,IndumIV-bPlanetData,119135,4,13,Inorganic,000083EC,ResInorgCommonWater_L,Water,Common
Indum,Indum IV-c,Moon,0005E19C,IndumIV-cPlanetData,119135,4,14,Inorganic,000057C1,ResInorgCommonLead,Lead,Common
Indum,Indum IV-c,Moon,0005E19C,IndumIV-cPlanetData,119135,4,14,Inorganic,000083EC,ResInorgCommonWater_L,Water,Common
Indum,Indum IV-c,Moon,0005E19C,IndumIV-cPlanetData,119135,4,14,Inorganic,0027C499,ResInorgRareMercury_L,Mercury,Rare
Indum,Indum IV-d,Moon,0005E19A,IndumIV-dPlanetData,119135,4,12,Inorganic,000057CF,ResInorgCommonCopper,Copper,Common
Indum,Indum IV-d,Moon,0005E19A,IndumIV-dPlanetData,119135,4,12,Inorganic,000057C7,ResInorgCommonIron,Iron,Common
Indum,Indum IV-d,Moon,0005E19A,IndumIV-dPlanetData,119135,4,12,Inorganic,000083EC,ResInorgCommonWater_L,Water,Common
Indum,Indum IV-d,Moon,0005E19A,IndumIV-dPlanetData,119135,4,12,Inorganic,000057D0,ResInorgUncommonFluorine_G,Fluorine,Uncommon
Indum,Indum IV-d,Moon,0005E19A,IndumIV-dPlanetData,119135,4,12,Inorganic,000057D2,ResInorgRareGold,Gold,Rare
Indum,Indum IV-d,Moon,0005E19A,IndumIV-dPlanetData,119135,4,12,Inorganic,000057C8,ResInorgRareTantalum,Tantalum,Rare
Indum,Indum IV-d,Moon,0005E19A,IndumIV-dPlanetData,119135,4,12,Inorganic,000057D3,ResInorgExoticAntimony,Antimony,Exotic
Indum,Indum V-a,Moon,0005E19F,IndumV-aPlanetData,119135,5,16,Inorganic,000057F5,ResInorgCommonHelium3_G,Helium3,Common
Indum,Indum V-a,Moon,0005E19F,IndumV-aPlanetData,119135,5,16,Inorganic,000057C7,ResInorgCommonIron,Iron,Common
Indum,Indum V-a,Moon,0005E19F,IndumV-aPlanetData,119135,5,16,Inorganic,000057C9,ResInorgUncommonAlkanes_G,Alkanes,Uncommon
Indum,Indum V-a,Moon,0005E19F,IndumV-aPlanetData,119135,5,16,Inorganic,000057CA,ResInorgExoticYtterbium,Ytterbium,Exotic
Ixyll,Ixyll I,Planet,0005E3C7,IxyllIPlanetData,62328,0,1,Inorganic,000057C7,ResInorgCommonIron,Iron,Common
Ixyll,Ixyll I,Planet,0005E3C7,IxyllIPlanetData,62328,0,1,Inorganic,000057C1,ResInorgCommonLead,Lead,Common
Ixyll,Ixyll I,Planet,0005E3C7,IxyllIPlanetData,62328,0,1,Inorganic,000057CB,ResInorgCommonNickel,Nickel,Common
Ixyll,Ixyll I,Planet,0005E3C7,IxyllIPlanetData,62328,0,1,Inorganic,000057EB,ResInorgCommonUranium,Uranium,Common
Ixyll,Ixyll I,Planet,0005E3C7,IxyllIPlanetData,62328,0,1,Inorganic,000057C9,ResInorgUncommonAlkanes_G,Alkanes,Uncommon
Ixyll,Ixyll I,Planet,0005E3C7,IxyllIPlanetData,62328,0,1,Inorganic,000057CE,ResInorgUncommonCobalt,Cobalt,Uncommon
Ixyll,Ixyll I,Planet,0005E3C7,IxyllIPlanetData,62328,0,1,Inorganic,000057EC,ResInorgUncommonIridium,Iridium,Uncommon
Ixyll,Ixyll II,Planet,0005E3C8,IxyllIIPlanetData,62328,0,2,Inorganic,000057D5,ResInorgCommonChlorine_G,Chlorine,Common
Ixyll,Ixyll II,Planet,0005E3C8,IxyllIIPlanetData,62328,0,2,Inorganic,000057CF,ResInorgCommonCopper,Copper,Common
Ixyll,Ixyll II,Planet,0005E3C8,IxyllIIPlanetData,62328,0,2,Inorganic,000057C7,ResInorgCommonIron,Iron,Common
Ixyll,Ixyll II,Planet,0005E3C8,IxyllIIPlanetData,62328,0,2,Inorganic,000083EC,ResInorgCommonWater_L,Water,Common
Ixyll,Ixyll II,Planet,0005E3C8,IxyllIIPlanetData,62328,0,2,Inorganic,000057C9,ResInorgUncommonAlkanes_G,Alkanes,Uncommon
Ixyll,Ixyll II,Planet,0005E3C8,IxyllIIPlanetData,62328,0,2,Inorganic,000057D7,ResInorgUncommonChlorosilanes_L,Chlorosilanes,Uncommon
Ixyll,Ixyll II,Planet,0005E3C8,IxyllIIPlanetData,62328,0,2,Inorganic,000057D2,ResInorgRareGold,Gold,Rare
Ixyll,Ixyll II,Planet,0005E3C8,IxyllIIPlanetData,62328,0,2,Inorganic,000057D3,ResInorgExoticAntimony,Antimony,Exotic
Ixyll,Ixyll II,Planet,0005E3C8,IxyllIIPlanetData,62328,0,2,Organic,00077821,ResOrgCommonFiber,Fiber,Common
Ixyll,Ixyll II,Planet,0005E3C8,IxyllIIPlanetData,62328,0,2,Organic,00224641,ResOrgCommonMetabolicAgentFaunaHerbivore,MetabolicAgent,Common
Ixyll,Ixyll II,Planet,0005E3C8,IxyllIIPlanetData,62328,0,2,Organic,000777E6,ResOrgCommonNutrient,Nutrient,Common
Ixyll,Ixyll II,Planet,0005E3C8,IxyllIIPlanetData,62328,0,2,Organic,00224640,ResOrgCommonNutrientFaunaHerbivore,Nutrient,Common
Ixyll,Ixyll II,Planet,0005E3C8,IxyllIIPlanetData,62328,0,2,Organic,0007782D,ResOrgCommonSealant,Sealant,Common
Ixyll,Ixyll II,Planet,0005E3C8,IxyllIIPlanetData,62328,0,2,Organic,000777FA,ResOrgCommonStructural,Structural,Common
Ixyll,Ixyll II,Planet,0005E3C8,IxyllIIPlanetData,62328,0,2,Organic,0022462C,ResOrgCommonStructuralFaunaHerbivore,Structural,Common
Ixyll,Ixyll II,Planet,0005E3C8,IxyllIIPlanetData,62328,0,2,Organic,00077823,ResOrgCommonToxin,Toxin,Common
Ixyll,Ixyll II,Planet,0005E3C8,IxyllIIPlanetData,62328,0,2,Organic,0022463E,ResOrgCommonToxinFaunaHerbivore,Toxin,Common
Ixyll,Ixyll II,Planet,0005E3C8,IxyllIIPlanetData,62328,0,2,Organic,00224630,ResOrgUncommonMembraneFaunaHerbivore,Membrane,Uncommon
Ixyll,Ixyll II,Planet,0005E3C8,IxyllIIPlanetData,62328,0,2,Organic,00077822,ResOrgUncommonOrnamental,Ornamental,Uncommon
Ixyll,Ixyll II,Planet,0005E3C8,IxyllIIPlanetData,62328,0,2,Organic,0022465C,ResOrgUncommonOrnamentalFaunaCarnivore,Ornamental,Uncommon
Ixyll,Ixyll II,Planet,0005E3C8,IxyllIIPlanetData,62328,0,2,Organic,0022464A,ResOrgUncommonSpiceFaunaCarnivore,Spice,Uncommon
Ixyll,Ixyll II,Planet,0005E3C8,IxyllIIPlanetData,62328,0,2,Organic,00224634,ResOrgRareAromaticFaunaHerbivore,Aromatic,Rare
Ixyll,Ixyll II,Planet,0005E3C8,IxyllIIPlanetData,62328,0,2,Organic,00224659,ResOrgExoticHypercatalystFaunaCarnivore,Hypercatalyst,Exotic
Ixyll,Ixyll III,Planet,0005E3CA,IxyllIIIPlanetData,62328,0,3,Inorganic,000057D5,ResInorgCommonChlorine_G,Chlorine,Common
Ixyll,Ixyll III,Planet,0005E3CA,IxyllIIIPlanetData,62328,0,3,Inorganic,000057CF,ResInorgCommonCopper,Copper,Common
Ixyll,Ixyll III,Planet,0005E3CA,IxyllIIIPlanetData,62328,0,3,Inorganic,000057C7,ResInorgCommonIron,Iron,Common
Ixyll,Ixyll III,Planet,0005E3CA,IxyllIIIPlanetData,62328,0,3,Inorganic,000083EC,ResInorgCommonWater_L,Water,Common
Ixyll,Ixyll III,Planet,0005E3CA,IxyllIIIPlanetData,62328,0,3,Inorganic,000057D7,ResInorgUncommonChlorosilanes_L,Chlorosilanes,Uncommon
Ixyll,Ixyll III-a,Moon,0005E3CC,IxyllIII-aPlanetData,62328,3,13,Inorganic,000057D6,ResInorgCommonAluminum,Aluminum,Common
Ixyll,Ixyll III-a,Moon,0005E3CC,IxyllIII-aPlanetData,62328,3,13,Inorganic,000057F5,ResInorgCommonHelium3_G,Helium3,Common
Ixyll,Ixyll III-a,Moon,0005E3CC,IxyllIII-aPlanetData,62328,3,13,Inorganic,000057D8,ResInorgUncommonBeryllium,Beryllium,Uncommon
Ixyll,Ixyll III-a,Moon,0005E3CC,IxyllIII-aPlanetData,62328,3,13,Inorganic,000057E2,ResInorgExoticEuropium,Europium,Exotic
Ixyll,Ixyll III-b,Moon,0005E3CB,IxyllIII-bPlanetData,62328,3,12,Inorganic,000057D6,ResInorgCommonAluminum,Aluminum,Common
Ixyll,Ixyll III-b,Moon,0005E3CB,IxyllIII-bPlanetData,62328,3,12,Inorganic,000057EA,ResInorgCommonArgon_G,Argon,Common
Ixyll,Ixyll III-b,Moon,0005E3CB,IxyllIII-bPlanetData,62328,3,12,Inorganic,000057D5,ResInorgCommonChlorine_G,Chlorine,Common
Ixyll,Ixyll III-b,Moon,0005E3CB,IxyllIII-bPlanetData,62328,3,12,Inorganic,000057C7,ResInorgCommonIron,Iron,Common
Ixyll,Ixyll III-b,Moon,0005E3CB,IxyllIII-bPlanetData,62328,3,12,Inorganic,000083EC,ResInorgCommonWater_L,Water,Common
Ixyll,Ixyll III-b,Moon,0005E3CB,IxyllIII-bPlanetData,62328,3,12,Inorganic,000057E7,ResInorgUncommonBenzene_G,Benzene,Uncommon
Ixyll,Ixyll III-b,Moon,0005E3CB,IxyllIII-bPlanetData,62328,3,12,Inorganic,000057D8,ResInorgUncommonBeryllium,Beryllium,Uncommon
Ixyll,Ixyll III-b,Moon,0005E3CB,IxyllIII-bPlanetData,62328,3,12,Inorganic,000057D7,ResInorgUncommonChlorosilanes_L,Chlorosilanes,Uncommon
Ixyll,Ixyll III-b,Moon,0005E3CB,IxyllIII-bPlanetData,62328,3,12,Organic,00224642,ResOrgCommonFiberFaunaHerbivore,Fiber,Common
Ixyll,Ixyll III-b,Moon,0005E3CB,IxyllIII-bPlanetData,62328,3,12,Organic,00224641,ResOrgCommonMetabolicAgentFaunaHerbivore,MetabolicAgent,Common
Ixyll,Ixyll III-b,Moon,0005E3CB,IxyllIII-bPlanetData,62328,3,12,Organic,000777E6,ResOrgCommonNutrient,Nutrient,Common
Ixyll,Ixyll III-b,Moon,0005E3CB,IxyllIII-bPlanetData,62328,3,12,Organic,0007782D,ResOrgCommonSealant,Sealant,Common
Ixyll,Ixyll III-b,Moon,0005E3CB,IxyllIII-bPlanetData,62328,3,12,Organic,000777FA,ResOrgCommonStructural,Structural,Common
Ixyll,Ixyll III-b,Moon,0005E3CB,IxyllIII-bPlanetData,62328,3,12,Organic,0022462C,ResOrgCommonStructuralFaunaHerbivore,Structural,Common
Ixyll,Ixyll III-b,Moon,0005E3CB,IxyllIII-bPlanetData,62328,3,12,Organic,00077823,ResOrgCommonToxin,Toxin,Common
Ixyll,Ixyll III-b,Moon,0005E3CB,IxyllIII-bPlanetData,62328,3,12,Organic,0022463E,ResOrgCommonToxinFaunaHerbivore,Toxin,Common
Ixyll,Ixyll III-b,Moon,0005E3CB,IxyllIII-bPlanetData,62328,3,12,Organic,000777F8,ResOrgUncommonCosmetic,Cosmetic,Uncommon
Ixyll,Ixyll III-b,Moon,0005E3CB,IxyllIII-bPlanetData,62328,3,12,Organic,0022464D,ResOrgUncommonMembraneFaunaCarnivore,Membrane,Uncommon
Ixyll,Ixyll III-b,Moon,0005E3CB,IxyllIII-bPlanetData,62328,3,12,Organic,0029F401,ResOrgUncommonPigment,Pigment,Uncommon
Ixyll,Ixyll III-b,Moon,0005E3CB,IxyllIII-bPlanetData,62328,3,12,Organic,00077829,ResOrgRareAnalgesic,Analgesic,Rare
Ixyll,Ixyll III-b,Moon,0005E3CB,IxyllIII-bPlanetData,62328,3,12,Organic,00224635,ResOrgRareAnalgesicFaunaHerbivore,Analgesic,Rare
Ixyll,Ixyll III-b,Moon,0005E3CB,IxyllIII-bPlanetData,62328,3,12,Organic,00224657,ResOrgExoticStimulantFaunaCarnivore,Stimulant,Exotic
Ixyll,Ixyll IV,Planet,0005E3CD,IxyllIVPlanetData,62328,0,4,Inorganic,000057EA,ResInorgCommonArgon_G,Argon,Common
Ixyll,Ixyll IV,Planet,0005E3CD,IxyllIVPlanetData,62328,0,4,Inorganic,000057CB,ResInorgCommonNickel,Nickel,Common
Ixyll,Ixyll IV,Planet,0005E3CD,IxyllIVPlanetData,62328,0,4,Inorganic,000057EB,ResInorgCommonUranium,Uranium,Common
Ixyll,Ixyll IV,Planet,0005E3CD,IxyllIVPlanetData,62328,0,4,Inorganic,000083EC,ResInorgCommonWater_L,Water,Common
Ixyll,Ixyll IV,Planet,0005E3CD,IxyllIVPlanetData,62328,0,4,Inorganic,000057E8,ResInorgRareCarboxylicAcids_L,CarboxylicAcids,Rare
Ixyll,Ixyll IV,Planet,0005E3CD,IxyllIVPlanetData,62328,0,4,Inorganic,000057E9,ResInorgExoticNeon_G,Neon,Exotic
Ixyll,Ixyll IX-a,Moon,0005E3DF,IxyllIX-aPlanetData,62328,9,26,Inorganic,000057EA,ResInorgCommonArgon_G,Argon,Common
Ixyll,Ixyll IX-a,Moon,0005E3DF,IxyllIX-aPlanetData,62328,9,26,Inorganic,000083EC,ResInorgCommonWater_L,Water,Common
Ixyll,Ixyll IX-b,Moon,0005E3DD,IxyllIX-bPlanetData,62328,9,24,Inorganic,000057D5,ResInorgCommonChlorine_G,Chlorine,Common
Ixyll,Ixyll IX-b,Moon,0005E3DD,IxyllIX-bPlanetData,62328,9,24,Inorganic,000083EC,ResInorgCommonWater_L,Water,Common
Ixyll,Ixyll IX-b,Moon,0005E3DD,IxyllIX-bPlanetData,62328,9,24,Inorganic,000057D7,ResInorgUncommonChlorosilanes_L,Chlorosilanes,Uncommon
Ixyll,Ixyll IX-b,Moon,0005E3DD,IxyllIX-bPlanetData,62328,9,24,Inorganic,000057DA,ResInorgRareLithium,Lithium,Rare
Ixyll,Ixyll IX-c,Moon,0005E3E0,IxyllIX-cPlanetData,62328,9,27,Inorganic,000057CF,ResInorgCommonCopper,Copper,Common
Ixyll,Ixyll IX-c,Moon,0005E3E0,IxyllIX-cPlanetData,62328,9,27,Inorganic,000083EC,ResInorgCommonWater_L,Water,Common
Ixyll,Ixyll IX-c,Moon,0005E3E0,IxyllIX-cPlanetData,62328,9,27,Inorganic,000057D2,ResInorgRareGold,Gold,Rare
Ixyll,Ixyll IX-d,Moon,0005E3DE,IxyllIX-dPlanetData,62328,9,25,Inorganic,000057CF,ResInorgCommonCopper,Copper,Common
Ixyll,Ixyll IX-d,Moon,0005E3DE,IxyllIX-dPlanetData,62328,9,25,Inorganic,000057EB,ResInorgCommonUranium,Uranium,Common
Ixyll,Ixyll IX-d,Moon,0005E3DE,IxyllIX-dPlanetData,62328,9,25,Inorganic,000057D0,ResInorgUncommonFluorine_G,Fluorine,Uncommon
Ixyll,Ixyll IX-d,Moon,0005E3DE,IxyllIX-dPlanetData,62328,9,25,Inorganic,000057ED,ResInorgRareVanadium,Vanadium,Rare
Ixyll,Ixyll V,Planet,0005E3CE,IxyllVPlanetData,62328,0,5,Inorganic,000057D5,ResInorgCommonChlorine_G,Chlorine,Common
Ixyll,Ixyll V,Planet,0005E3CE,IxyllVPlanetData,62328,0,5,Inorganic,000057CF,ResInorgCommonCopper,Copper,Common
Ixyll,Ixyll V,Planet,0005E3CE,IxyllVPlanetData,62328,0,5,Inorganic,000057C1,ResInorgCommonLead,Lead,Common
Ixyll,Ixyll V,Planet,0005E3CE,IxyllVPlanetData,62328,0,5,Inorganic,000083EC,ResInorgCommonWater_L,Water,Common
Ixyll,Ixyll V,Planet,0005E3CE,IxyllVPlanetData,62328,0,5,Inorganic,000057D0,ResInorgUncommonFluorine_G,Fluorine,Uncommon
Ixyll,Ixyll V,Planet,0005E3CE,IxyllVPlanetData,62328,0,5,Inorganic,000057C3,ResInorgUncommonSilver,Silver,Uncommon
Ixyll,Ixyll V,Planet,0005E3CE,IxyllVPlanetData,62328,0,5,Inorganic,000057DA,ResInorgRareLithium,Lithium,Rare
Ixyll,Ixyll VI-a,Moon,0005E3D0,IxyllVI-aPlanetData,62328,6,14,Inorganic,000057CF,ResInorgCommonCopper,Copper,Common
Ixyll,Ixyll VI-a,Moon,0005E3D0,IxyllVI-aPlanetData,62328,6,14,Inorganic,000083EC,ResInorgCommonWater_L,Water,Common
Ixyll,Ixyll VI-a,Moon,0005E3D0,IxyllVI-aPlanetData,62328,6,14,Inorganic,000057D0,ResInorgUncommonFluorine_G,Fluorine,Uncommon
Ixyll,Ixyll VI-a,Moon,0005E3D0,IxyllVI-aPlanetData,62328,6,14,Inorganic,000057D4,ResInorgExoticIonicLiquids_L,IonicLiquids,Exotic
Ixyll,Ixyll VI-b,Moon,0005E3D3,IxyllVI-bPlanetData,62328,6,17,Inorganic,000057CF,ResInorgCommonCopper,Copper,Common
Ixyll,Ixyll VI-b,Moon,0005E3D3,IxyllVI-bPlanetData,62328,6,17,Inorganic,000083EC,ResInorgCommonWater_L,Water,Common
Ixyll,Ixyll VI-b,Moon,0005E3D3,IxyllVI-bPlanetData,62328,6,17,Inorganic,000057D0,ResInorgUncommonFluorine_G,Fluorine,Uncommon
Ixyll,Ixyll VI-c,Moon,0005E3D2,IxyllVI-cPlanetData,62328,6,16,Inorganic,000057D6,ResInorgCommonAluminum,Aluminum,Common
Ixyll,Ixyll VI-c,Moon,0005E3D2,IxyllVI-cPlanetData,62328,6,16,Inorganic,000057F5,ResInorgCommonHelium3_G,Helium3,Common
Ixyll,Ixyll VI-c,Moon,0005E3D2,IxyllVI-cPlanetData,62328,6,16,Inorganic,000057C7,ResInorgCommonIron,Iron,Common
Ixyll,Ixyll VI-c,Moon,0005E3D2,IxyllVI-cPlanetData,62328,6,16,Inorganic,000057C1,ResInorgCommonLead,Lead,Common
Ixyll,Ixyll VI-c,Moon,0005E3D2,IxyllVI-cPlanetData,62328,6,16,Inorganic,000083EC,ResInorgCommonWater_L,Water,Common
Ixyll,Ixyll VI-c,Moon,0005E3D2,IxyllVI-cPlanetData,62328,6,16,Inorganic,000057C9,ResInorgUncommonAlkanes_G,Alkanes,Uncommon
Ixyll,Ixyll VI-c,Moon,0005E3D2,IxyllVI-cPlanetData,62328,6,16,Inorganic,000057E2,ResInorgExoticEuropium,Europium,Exotic
Ixyll,Ixyll VI-d,Moon,0005E3D4,IxyllVI-dPlanetData,62328,6,18,Inorganic,000057C1,ResInorgCommonLead,Lead,Common
Ixyll,Ixyll VI-d,Moon,0005E3D4,IxyllVI-dPlanetData,62328,6,18,Inorganic,000083EC,ResInorgCommonWater_L,Water,Common
Ixyll,Ixyll VI-e,Moon,0005E3D1,IxyllVI-ePlanetData,62328,6,15,Inorganic,000057D5,ResInorgCommonChlorine_G,Chlorine,Common
Ixyll,Ixyll VI-e,Moon,0005E3D1,IxyllVI-ePlanetData,62328,6,15,Inorganic,000057CB,ResInorgCommonNickel,Nickel,Common
Ixyll,Ixyll VI-e,Moon,0005E3D1,IxyllVI-ePlanetData,62328,6,15,Inorganic,000083EC,ResInorgCommonWater_L,Water,Common
Ixyll,Ixyll VI-e,Moon,0005E3D1,IxyllVI-ePlanetData,62328,6,15,Inorganic,000057D7,ResInorgUncommonChlorosilanes_L,Chlorosilanes,Uncommon
Ixyll,Ixyll VI-e,Moon,0005E3D1,IxyllVI-ePlanetData,62328,6,15,Inorganic,000057CE,ResInorgUncommonCobalt,Cobalt,Uncommon
Ixyll,Ixyll VII-a,Moon,0005E3D6,IxyllVII-aPlanetData,62328,7,19,Inorganic,000057D6,ResInorgCommonAluminum,Aluminum,Common
Ixyll,Ixyll VII-a,Moon,0005E3D6,IxyllVII-aPlanetData,62328,7,19,Inorganic,000057CF,ResInorgCommonCopper,Copper,Common
Ixyll,Ixyll VII-a,Moon,0005E3D6,IxyllVII-aPlanetData,62328,7,19,Inorganic,000057F5,ResInorgCommonHelium3_G,Helium3,Common
Ixyll,Ixyll VII-a,Moon,0005E3D6,IxyllVII-aPlanetData,62328,7,19,Inorganic,000057EB,ResInorgCommonUranium,Uranium,Common
Ixyll,Ixyll VII-a,Moon,0005E3D6,IxyllVII-aPlanetData,62328,7,19,Inorganic,000083EC,ResInorgCommonWater_L,Water,Common
Ixyll,Ixyll VII-a,Moon,0005E3D6,IxyllVII-aPlanetData,62328,7,19,Inorganic,000057D8,ResInorgUncommonBeryllium,Beryllium,Uncommon
Ixyll,Ixyll VII-a,Moon,0005E3D6,IxyllVII-aPlanetData,62328,7,19,Inorganic,000057D0,ResInorgUncommonFluorine_G,Fluorine,Uncommon
Ixyll,Ixyll VII-a,Moon,0005E3D6,IxyllVII-aPlanetData,62328,7,19,Inorganic,000057D3,ResInorgExoticAntimony,Antimony,Exotic
Ixyll,Ixyll VII-b,Moon,0005E3D8,IxyllVII-bPlanetData,62328,7,21,Inorganic,000057CF,ResInorgCommonCopper,Copper,Common
Ixyll,Ixyll VII-b,Moon,0005E3D8,IxyllVII-bPlanetData,62328,7,21,Inorganic,000057C1,ResInorgCommonLead,Lead,Common
Ixyll,Ixyll VII-b,Moon,0005E3D8,IxyllVII-bPlanetData,62328,7,21,Inorganic,000083EC,ResInorgCommonWater_L,Water,Common
Ixyll,Ixyll VII-b,Moon,0005E3D8,IxyllVII-bPlanetData,62328,7,21,Inorganic,000057C4,ResInorgUncommonTungsten,Tungsten,Uncommon
Ixyll,Ixyll VII-b,Moon,0005E3D8,IxyllVII-bPlanetData,62328,7,21,Inorganic,000057D2,ResInorgRareGold,Gold,Rare
Ixyll,Ixyll VII-c,Moon,0005E3D7,IxyllVII-cPlanetData,62328,7,20,Inorganic,000057CF,ResInorgCommonCopper,Copper,Common
Ixyll,Ixyll VII-c,Moon,0005E3D7,IxyllVII-cPlanetData,62328,7,20,Inorganic,000083EC,ResInorgCommonWater_L,Water,Common
Ixyll,Ixyll VII-c,Moon,0005E3D7,IxyllVII-cPlanetData,62328,7,20,Inorganic,000057D0,ResInorgUncommonFluorine_G,Fluorine,Uncommon
Ixyll,Ixyll VIII-a,Moon,0005E3DA,IxyllVIII-aPlanetData,62328,8,22,Inorganic,000057D6,ResInorgCommonAluminum,Aluminum,Common
Ixyll,Ixyll VIII-a,Moon,0005E3DA,IxyllVIII-aPlanetData,62328,8,22,Inorganic,000057F5,ResInorgCommonHelium3_G,Helium3,Common
Ixyll,Ixyll VIII-a,Moon,0005E3DA,IxyllVIII-aPlanetData,62328,8,22,Inorganic,000057EB,ResInorgCommonUranium,Uranium,Common
Ixyll,Ixyll VIII-a,Moon,0005E3DA,IxyllVIII-aPlanetData,62328,8,22,Inorganic,000057D8,ResInorgUncommonBeryllium,Beryllium,Uncommon
Ixyll,Ixyll VIII-a,Moon,0005E3DA,IxyllVIII-aPlanetData,62328,8,22,Inorganic,000057EC,ResInorgUncommonIridium,Iridium,Uncommon
Ixyll,Ixyll VIII-a,Moon,0005E3DA,IxyllVIII-aPlanetData,62328,8,22,Inorganic,000057EE,ResInorgExoticPlutonium,Plutonium,Exotic
Ixyll,Ixyll VIII-b,Moon,0005E3DB,IxyllVIII-bPlanetData,62328,8,23,Inorganic,000057EA,ResInorgCommonArgon_G,Argon,Common
Ixyll,Ixyll VIII-b,Moon,0005E3DB,IxyllVIII-bPlanetData,62328,8,23,Inorganic,000083EC,ResInorgCommonWater_L,Water,Common
Jaffa,Jaffa I,Planet,0005E208,JaffaIPlanetData,79431,0,1,Inorganic,000057C7,ResInorgCommonIron,Iron,Common
Jaffa,Jaffa I,Planet,0005E208,JaffaIPlanetData,79431,0,1,Inorganic,000057C1,ResInorgCommonLead,Lead,Common
Jaffa,Jaffa I,Planet,0005E208,JaffaIPlanetData,79431,0,1,Inorganic,000057EB,ResInorgCommonUranium,Uranium,Common
Jaffa,Jaffa I,Planet,0005E208,JaffaIPlanetData,79431,0,1,Inorganic,000057C9,ResInorgUncommonAlkanes_G,Alkanes,Uncommon
Jaffa,Jaffa I,Planet,0005E208,JaffaIPlanetData,79431,0,1,Inorganic,000057C4,ResInorgUncommonTungsten,Tungsten,Uncommon
Jaffa,Jaffa I,Planet,0005E208,JaffaIPlanetData,79431,0,1,Inorganic,000057C6,ResInorgRareTitanium,Titanium,Rare
Jaffa,Jaffa I,Planet,0005E208,JaffaIPlanetData,79431,0,1,Inorganic,000057C2,ResInorgExoticDysprosium,Dysprosium,Exotic
Jaffa,Jaffa I-a,Moon,0005E209,JaffaI-aPlanetData,79431,1,10,Inorganic,000057F5,ResInorgCommonHelium3_G,Helium3,Common
Jaffa,Jaffa I-a,Moon,0005E209,JaffaI-aPlanetData,79431,1,10,Inorganic,000057C7,ResInorgCommonIron,Iron,Common
Jaffa,Jaffa I-a,Moon,0005E209,JaffaI-aPlanetData,79431,1,10,Inorganic,000057C9,ResInorgUncommonAlkanes_G,Alkanes,Uncommon
Jaffa,Jaffa II,Planet,0005E20A,JaffaIIPlanetData,79431,0,2,Inorganic,000057D5,ResInorgCommonChlorine_G,Chlorine,Common
Jaffa,Jaffa II,Planet,0005E20A,JaffaIIPlanetData,79431,0,2,Inorganic,000057CF,ResInorgCommonCopper,Copper,Common
Jaffa,Jaffa II,Planet,0005E20A,JaffaIIPlanetData,79431,0,2,Inorganic,000057C1,ResInorgCommonLead,Lead,Common
Jaffa,Jaffa II,Planet,0005E20A,JaffaIIPlanetData,79431,0,2,Inorganic,000083EC,ResInorgCommonWater_L,Water,Common
Jaffa,Jaffa II,Planet,0005E20A,JaffaIIPlanetData,79431,0,2,Inorganic,000057D0,ResInorgUncommonFluorine_G,Fluorine,Uncommon
Jaffa,Jaffa II,Planet,0005E20A,JaffaIIPlanetData,79431,0,2,Inorganic,000057D2,ResInorgRareGold,Gold,Rare
Jaffa,Jaffa II,Planet,0005E20A,JaffaIIPlanetData,79431,0,2,Inorganic,000057DA,ResInorgRareLithium,Lithium,Rare
Jaffa,Jaffa II,Planet,0005E20A,JaffaIIPlanetData,79431,0,2,Inorganic,0027C499,ResInorgRareMercury_L,Mercury,Rare
Jaffa,Jaffa II,Planet,0005E20A,JaffaIIPlanetData,79431,0,2,Organic,0029F3FD,ResOrgCommonMetabolicAgent,MetabolicAgent,Common
Jaffa,Jaffa II,Planet,0005E20A,JaffaIIPlanetData,79431,0,2,Organic,00224641,ResOrgCommonMetabolicAgentFaunaHerbivore,MetabolicAgent,Common
Jaffa,Jaffa II,Planet,0005E20A,JaffaIIPlanetData,79431,0,2,Organic,000777E6,ResOrgCommonNutrient,Nutrient,Common
Jaffa,Jaffa II,Planet,0005E20A,JaffaIIPlanetData,79431,0,2,Organic,0022464B,ResOrgCommonSealantFaunaCarnivore,Sealant,Common
Jaffa,Jaffa II,Planet,0005E20A,JaffaIIPlanetData,79431,0,2,Organic,000777FA,ResOrgCommonStructural,Structural,Common
Jaffa,Jaffa II,Planet,0005E20A,JaffaIIPlanetData,79431,0,2,Organic,0022463E,ResOrgCommonToxinFaunaHerbivore,Toxin,Common
Jaffa,Jaffa II,Planet,0005E20A,JaffaIIPlanetData,79431,0,2,Organic,00224630,ResOrgUncommonMembraneFaunaHerbivore,Membrane,Uncommon
Jaffa,Jaffa II-a,Moon,0005E20B,JaffaII-aPlanetData,79431,2,11,Inorganic,000057CB,ResInorgCommonNickel,Nickel,Common
Jaffa,Jaffa II-a,Moon,0005E20B,JaffaII-aPlanetData,79431,2,11,Inorganic,000057EB,ResInorgCommonUranium,Uranium,Common
Jaffa,Jaffa II-a,Moon,0005E20B,JaffaII-aPlanetData,79431,2,11,Inorganic,000083EC,ResInorgCommonWater_L,Water,Common
Jaffa,Jaffa II-a,Moon,0005E20B,JaffaII-aPlanetData,79431,2,11,Inorganic,000057CE,ResInorgUncommonCobalt,Cobalt,Uncommon
Jaffa,Jaffa II-a,Moon,0005E20B,JaffaII-aPlanetData,79431,2,11,Inorganic,000057EC,ResInorgUncommonIridium,Iridium,Uncommon
Jaffa,Jaffa II-a,Moon,0005E20B,JaffaII-aPlanetData,79431,2,11,Inorganic,000057CD,ResInorgExoticPalladium,Palladium,Exotic
Jaffa,Jaffa II-a,Moon,0005E20B,JaffaII-aPlanetData,79431,2,11,Inorganic,000057EE,ResInorgExoticPlutonium,Plutonium,Exotic
Jaffa,Jaffa III,Planet,0005E20C,JaffaIIIPlanetData,79431,0,3,Inorganic,000057D5,ResInorgCommonChlorine_G,Chlorine,Common
Jaffa,Jaffa III,Planet,0005E20C,JaffaIIIPlanetData,79431,0,3,Inorganic,000057CF,ResInorgCommonCopper,Copper,Common
Jaffa,Jaffa III,Planet,0005E20C,JaffaIIIPlanetData,79431,0,3,Inorganic,000057EB,ResInorgCommonUranium,Uranium,Common
Jaffa,Jaffa III,Planet,0005E20C,JaffaIIIPlanetData,79431,0,3,Inorganic,000083EC,ResInorgCommonWater_L,Water,Common
Jaffa,Jaffa III,Planet,0005E20C,JaffaIIIPlanetData,79431,0,3,Inorganic,000057D7,ResInorgUncommonChlorosilanes_L,Chlorosilanes,Uncommon
Jaffa,Jaffa III,Planet,0005E20C,JaffaIIIPlanetData,79431,0,3,Inorganic,000057EC,ResInorgUncommonIridium,Iridium,Uncommon
Jaffa,Jaffa III,Planet,0005E20C,JaffaIIIPlanetData,79431,0,3,Inorganic,000057ED,ResInorgRareVanadium,Vanadium,Rare
Jaffa,Jaffa III,Planet,0005E20C,JaffaIIIPlanetData,79431,0,3,Inorganic,000057EE,ResInorgExoticPlutonium,Plutonium,Exotic
Jaffa,Jaffa III,Planet,0005E20C,JaffaIIIPlanetData,79431,0,3,Organic,00224642,ResOrgCommonFiberFaunaHerbivore,Fiber,Common
Jaffa,Jaffa III,Planet,0005E20C,JaffaIIIPlanetData,79431,0,3,Organic,0029F3FD,ResOrgCommonMetabolicAgent,MetabolicAgent,Common
Jaffa,Jaffa III,Planet,0005E20C,JaffaIIIPlanetData,79431,0,3,Organic,000777E6,ResOrgCommonNutrient,Nutrient,Common
Jaffa,Jaffa III,Planet,0005E20C,JaffaIIIPlanetData,79431,0,3,Organic,0007782D,ResOrgCommonSealant,Sealant,Common
Jaffa,Jaffa III,Planet,0005E20C,JaffaIIIPlanetData,79431,0,3,Organic,0022462C,ResOrgCommonStructuralFaunaHerbivore,Structural,Common
Jaffa,Jaffa III,Planet,0005E20C,JaffaIIIPlanetData,79431,0,3,Organic,00077823,ResOrgCommonToxin,Toxin,Common
Jaffa,Jaffa III,Planet,0005E20C,JaffaIIIPlanetData,79431,0,3,Organic,0022464C,ResOrgUncommonPigmentFaunaCarnivore,Pigment,Uncommon
Jaffa,Jaffa III,Planet,0005E20C,JaffaIIIPlanetData,79431,0,3,Organic,00224633,ResOrgRareHallucinogenFaunaHerbivore,Hallucinogen,Rare
Jaffa,Jaffa III,Planet,0005E20C,JaffaIIIPlanetData,79431,0,3,Organic,00224659,ResOrgExoticHypercatalystFaunaCarnivore,Hypercatalyst,Exotic
Jaffa,Jaffa IV,Planet,0005E20D,JaffaIVPlanetData,79431,0,4,Inorganic,000057EA,ResInorgCommonArgon_G,Argon,Common
Jaffa,Jaffa IV,Planet,0005E20D,JaffaIVPlanetData,79431,0,4,Inorganic,000057CF,ResInorgCommonCopper,Copper,Common
Jaffa,Jaffa IV,Planet,0005E20D,JaffaIVPlanetData,79431,0,4,Inorganic,000057C1,ResInorgCommonLead,Lead,Common
Jaffa,Jaffa IV,Planet,0005E20D,JaffaIVPlanetData,79431,0,4,Inorganic,000057EB,ResInorgCommonUranium,Uranium,Common
Jaffa,Jaffa IV,Planet,0005E20D,JaffaIVPlanetData,79431,0,4,Inorganic,000083EC,ResInorgCommonWater_L,Water,Common
Jaffa,Jaffa IV,Planet,0005E20D,JaffaIVPlanetData,79431,0,4,Inorganic,000057E8,ResInorgRareCarboxylicAcids_L,CarboxylicAcids,Rare
Jaffa,Jaffa IV,Planet,0005E20D,JaffaIVPlanetData,79431,0,4,Inorganic,000057ED,ResInorgRareVanadium,Vanadium,Rare
Jaffa,Jaffa IV,Planet,0005E20D,JaffaIVPlanetData,79431,0,4,Organic,0022464D,ResOrgUncommonMembraneFaunaCarnivore,Membrane,Uncommon
Jaffa,Jaffa IV,Planet,0005E20D,JaffaIVPlanetData,79431,0,4,Organic,0022464F,ResOrgRareSedativeFaunaCarnivore,Sedative,Rare
Jaffa,Jaffa IV-a,Moon,0005E20E,JaffaIV-aPlanetData,79431,4,12,Inorganic,000057D6,ResInorgCommonAluminum,Aluminum,Common
Jaffa,Jaffa IV-a,Moon,0005E20E,JaffaIV-aPlanetData,79431,4,12,Inorganic,000057F5,ResInorgCommonHelium3_G,Helium3,Common
Jaffa,Jaffa IV-a,Moon,0005E20E,JaffaIV-aPlanetData,79431,4,12,Inorganic,000057D8,ResInorgUncommonBeryllium,Beryllium,Uncommon
Jaffa,Jaffa V-a,Moon,0005E210,JaffaV-aPlanetData,79431,5,13,Inorganic,000057CF,ResInorgCommonCopper,Copper,Common
Jaffa,Jaffa V-a,Moon,0005E210,JaffaV-aPlanetData,79431,5,13,Inorganic,000083EC,ResInorgCommonWater_L,Water,Common
Jaffa,Jaffa V-a,Moon,0005E210,JaffaV-aPlanetData,79431,5,13,Inorganic,000057D1,ResInorgRareTetrafluorides_G,Tetrafluorides,Rare
Jaffa,Jaffa VI-a,Moon,0005E212,JaffaVI-aPlanetData,79431,6,14,Inorganic,000057D5,ResInorgCommonChlorine_G,Chlorine,Common
Jaffa,Jaffa VI-a,Moon,0005E212,JaffaVI-aPlanetData,79431,6,14,Inorganic,000057C1,ResInorgCommonLead,Lead,Common
Jaffa,Jaffa VI-a,Moon,0005E212,JaffaVI-aPlanetData,79431,6,14,Inorganic,000057CB,ResInorgCommonNickel,Nickel,Common
Jaffa,Jaffa VI-a,Moon,0005E212,JaffaVI-aPlanetData,79431,6,14,Inorganic,000083EC,ResInorgCommonWater_L,Water,Common
Jaffa,Jaffa VI-a,Moon,0005E212,JaffaVI-aPlanetData,79431,6,14,Inorganic,000057C3,ResInorgUncommonSilver,Silver,Uncommon
Jaffa,Jaffa VI-b,Moon,0005E214,JaffaVI-bPlanetData,79431,6,16,Inorganic,000057CF,ResInorgCommonCopper,Copper,Common
Jaffa,Jaffa VI-b,Moon,0005E214,JaffaVI-bPlanetData,79431,6,16,Inorganic,000083EC,ResInorgCommonWater_L,Water,Common
Jaffa,Jaffa VI-b,Moon,0005E214,JaffaVI-bPlanetData,79431,6,16,Inorganic,000057D0,ResInorgUncommonFluorine_G,Fluorine,Uncommon
Jaffa,Jaffa VI-c,Moon,0005E213,JaffaVI-cPlanetData,79431,6,15,Inorganic,000057D6,ResInorgCommonAluminum,Aluminum,Common
Jaffa,Jaffa VI-c,Moon,0005E213,JaffaVI-cPlanetData,79431,6,15,Inorganic,000057F5,ResInorgCommonHelium3_G,Helium3,Common
Jaffa,Jaffa VI-c,Moon,0005E213,JaffaVI-cPlanetData,79431,6,15,Inorganic,000057DB,ResInorgRareNeodymium,Neodymium,Rare
Jaffa,Jaffa VI-c,Moon,0005E213,JaffaVI-cPlanetData,79431,6,15,Inorganic,000057E2,ResInorgExoticEuropium,Europium,Exotic
Jaffa,Jaffa VII-a,Moon,0005E21A,JaffaVII-aPlanetData,79431,7,21,Inorganic,000057F5,ResInorgCommonHelium3_G,Helium3,Common
Jaffa,Jaffa VII-a,Moon,0005E21A,JaffaVII-aPlanetData,79431,7,21,Inorganic,000057C7,ResInorgCommonIron,Iron,Common
Jaffa,Jaffa VII-b,Moon,0005E216,JaffaVII-bPlanetData,79431,7,17,Inorganic,000057D5,ResInorgCommonChlorine_G,Chlorine,Common
Jaffa,Jaffa VII-b,Moon,0005E216,JaffaVII-bPlanetData,79431,7,17,Inorganic,000057C7,ResInorgCommonIron,Iron,Common
Jaffa,Jaffa VII-b,Moon,0005E216,JaffaVII-bPlanetData,79431,7,17,Inorganic,000057C1,ResInorgCommonLead,Lead,Common
Jaffa,Jaffa VII-b,Moon,0005E216,JaffaVII-bPlanetData,79431,7,17,Inorganic,000083EC,ResInorgCommonWater_L,Water,Common
Jaffa,Jaffa VII-b,Moon,0005E216,JaffaVII-bPlanetData,79431,7,17,Inorganic,000057D7,ResInorgUncommonChlorosilanes_L,Chlorosilanes,Uncommon
Jaffa,Jaffa VII-b,Moon,0005E216,JaffaVII-bPlanetData,79431,7,17,Inorganic,000057C4,ResInorgUncommonTungsten,Tungsten,Uncommon
Jaffa,Jaffa VII-b,Moon,0005E216,JaffaVII-bPlanetData,79431,7,17,Inorganic,000057C6,ResInorgRareTitanium,Titanium,Rare
Jaffa,Jaffa VII-b,Moon,0005E216,JaffaVII-bPlanetData,79431,7,17,Inorganic,000057C2,ResInorgExoticDysprosium,Dysprosium,Exotic
Jaffa,Jaffa VII-c,Moon,0005E217,JaffaVII-cPlanetData,79431,7,18,Inorganic,000057CB,ResInorgCommonNickel,Nickel,Common
Jaffa,Jaffa VII-c,Moon,0005E217,JaffaVII-cPlanetData,79431,7,18,Inorganic,000083EC,ResInorgCommonWater_L,Water,Common
Jaffa,Jaffa VII-c,Moon,0005E217,JaffaVII-cPlanetData,79431,7,18,Inorganic,000057CE,ResInorgUncommonCobalt,Cobalt,Uncommon
Jaffa,Jaffa VII-d,Moon,0005E219,JaffaVII-dPlanetData,79431,7,20,Inorganic,000057CB,ResInorgCommonNickel,Nickel,Common
Jaffa,Jaffa VII-d,Moon,0005E219,JaffaVII-dPlanetData,79431,7,20,Inorganic,000083EC,ResInorgCommonWater_L,Water,Common
Jaffa,Jaffa VII-d,Moon,0005E219,JaffaVII-dPlanetData,79431,7,20,Inorganic,000057CE,ResInorgUncommonCobalt,Cobalt,Uncommon
Jaffa,Jaffa VII-e,Moon,0005E218,JaffaVII-ePlanetData,79431,7,19,Inorganic,000057CF,ResInorgCommonCopper,Copper,Common
Jaffa,Jaffa VII-e,Moon,0005E218,JaffaVII-ePlanetData,79431,7,19,Inorganic,000083EC,ResInorgCommonWater_L,Water,Common
Jaffa,Jaffa VII-e,Moon,0005E218,JaffaVII-ePlanetData,79431,7,19,Inorganic,000057D0,ResInorgUncommonFluorine_G,Fluorine,Uncommon
Jaffa,Jaffa VIII,Planet,0005E21B,JaffaVIIIPlanetData,79431,0,8,Inorganic,000057EA,ResInorgCommonArgon_G,Argon,Common
Jaffa,Jaffa VIII,Planet,0005E21B,JaffaVIIIPlanetData,79431,0,8,Inorganic,000083EC,ResInorgCommonWater_L,Water,Common
Kang,Kang I,Planet,0005DE89,KangIPlanetData,71517,0,1,Inorganic,000057F5,ResInorgCommonHelium3_G,Helium3,Common
Kang,Kang I,Planet,0005DE89,KangIPlanetData,71517,0,1,Inorganic,000057C7,ResInorgCommonIron,Iron,Common
Kang,Kang I,Planet,0005DE89,KangIPlanetData,71517,0,1,Inorganic,000057CA,ResInorgExoticYtterbium,Ytterbium,Exotic
Kang,Kang II,Planet,0005DE8A,KangIIPlanetData,71517,0,2,Inorganic,000057D6,ResInorgCommonAluminum,Aluminum,Common
Kang,Kang II,Planet,0005DE8A,KangIIPlanetData,71517,0,2,Inorganic,000057F5,ResInorgCommonHelium3_G,Helium3,Common
Kang,Kang II,Planet,0005DE8A,KangIIPlanetData,71517,0,2,Inorganic,000057D8,ResInorgUncommonBeryllium,Beryllium,Uncommon
Kang,Kang III,Planet,0005DE8B,KangIIIPlanetData,71517,0,3,Inorganic,000057C7,ResInorgCommonIron,Iron,Common
Kang,Kang III,Planet,0005DE8B,KangIIIPlanetData,71517,0,3,Inorganic,000057C1,ResInorgCommonLead,Lead,Common
Kang,Kang III,Planet,0005DE8B,KangIIIPlanetData,71517,0,3,Inorganic,000083EC,ResInorgCommonWater_L,Water,Common
Kang,Kang III,Planet,0005DE8B,KangIIIPlanetData,71517,0,3,Inorganic,000057C9,ResInorgUncommonAlkanes_G,Alkanes,Uncommon
Kang,Kang III,Planet,0005DE8B,KangIIIPlanetData,71517,0,3,Inorganic,000057C3,ResInorgUncommonSilver,Silver,Uncommon
Kang,Kang III,Planet,0005DE8B,KangIIIPlanetData,71517,0,3,Organic,00077821,ResOrgCommonFiber,Fiber,Common
Kang,Kang III,Planet,0005DE8B,KangIIIPlanetData,71517,0,3,Organic,00224642,ResOrgCommonFiberFaunaHerbivore,Fiber,Common
Kang,Kang III,Planet,0005DE8B,KangIIIPlanetData,71517,0,3,Organic,00224640,ResOrgCommonNutrientFaunaHerbivore,Nutrient,Common
Kang,Kang III,Planet,0005DE8B,KangIIIPlanetData,71517,0,3,Organic,0022464B,ResOrgCommonSealantFaunaCarnivore,Sealant,Common
Kang,Kang III,Planet,0005DE8B,KangIIIPlanetData,71517,0,3,Organic,00077823,ResOrgCommonToxin,Toxin,Common
Kang,Kang III,Planet,0005DE8B,KangIIIPlanetData,71517,0,3,Organic,002246D7,ResOrgUncommonAntimicrobialFaunaCarnivore,Antimicrobial,Uncommon
Kang,Kang III,Planet,0005DE8B,KangIIIPlanetData,71517,0,3,Organic,00077822,ResOrgUncommonOrnamental,Ornamental,Uncommon
Kang,Kang III,Planet,0005DE8B,KangIIIPlanetData,71517,0,3,Organic,0022464A,ResOrgUncommonSpiceFaunaCarnivore,Spice,Uncommon
Kang,Kang IV,Planet,0005DE8C,KangIVPlanetData,71517,0,4,Inorganic,000057D5,ResInorgCommonChlorine_G,Chlorine,Common
Kang,Kang IV,Planet,0005DE8C,KangIVPlanetData,71517,0,4,Inorganic,000057C1,ResInorgCommonLead,Lead,Common
Kang,Kang IV,Planet,0005DE8C,KangIVPlanetData,71517,0,4,Inorganic,000057CB,ResInorgCommonNickel,Nickel,Common
Kang,Kang IV,Planet,0005DE8C,KangIVPlanetData,71517,0,4,Inorganic,000057EB,ResInorgCommonUranium,Uranium,Common
Kang,Kang IV,Planet,0005DE8C,KangIVPlanetData,71517,0,4,Inorganic,000083EC,ResInorgCommonWater_L,Water,Common
Kang,Kang IV,Planet,0005DE8C,KangIVPlanetData,71517,0,4,Inorganic,000057CE,ResInorgUncommonCobalt,Cobalt,Uncommon
Kang,Kang IV,Planet,0005DE8C,KangIVPlanetData,71517,0,4,Inorganic,000057EC,ResInorgUncommonIridium,Iridium,Uncommon
Kang,Kang IV,Planet,0005DE8C,KangIVPlanetData,71517,0,4,Inorganic,000057ED,ResInorgRareVanadium,Vanadium,Rare
Kang,Kang IV-a,Moon,0005DE8E,KangIV-aPlanetData,71517,4,11,Inorganic,000057D6,ResInorgCommonAluminum,Aluminum,Common
Kang,Kang IV-a,Moon,0005DE8E,KangIV-aPlanetData,71517,4,11,Inorganic,000057EA,ResInorgCommonArgon_G,Argon,Common
Kang,Kang IV-a,Moon,0005DE8E,KangIV-aPlanetData,71517,4,11,Inorganic,000057F5,ResInorgCommonHelium3_G,Helium3,Common
Kang,Kang IV-a,Moon,0005DE8E,KangIV-aPlanetData,71517,4,11,Inorganic,000057C1,ResInorgCommonLead,Lead,Common
Kang,Kang IV-a,Moon,0005DE8E,KangIV-aPlanetData,71517,4,11,Inorganic,000057CB,ResInorgCommonNickel,Nickel,Common
Kang,Kang IV-a,Moon,0005DE8E,KangIV-aPlanetData,71517,4,11,Inorganic,000057EB,ResInorgCommonUranium,Uranium,Common
Kang,Kang IV-a,Moon,0005DE8E,KangIV-aPlanetData,71517,4,11,Inorganic,000083EC,ResInorgCommonWater_L,Water,Common
Kang,Kang IV-b,Moon,0005DE8F,KangIV-bPlanetData,71517,4,12,Inorganic,000057F5,ResInorgCommonHelium3_G,Helium3,Common
Kang,Kang IV-b,Moon,0005DE8F,KangIV-bPlanetData,71517,4,12,Inorganic,000057C7,ResInorgCommonIron,Iron,Common
Kang,Kang IV-b,Moon,0005DE8F,KangIV-bPlanetData,71517,4,12,Inorganic,000057CA,ResInorgExoticYtterbium,Ytterbium,Exotic
Kang,Kang IV-c,Moon,0005DE8D,KangIV-cPlanetData,71517,4,10,Inorganic,000057D6,ResInorgCommonAluminum,Aluminum,Common
Kang,Kang IV-c,Moon,0005DE8D,KangIV-cPlanetData,71517,4,10,Inorganic,000057F5,ResInorgCommonHelium3_G,Helium3,Common
Kang,Kang V,Planet,0005DE90,KangVPlanetData,71517,0,5,Inorganic,000057EA,ResInorgCommonArgon_G,Argon,Common
Kang,Kang V,Planet,0005DE90,KangVPlanetData,71517,0,5,Inorganic,000057C7,ResInorgCommonIron,Iron,Common
Kang,Kang V,Planet,0005DE90,KangVPlanetData,71517,0,5,Inorganic,000057C1,ResInorgCommonLead,Lead,Common
Kang,Kang V,Planet,0005DE90,KangVPlanetData,71517,0,5,Inorganic,000057CB,ResInorgCommonNickel,Nickel,Common
Kang,Kang V,Planet,0005DE90,KangVPlanetData,71517,0,5,Inorganic,000083EC,ResInorgCommonWater_L,Water,Common
Kang,Kang V,Planet,0005DE90,KangVPlanetData,71517,0,5,Inorganic,000057C9,ResInorgUncommonAlkanes_G,Alkanes,Uncommon
Kang,Kang V,Planet,0005DE90,KangVPlanetData,71517,0,5,Inorganic,000057CE,ResInorgUncommonCobalt,Cobalt,Uncommon
Kang,Kang V,Planet,0005DE90,KangVPlanetData,71517,0,5,Inorganic,000057C8,ResInorgRareTantalum,Tantalum,Rare
Kang,Kang VI,Planet,0005DE91,KangVIPlanetData,71517,0,6,Inorganic,000057CF,ResInorgCommonCopper,Copper,Common
Kang,Kang VI,Planet,0005DE91,KangVIPlanetData,71517,0,6,Inorganic,000057C1,ResInorgCommonLead,Lead,Common
Kang,Kang VI,Planet,0005DE91,KangVIPlanetData,71517,0,6,Inorganic,000083EC,ResInorgCommonWater_L,Water,Common
Kang,Kang VI,Planet,0005DE91,KangVIPlanetData,71517,0,6,Inorganic,000057C6,ResInorgRareTitanium,Titanium,Rare
Kang,Kang VI,Planet,0005DE91,KangVIPlanetData,71517,0,6,Inorganic,000057D3,ResInorgExoticAntimony,Antimony,Exotic
Kang,Kang VI-a,Moon,0005DE92,KangVI-aPlanetData,71517,6,13,Inorganic,000057D6,ResInorgCommonAluminum,Aluminum,Common
Kang,Kang VI-a,Moon,0005DE92,KangVI-aPlanetData,71517,6,13,Inorganic,000057F5,ResInorgCommonHelium3_G,Helium3,Common
Kang,Kang VI-a,Moon,0005DE92,KangVI-aPlanetData,71517,6,13,Inorganic,000057D8,ResInorgUncommonBeryllium,Beryllium,Uncommon
Kang,Kang VII-a,Moon,0005DE95,KangVII-aPlanetData,71517,7,15,Inorganic,000057D5,ResInorgCommonChlorine_G,Chlorine,Common
Kang,Kang VII-a,Moon,0005DE95,KangVII-aPlanetData,71517,7,15,Inorganic,000083EC,ResInorgCommonWater_L,Water,Common
Kang,Kang VII-a,Moon,0005DE95,KangVII-aPlanetData,71517,7,15,Inorganic,000057D7,ResInorgUncommonChlorosilanes_L,Chlorosilanes,Uncommon
Kang,Kang VII-b,Moon,0005DE96,KangVII-bPlanetData,71517,7,16,Inorganic,000057CF,ResInorgCommonCopper,Copper,Common
Kang,Kang VII-b,Moon,0005DE96,KangVII-bPlanetData,71517,7,16,Inorganic,000057CB,ResInorgCommonNickel,Nickel,Common
Kang,Kang VII-b,Moon,0005DE96,KangVII-bPlanetData,71517,7,16,Inorganic,000057EB,ResInorgCommonUranium,Uranium,Common
Kang,Kang VII-b,Moon,0005DE96,KangVII-bPlanetData,71517,7,16,Inorganic,000083EC,ResInorgCommonWater_L,Water,Common
Kang,Kang VII-b,Moon,0005DE96,KangVII-bPlanetData,71517,7,16,Inorganic,000057EC,ResInorgUncommonIridium,Iridium,Uncommon
Kang,Kang VII-c,Moon,0005DE94,KangVII-cPlanetData,71517,7,14,Inorganic,000057CF,ResInorgCommonCopper,Copper,Common
Kang,Kang VII-c,Moon,0005DE94,KangVII-cPlanetData,71517,7,14,Inorganic,000057C1,ResInorgCommonLead,Lead,Common
Kang,Kang VII-c,Moon,0005DE94,KangVII-cPlanetData,71517,7,14,Inorganic,000057CB,ResInorgCommonNickel,Nickel,Common
Kang,Kang VII-c,Moon,0005DE94,KangVII-cPlanetData,71517,7,14,Inorganic,000057EB,ResInorgCommonUranium,Uranium,Common
Kang,Kang VII-c,Moon,0005DE94,KangVII-cPlanetData,71517,7,14,Inorganic,000083EC,ResInorgCommonWater_L,Water,Common
Kang,Kang VII-c,Moon,0005DE94,KangVII-cPlanetData,71517,7,14,Inorganic,000057D0,ResInorgUncommonFluorine_G,Fluorine,Uncommon
Kang,Kang VII-c,Moon,0005DE94,KangVII-cPlanetData,71517,7,14,Inorganic,000057D1,ResInorgRareTetrafluorides_G,Tetrafluorides,Rare
Kang,Kang VII-d,Moon,0005DE97,KangVII-dPlanetData,71517,7,17,Inorganic,000057CB,ResInorgCommonNickel,Nickel,Common
Kang,Kang VII-d,Moon,0005DE97,KangVII-dPlanetData,71517,7,17,Inorganic,000083EC,ResInorgCommonWater_L,Water,Common
Kang,Kang VII-d,Moon,0005DE97,KangVII-dPlanetData,71517,7,17,Inorganic,000057CE,ResInorgUncommonCobalt,Cobalt,Uncommon
Kang,Kang VIII-a,Moon,0005DE9B,KangVIII-aPlanetData,71517,8,20,Inorganic,000057D6,ResInorgCommonAluminum,Aluminum,Common
Kang,Kang VIII-a,Moon,0005DE9B,KangVIII-aPlanetData,71517,8,20,Inorganic,000057F5,ResInorgCommonHelium3_G,Helium3,Common
Kang,Kang VIII-a,Moon,0005DE9B,KangVIII-aPlanetData,71517,8,20,Inorganic,000057D8,ResInorgUncommonBeryllium,Beryllium,Uncommon
Kang,Kang VIII-a,Moon,0005DE9B,KangVIII-aPlanetData,71517,8,20,Inorganic,000057DB,ResInorgRareNeodymium,Neodymium,Rare
Kang,Kang VIII-b,Moon,0005DE99,KangVIII-bPlanetData,71517,8,18,Inorganic,000057CB,ResInorgCommonNickel,Nickel,Common
Kang,Kang VIII-b,Moon,0005DE99,KangVIII-bPlanetData,71517,8,18,Inorganic,000083EC,ResInorgCommonWater_L,Water,Common
Kang,Kang VIII-c,Moon,0005DE9A,KangVIII-cPlanetData,71517,8,19,Inorganic,000057D5,ResInorgCommonChlorine_G,Chlorine,Common
Kang,Kang VIII-c,Moon,0005DE9A,KangVIII-cPlanetData,71517,8,19,Inorganic,000057CF,ResInorgCommonCopper,Copper,Common
Kang,Kang VIII-c,Moon,0005DE9A,KangVIII-cPlanetData,71517,8,19,Inorganic,000057C7,ResInorgCommonIron,Iron,Common
Kang,Kang VIII-c,Moon,0005DE9A,KangVIII-cPlanetData,71517,8,19,Inorganic,000083EC,ResInorgCommonWater_L,Water,Common
Kang,Kang VIII-c,Moon,0005DE9A,KangVIII-cPlanetData,71517,8,19,Inorganic,000057C9,ResInorgUncommonAlkanes_G,Alkanes,Uncommon
Kang,Kang VIII-c,Moon,0005DE9A,KangVIII-cPlanetData,71517,8,19,Inorganic,000057D7,ResInorgUncommonChlorosilanes_L,Chlorosilanes,Uncommon
Kang,Kang VIII-c,Moon,0005DE9A,KangVIII-cPlanetData,71517,8,19,Inorganic,000057CA,ResInorgExoticYtterbium,Ytterbium,Exotic
Kang,Kang VIII-c,Moon,0005DE9A,KangVIII-cPlanetData,71517,8,19,Organic,0022462E,ResOrgCommonSealantFaunaHerbivore,Sealant,Common
Kang,Kang VIII-d,Moon,0005DE9C,KangVIII-dPlanetData,71517,8,21,Inorganic,000057C1,ResInorgCommonLead,Lead,Common
Kang,Kang VIII-d,Moon,0005DE9C,KangVIII-dPlanetData,71517,8,21,Inorganic,000083EC,ResInorgCommonWater_L,Water,Common
Kang,Kang VIII-d,Moon,0005DE9C,KangVIII-dPlanetData,71517,8,21,Inorganic,000057C3,ResInorgUncommonSilver,Silver,Uncommon
Kapteyn's Star,Kapteyn I,Planet,002C88FA,KapteynIPlanetData,24129,0,2,Inorganic,000057D6,ResInorgCommonAluminum,Aluminum,Common
Kapteyn's Star,Kapteyn I,Planet,002C88FA,KapteynIPlanetData,24129,0,2,Inorganic,000057F5,ResInorgCommonHelium3_G,Helium3,Common
Kapteyn's Star,Kapteyn I,Planet,002C88FA,KapteynIPlanetData,24129,0,2,Inorganic,000057C1,ResInorgCommonLead,Lead,Common
Kapteyn's Star,Kapteyn I,Planet,002C88FA,KapteynIPlanetData,24129,0,2,Inorganic,000057CB,ResInorgCommonNickel,Nickel,Common
Kapteyn's Star,Kapteyn I,Planet,002C88FA,KapteynIPlanetData,24129,0,2,Inorganic,000057EB,ResInorgCommonUranium,Uranium,Common
Kapteyn's Star,Kapteyn I,Planet,002C88FA,KapteynIPlanetData,24129,0,2,Inorganic,000083EC,ResInorgCommonWater_L,Water,Common
Kapteyn's Star,Kapteyn I,Planet,002C88FA,KapteynIPlanetData,24129,0,2,Inorganic,000057CC,ResInorgRarePlatinum,Platinum,Rare
Kapteyn's Star,Kapteyn I,Planet,002C88FA,KapteynIPlanetData,24129,0,2,Inorganic,000057ED,ResInorgRareVanadium,Vanadium,Rare
Katydid,Katydid I-a,Moon,0005DE7A,KatydidI-aPlanetData,55539,1,5,Inorganic,000057D5,ResInorgCommonChlorine_G,Chlorine,Common
Katydid,Katydid I-a,Moon,0005DE7A,KatydidI-aPlanetData,55539,1,5,Inorganic,000057C7,ResInorgCommonIron,Iron,Common
Katydid,Katydid I-a,Moon,0005DE7A,KatydidI-aPlanetData,55539,1,5,Inorganic,000057EB,ResInorgCommonUranium,Uranium,Common
Katydid,Katydid I-a,Moon,0005DE7A,KatydidI-aPlanetData,55539,1,5,Inorganic,000083EC,ResInorgCommonWater_L,Water,Common
Katydid,Katydid I-a,Moon,0005DE7A,KatydidI-aPlanetData,55539,1,5,Inorganic,000057C9,ResInorgUncommonAlkanes_G,Alkanes,Uncommon
Katydid,Katydid I-a,Moon,0005DE7A,KatydidI-aPlanetData,55539,1,5,Inorganic,000057D7,ResInorgUncommonChlorosilanes_L,Chlorosilanes,Uncommon
Katydid,Katydid I-a,Moon,0005DE7A,KatydidI-aPlanetData,55539,1,5,Inorganic,000057CA,ResInorgExoticYtterbium,Ytterbium,Exotic
Katydid,Katydid I-a,Moon,0005DE7A,KatydidI-aPlanetData,55539,1,5,Organic,00224641,ResOrgCommonMetabolicAgentFaunaHerbivore,MetabolicAgent,Common
Katydid,Katydid I-a,Moon,0005DE7A,KatydidI-aPlanetData,55539,1,5,Organic,000777E6,ResOrgCommonNutrient,Nutrient,Common
Katydid,Katydid I-a,Moon,0005DE7A,KatydidI-aPlanetData,55539,1,5,Organic,0007782D,ResOrgCommonSealant,Sealant,Common
Katydid,Katydid I-a,Moon,0005DE7A,KatydidI-aPlanetData,55539,1,5,Organic,000777FA,ResOrgCommonStructural,Structural,Common
Katydid,Katydid I-a,Moon,0005DE7A,KatydidI-aPlanetData,55539,1,5,Organic,0022463E,ResOrgCommonToxinFaunaHerbivore,Toxin,Common
Katydid,Katydid I-a,Moon,0005DE7A,KatydidI-aPlanetData,55539,1,5,Organic,00224631,ResOrgUncommonCosmeticFaunaHerbivore,Cosmetic,Uncommon
Katydid,Katydid I-a,Moon,0005DE7A,KatydidI-aPlanetData,55539,1,5,Organic,00077822,ResOrgUncommonOrnamental,Ornamental,Uncommon
Katydid,Katydid I-a,Moon,0005DE7A,KatydidI-aPlanetData,55539,1,5,Organic,0022464C,ResOrgUncommonPigmentFaunaCarnivore,Pigment,Uncommon
Katydid,Katydid I-b,Moon,0005DE7B,KatydidI-bPlanetData,55539,1,6,Inorganic,000057EA,ResInorgCommonArgon_G,Argon,Common
Katydid,Katydid I-b,Moon,0005DE7B,KatydidI-bPlanetData,55539,1,6,Inorganic,000083EC,ResInorgCommonWater_L,Water,Common
Katydid,Katydid I-b,Moon,0005DE7B,KatydidI-bPlanetData,55539,1,6,Inorganic,000057E7,ResInorgUncommonBenzene_G,Benzene,Uncommon
Katydid,Katydid I-b,Moon,0005DE7B,KatydidI-bPlanetData,55539,1,6,Inorganic,000057E8,ResInorgRareCarboxylicAcids_L,CarboxylicAcids,Rare
Katydid,Katydid II,Planet,0005DE7C,KatydidIIPlanetData,55539,0,2,Inorganic,000057D5,ResInorgCommonChlorine_G,Chlorine,Common
Katydid,Katydid II,Planet,0005DE7C,KatydidIIPlanetData,55539,0,2,Inorganic,000057C1,ResInorgCommonLead,Lead,Common
Katydid,Katydid II,Planet,0005DE7C,KatydidIIPlanetData,55539,0,2,Inorganic,000083EC,ResInorgCommonWater_L,Water,Common
Katydid,Katydid II,Planet,0005DE7C,KatydidIIPlanetData,55539,0,2,Inorganic,000057C3,ResInorgUncommonSilver,Silver,Uncommon
Katydid,Katydid III,Planet,0005DE7D,KatydidIIIPlanetData,55539,0,3,Inorganic,000057D6,ResInorgCommonAluminum,Aluminum,Common
Katydid,Katydid III,Planet,0005DE7D,KatydidIIIPlanetData,55539,0,3,Inorganic,000057CF,ResInorgCommonCopper,Copper,Common
Katydid,Katydid III,Planet,0005DE7D,KatydidIIIPlanetData,55539,0,3,Inorganic,000057C7,ResInorgCommonIron,Iron,Common
Katydid,Katydid III,Planet,0005DE7D,KatydidIIIPlanetData,55539,0,3,Inorganic,000057C1,ResInorgCommonLead,Lead,Common
Katydid,Katydid III,Planet,0005DE7D,KatydidIIIPlanetData,55539,0,3,Inorganic,000083EC,ResInorgCommonWater_L,Water,Common
Katydid,Katydid III,Planet,0005DE7D,KatydidIIIPlanetData,55539,0,3,Inorganic,000057D8,ResInorgUncommonBeryllium,Beryllium,Uncommon
Katydid,Katydid III,Planet,0005DE7D,KatydidIIIPlanetData,55539,0,3,Inorganic,000057C3,ResInorgUncommonSilver,Silver,Uncommon
Katydid,Katydid III,Planet,0005DE7D,KatydidIIIPlanetData,55539,0,3,Inorganic,0004BA38,ResInorgUniqueIndicite,Indicite,Unique
Kavnyk,Kavnyk I-a,Moon,010026BF,KavnykI-aPlanetData,119226,19,23,Inorganic,000057D5,ResInorgCommonChlorine_G,Chlorine,Common
Kavnyk,Kavnyk I-a,Moon,010026BF,KavnykI-aPlanetData,119226,19,23,Inorganic,000083EC,ResInorgCommonWater_L,Water,Common
Kavnyk,Kavnyk I-a,Moon,010026BF,KavnykI-aPlanetData,119226,19,23,Inorganic,000057D7,ResInorgUncommonChlorosilanes_L,Chlorosilanes,Uncommon
Kavnyk,Kavnyk I-c,Moon,010026C0,KavnykI-cPlanetData,119226,19,24,Inorganic,000057CF,ResInorgCommonCopper,Copper,Common
Kavnyk,Kavnyk I-c,Moon,010026C0,KavnykI-cPlanetData,119226,19,24,Inorganic,000057CB,ResInorgCommonNickel,Nickel,Common
Kavnyk,Kavnyk I-c,Moon,010026C0,KavnykI-cPlanetData,119226,19,24,Inorganic,000057D2,ResInorgRareGold,Gold,Rare
Kavnyk,Kavnyk I-c,Moon,010026C0,KavnykI-cPlanetData,119226,19,24,Inorganic,000057CD,ResInorgExoticPalladium,Palladium,Exotic
Kavnyk,Kavnyk II-a,Moon,010026C1,KavnykII-aPlanetData,119226,20,25,Inorganic,000057D5,ResInorgCommonChlorine_G,Chlorine,Common
Kavnyk,Kavnyk II-a,Moon,010026C1,KavnykII-aPlanetData,119226,20,25,Inorganic,000083EC,ResInorgCommonWater_L,Water,Common
Kavnyk,Kavnyk II-a,Moon,010026C1,KavnykII-aPlanetData,119226,20,25,Inorganic,000057DA,ResInorgRareLithium,Lithium,Rare
Kavnyk,Kavnyk II-b,Moon,010026C2,KavnykII-bPlanetData,119226,20,26,Inorganic,000057D5,ResInorgCommonChlorine_G,Chlorine,Common
Kavnyk,Kavnyk II-b,Moon,010026C2,KavnykII-bPlanetData,119226,20,26,Inorganic,000083EC,ResInorgCommonWater_L,Water,Common
Kavnyk,Kavnyk II-b,Moon,010026C2,KavnykII-bPlanetData,119226,20,26,Inorganic,000057D7,ResInorgUncommonChlorosilanes_L,Chlorosilanes,Uncommon
Kavnyk,Kavnyk II-c,Moon,010026C3,KavnykII-cPlanetData,119226,20,27,Inorganic,000057EA,ResInorgCommonArgon_G,Argon,Common
Kavnyk,Kavnyk II-c,Moon,010026C3,KavnykII-cPlanetData,119226,20,27,Inorganic,000057C1,ResInorgCommonLead,Lead,Common
Kavnyk,Kavnyk II-c,Moon,010026C3,KavnykII-cPlanetData,119226,20,27,Inorganic,000057CB,ResInorgCommonNickel,Nickel,Common
Kavnyk,Kavnyk II-c,Moon,010026C3,KavnykII-cPlanetData,119226,20,27,Inorganic,000083EC,ResInorgCommonWater_L,Water,Common
Kavnyk,Kavnyk II-c,Moon,010026C3,KavnykII-cPlanetData,119226,20,27,Inorganic,000057E7,ResInorgUncommonBenzene_G,Benzene,Uncommon
Kavnyk,Kavnyk II-c,Moon,010026C3,KavnykII-cPlanetData,119226,20,27,Inorganic,000057CE,ResInorgUncommonCobalt,Cobalt,Uncommon
Kavnyk,Kavnyk II-c,Moon,010026C3,KavnykII-cPlanetData,119226,20,27,Inorganic,000057CC,ResInorgRarePlatinum,Platinum,Rare
Kavnyk,Kavnyk II-c,Moon,010026C3,KavnykII-cPlanetData,119226,20,27,Organic,0029F3FD,ResOrgCommonMetabolicAgent,MetabolicAgent,Common
Kavnyk,Kavnyk II-c,Moon,010026C3,KavnykII-cPlanetData,119226,20,27,Organic,00224640,ResOrgCommonNutrientFaunaHerbivore,Nutrient,Common
Kavnyk,Kavnyk II-c,Moon,010026C3,KavnykII-cPlanetData,119226,20,27,Organic,0022464E,ResOrgUncommonCosmeticFaunaCarnivore,Cosmetic,Uncommon
Kavnyk,Kavnyk II-c,Moon,010026C3,KavnykII-cPlanetData,119226,20,27,Organic,00224630,ResOrgUncommonMembraneFaunaHerbivore,Membrane,Uncommon
Kavnyk,Kavnyk II-c,Moon,010026C3,KavnykII-cPlanetData,119226,20,27,Organic,0007782A,ResOrgRareAminoAcids,AminoAcids,Rare
Kavnyk,Kavnyk II-c,Moon,010026C3,KavnykII-cPlanetData,119226,20,27,Organic,0022463B,ResOrgExoticLubricantFaunaHerbivore,Lubricant,Exotic
Kavnyk,Kavnyk II-d,Moon,010026C4,KavnykII-dPlanetData,119226,20,28,Inorganic,000057CF,ResInorgCommonCopper,Copper,Common
Kavnyk,Kavnyk II-d,Moon,010026C4,KavnykII-dPlanetData,119226,20,28,Inorganic,000057C1,ResInorgCommonLead,Lead,Common
Kavnyk,Kavnyk II-d,Moon,010026C4,KavnykII-dPlanetData,119226,20,28,Inorganic,000057CB,ResInorgCommonNickel,Nickel,Common
Kavnyk,Kavnyk II-d,Moon,010026C4,KavnykII-dPlanetData,119226,20,28,Inorganic,000083EC,ResInorgCommonWater_L,Water,Common
Kavnyk,Kavnyk II-d,Moon,010026C4,KavnykII-dPlanetData,119226,20,28,Inorganic,000057D0,ResInorgUncommonFluorine_G,Fluorine,Uncommon
Kavnyk,Kavnyk II-d,Moon,010026C4,KavnykII-dPlanetData,119226,20,28,Inorganic,000057D1,ResInorgRareTetrafluorides_G,Tetrafluorides,Rare
Kavnyk,Kavnyk II-d,Moon,010026C4,KavnykII-dPlanetData,119226,20,28,Inorganic,000057C6,ResInorgRareTitanium,Titanium,Rare
Kavnyk,Kavnyk II-d,Moon,010026C4,KavnykII-dPlanetData,119226,20,28,Organic,000777F9,ResOrgExoticLubricant,Lubricant,Exotic
Kavnyk,Kavnyk II-e,Moon,010026C5,KavnykII-ePlanetData,119226,20,29,Inorganic,000057D5,ResInorgCommonChlorine_G,Chlorine,Common
Kavnyk,Kavnyk II-e,Moon,010026C5,KavnykII-ePlanetData,119226,20,29,Inorganic,000057C7,ResInorgCommonIron,Iron,Common
Kavnyk,Kavnyk II-e,Moon,010026C5,KavnykII-ePlanetData,119226,20,29,Inorganic,000057CB,ResInorgCommonNickel,Nickel,Common
Kavnyk,Kavnyk II-e,Moon,010026C5,KavnykII-ePlanetData,119226,20,29,Inorganic,000057EB,ResInorgCommonUranium,Uranium,Common
Kavnyk,Kavnyk II-e,Moon,010026C5,KavnykII-ePlanetData,119226,20,29,Inorganic,000057C9,ResInorgUncommonAlkanes_G,Alkanes,Uncommon
Kavnyk,Kavnyk II-e,Moon,010026C5,KavnykII-ePlanetData,119226,20,29,Inorganic,000057CE,ResInorgUncommonCobalt,Cobalt,Uncommon
Kavnyk,Kavnyk II-e,Moon,010026C5,KavnykII-ePlanetData,119226,20,29,Inorganic,000057EC,ResInorgUncommonIridium,Iridium,Uncommon
Kavnyk,Kavnyk II-e,Moon,010026C5,KavnykII-ePlanetData,119226,20,29,Inorganic,000057C8,ResInorgRareTantalum,Tantalum,Rare
Kavnyk,Va'ruun'kai,Moon,01000801,VaruunkaiPlanetData,119226,19,21,Inorganic,000057D5,ResInorgCommonChlorine_G,Chlorine,Common
Kavnyk,Va'ruun'kai,Moon,01000801,VaruunkaiPlanetData,119226,19,21,Inorganic,000057CB,ResInorgCommonNickel,Nickel,Common
Kavnyk,Va'ruun'kai,Moon,01000801,VaruunkaiPlanetData,119226,19,21,Inorganic,000057EB,ResInorgCommonUranium,Uranium,Common
Kavnyk,Va'ruun'kai,Moon,01000801,VaruunkaiPlanetData,119226,19,21,Inorganic,000083EC,ResInorgCommonWater_L,Water,Common
Kavnyk,Va'ruun'kai,Moon,01000801,VaruunkaiPlanetData,119226,19,21,Inorganic,000057CE,ResInorgUncommonCobalt,Cobalt,Uncommon
Kavnyk,Va'ruun'kai,Moon,01000801,VaruunkaiPlanetData,119226,19,21,Inorganic,000057EC,ResInorgUncommonIridium,Iridium,Uncommon
Kavnyk,Va'ruun'kai,Moon,01000801,VaruunkaiPlanetData,119226,19,21,Organic,00224641,ResOrgCommonMetabolicAgentFaunaHerbivore,MetabolicAgent,Common
Kavnyk,Va'ruun'kai,Moon,01000801,VaruunkaiPlanetData,119226,19,21,Organic,00224640,ResOrgCommonNutrientFaunaHerbivore,Nutrient,Common
Kavnyk,Va'ruun'kai,Moon,01000801,VaruunkaiPlanetData,119226,19,21,Organic,0007782D,ResOrgCommonSealant,Sealant,Common
Kavnyk,Va'ruun'kai,Moon,01000801,VaruunkaiPlanetData,119226,19,21,Organic,00224630,ResOrgUncommonMembraneFaunaHerbivore,Membrane,Uncommon
Kavnyk,Va'ruun'kai,Moon,01000801,VaruunkaiPlanetData,119226,19,21,Organic,00224654,ResOrgRareAdhesiveFaunaCarnivore,Adhesive,Rare
Kavnyk,Va'ruun'kai,Moon,01000801,VaruunkaiPlanetData,119226,19,21,Organic,000777F9,ResOrgExoticLubricant,Lubricant,Exotic
Kavnyk,Va'ruun'kai,Moon,01000801,VaruunkaiPlanetData,119226,19,21,Organic,0022463B,ResOrgExoticLubricantFaunaHerbivore,Lubricant,Exotic
Khayyam,Khayyam I,Planet,0005DFDD,KhayyamIPlanetData,65150,0,1,Inorganic,000057D6,ResInorgCommonAluminum,Aluminum,Common
Khayyam,Khayyam I,Planet,0005DFDD,KhayyamIPlanetData,65150,0,1,Inorganic,000057F5,ResInorgCommonHelium3_G,Helium3,Common
Khayyam,Khayyam I,Planet,0005DFDD,KhayyamIPlanetData,65150,0,1,Inorganic,000057D8,ResInorgUncommonBeryllium,Beryllium,Uncommon
Khayyam,Khayyam II,Planet,0005DFDF,KhayyamIIPlanetData,65150,0,2,Inorganic,000057EA,ResInorgCommonArgon_G,Argon,Common
Khayyam,Khayyam II,Planet,0005DFDF,KhayyamIIPlanetData,65150,0,2,Inorganic,000057D5,ResInorgCommonChlorine_G,Chlorine,Common
Khayyam,Khayyam II,Planet,0005DFDF,KhayyamIIPlanetData,65150,0,2,Inorganic,000057EB,ResInorgCommonUranium,Uranium,Common
Khayyam,Khayyam II,Planet,0005DFDF,KhayyamIIPlanetData,65150,0,2,Inorganic,000083EC,ResInorgCommonWater_L,Water,Common
Khayyam,Khayyam II,Planet,0005DFDF,KhayyamIIPlanetData,65150,0,2,Inorganic,000057D7,ResInorgUncommonChlorosilanes_L,Chlorosilanes,Uncommon
Khayyam,Khayyam II,Planet,0005DFDF,KhayyamIIPlanetData,65150,0,2,Inorganic,000057EC,ResInorgUncommonIridium,Iridium,Uncommon
Khayyam,Khayyam II,Planet,0005DFDF,KhayyamIIPlanetData,65150,0,2,Inorganic,000057EE,ResInorgExoticPlutonium,Plutonium,Exotic
Khayyam,Khayyam II,Planet,0005DFDF,KhayyamIIPlanetData,65150,0,2,Inorganic,000057DC,ResInorgExoticXenon_G,Xenon,Exotic
Khayyam,Khayyam II,Planet,0005DFDF,KhayyamIIPlanetData,65150,0,2,Organic,00224642,ResOrgCommonFiberFaunaHerbivore,Fiber,Common
Khayyam,Khayyam II,Planet,0005DFDF,KhayyamIIPlanetData,65150,0,2,Organic,0029F3FD,ResOrgCommonMetabolicAgent,MetabolicAgent,Common
Khayyam,Khayyam II,Planet,0005DFDF,KhayyamIIPlanetData,65150,0,2,Organic,00224640,ResOrgCommonNutrientFaunaHerbivore,Nutrient,Common
Khayyam,Khayyam II,Planet,0005DFDF,KhayyamIIPlanetData,65150,0,2,Organic,0007782D,ResOrgCommonSealant,Sealant,Common
Khayyam,Khayyam II,Planet,0005DFDF,KhayyamIIPlanetData,65150,0,2,Organic,0022462C,ResOrgCommonStructuralFaunaHerbivore,Structural,Common
Khayyam,Khayyam II,Planet,0005DFDF,KhayyamIIPlanetData,65150,0,2,Organic,00077823,ResOrgCommonToxin,Toxin,Common
Khayyam,Khayyam II,Planet,0005DFDF,KhayyamIIPlanetData,65150,0,2,Organic,0022463E,ResOrgCommonToxinFaunaHerbivore,Toxin,Common
Khayyam,Khayyam II,Planet,0005DFDF,KhayyamIIPlanetData,65150,0,2,Organic,00077820,ResOrgUncommonAntimicrobial,Antimicrobial,Uncommon
Khayyam,Khayyam II,Planet,0005DFDF,KhayyamIIPlanetData,65150,0,2,Organic,00077822,ResOrgUncommonOrnamental,Ornamental,Uncommon
Khayyam,Khayyam II,Planet,0005DFDF,KhayyamIIPlanetData,65150,0,2,Organic,0022465C,ResOrgUncommonOrnamentalFaunaCarnivore,Ornamental,Uncommon
Khayyam,Khayyam II,Planet,0005DFDF,KhayyamIIPlanetData,65150,0,2,Organic,0022462D,ResOrgUncommonSpiceFaunaHerbivore,Spice,Uncommon
Khayyam,Khayyam II,Planet,0005DFDF,KhayyamIIPlanetData,65150,0,2,Organic,00224635,ResOrgRareAnalgesicFaunaHerbivore,Analgesic,Rare
Khayyam,Khayyam II,Planet,0005DFDF,KhayyamIIPlanetData,65150,0,2,Organic,00224650,ResOrgRareHallucinogenFaunaCarnivore,Hallucinogen,Rare
Khayyam,Khayyam II,Planet,0005DFDF,KhayyamIIPlanetData,65150,0,2,Organic,00224656,ResOrgExoticPolymerFaunaCarnivore,Polymer,Exotic
Khayyam,Khayyam II-a,Moon,0005DFE0,KhayyamII-aPlanetData,65150,2,9,Inorganic,000057D6,ResInorgCommonAluminum,Aluminum,Common
Khayyam,Khayyam II-a,Moon,0005DFE0,KhayyamII-aPlanetData,65150,2,9,Inorganic,000057F5,ResInorgCommonHelium3_G,Helium3,Common
Khayyam,Khayyam II-a,Moon,0005DFE0,KhayyamII-aPlanetData,65150,2,9,Inorganic,000057D8,ResInorgUncommonBeryllium,Beryllium,Uncommon
Khayyam,Khayyam II-a,Moon,0005DFE0,KhayyamII-aPlanetData,65150,2,9,Inorganic,000057E2,ResInorgExoticEuropium,Europium,Exotic
Khayyam,Khayyam III,Planet,0005DFE1,KhayyamIIIPlanetData,65150,0,3,Inorganic,000057D5,ResInorgCommonChlorine_G,Chlorine,Common
Khayyam,Khayyam III,Planet,0005DFE1,KhayyamIIIPlanetData,65150,0,3,Inorganic,000057CF,ResInorgCommonCopper,Copper,Common
Khayyam,Khayyam III,Planet,0005DFE1,KhayyamIIIPlanetData,65150,0,3,Inorganic,000057C7,ResInorgCommonIron,Iron,Common
Khayyam,Khayyam III,Planet,0005DFE1,KhayyamIIIPlanetData,65150,0,3,Inorganic,000057C1,ResInorgCommonLead,Lead,Common
Khayyam,Khayyam III,Planet,0005DFE1,KhayyamIIIPlanetData,65150,0,3,Inorganic,000083EC,ResInorgCommonWater_L,Water,Common
Khayyam,Khayyam III,Planet,0005DFE1,KhayyamIIIPlanetData,65150,0,3,Inorganic,000057C9,ResInorgUncommonAlkanes_G,Alkanes,Uncommon
Khayyam,Khayyam III,Planet,0005DFE1,KhayyamIIIPlanetData,65150,0,3,Inorganic,000057D7,ResInorgUncommonChlorosilanes_L,Chlorosilanes,Uncommon
Khayyam,Khayyam III,Planet,0005DFE1,KhayyamIIIPlanetData,65150,0,3,Inorganic,000057D2,ResInorgRareGold,Gold,Rare
Khayyam,Khayyam III-a,Moon,0005DFE3,KhayyamIII-aPlanetData,65150,3,11,Inorganic,000057F5,ResInorgCommonHelium3_G,Helium3,Common
Khayyam,Khayyam III-a,Moon,0005DFE3,KhayyamIII-aPlanetData,65150,3,11,Inorganic,000057C7,ResInorgCommonIron,Iron,Common
Khayyam,Khayyam III-b,Moon,0005DFE2,KhayyamIII-bPlanetData,65150,3,10,Inorganic,000057F5,ResInorgCommonHelium3_G,Helium3,Common
Khayyam,Khayyam III-b,Moon,0005DFE2,KhayyamIII-bPlanetData,65150,3,10,Inorganic,000057C7,ResInorgCommonIron,Iron,Common
Khayyam,Khayyam III-b,Moon,0005DFE2,KhayyamIII-bPlanetData,65150,3,10,Inorganic,000057C9,ResInorgUncommonAlkanes_G,Alkanes,Uncommon
Khayyam,Khayyam III-b,Moon,0005DFE2,KhayyamIII-bPlanetData,65150,3,10,Inorganic,000057CA,ResInorgExoticYtterbium,Ytterbium,Exotic
Khayyam,Khayyam III-c,Moon,0005DFE4,KhayyamIII-cPlanetData,65150,3,12,Inorganic,000057D6,ResInorgCommonAluminum,Aluminum,Common
Khayyam,Khayyam III-c,Moon,0005DFE4,KhayyamIII-cPlanetData,65150,3,12,Inorganic,000057F5,ResInorgCommonHelium3_G,Helium3,Common
Khayyam,Khayyam III-c,Moon,0005DFE4,KhayyamIII-cPlanetData,65150,3,12,Inorganic,000057E2,ResInorgExoticEuropium,Europium,Exotic
Khayyam,Khayyam IV,Planet,0005DFE5,KhayyamIVPlanetData,65150,0,4,Inorganic,000057CF,ResInorgCommonCopper,Copper,Common
Khayyam,Khayyam IV,Planet,0005DFE5,KhayyamIVPlanetData,65150,0,4,Inorganic,000057C7,ResInorgCommonIron,Iron,Common
Khayyam,Khayyam IV,Planet,0005DFE5,KhayyamIVPlanetData,65150,0,4,Inorganic,000057C1,ResInorgCommonLead,Lead,Common
Khayyam,Khayyam IV,Planet,0005DFE5,KhayyamIVPlanetData,65150,0,4,Inorganic,000083EC,ResInorgCommonWater_L,Water,Common
Khayyam,Khayyam IV,Planet,0005DFE5,KhayyamIVPlanetData,65150,0,4,Inorganic,000057C9,ResInorgUncommonAlkanes_G,Alkanes,Uncommon
Khayyam,Khayyam IV,Planet,0005DFE5,KhayyamIVPlanetData,65150,0,4,Inorganic,000057C4,ResInorgUncommonTungsten,Tungsten,Uncommon
Khayyam,Khayyam IV,Planet,0005DFE5,KhayyamIVPlanetData,65150,0,4,Inorganic,000057C8,ResInorgRareTantalum,Tantalum,Rare
Khayyam,Khayyam IV,Planet,0005DFE5,KhayyamIVPlanetData,65150,0,4,Inorganic,000057C6,ResInorgRareTitanium,Titanium,Rare
Khayyam,Khayyam IV-a,Moon,0005DFE6,KhayyamIV-aPlanetData,65150,4,13,Inorganic,000057D6,ResInorgCommonAluminum,Aluminum,Common
Khayyam,Khayyam IV-a,Moon,0005DFE6,KhayyamIV-aPlanetData,65150,4,13,Inorganic,000057F5,ResInorgCommonHelium3_G,Helium3,Common
Khayyam,Khayyam V-a,Moon,0005DFE8,KhayyamV-aPlanetData,65150,5,14,Inorganic,000057CB,ResInorgCommonNickel,Nickel,Common
Khayyam,Khayyam V-a,Moon,0005DFE8,KhayyamV-aPlanetData,65150,5,14,Inorganic,000083EC,ResInorgCommonWater_L,Water,Common
Khayyam,Khayyam VI-a,Moon,0005DFEC,KhayyamVI-aPlanetData,65150,6,17,Inorganic,000057CB,ResInorgCommonNickel,Nickel,Common
Khayyam,Khayyam VI-a,Moon,0005DFEC,KhayyamVI-aPlanetData,65150,6,17,Inorganic,000083EC,ResInorgCommonWater_L,Water,Common
Khayyam,Khayyam VI-a,Moon,0005DFEC,KhayyamVI-aPlanetData,65150,6,17,Inorganic,000057CE,ResInorgUncommonCobalt,Cobalt,Uncommon
Khayyam,Khayyam VI-b,Moon,0005DFEE,KhayyamVI-bPlanetData,65150,6,19,Inorganic,000057C1,ResInorgCommonLead,Lead,Common
Khayyam,Khayyam VI-b,Moon,0005DFEE,KhayyamVI-bPlanetData,65150,6,19,Inorganic,000083EC,ResInorgCommonWater_L,Water,Common
Khayyam,Khayyam VI-b,Moon,0005DFEE,KhayyamVI-bPlanetData,65150,6,19,Inorganic,000057C4,ResInorgUncommonTungsten,Tungsten,Uncommon
Khayyam,Khayyam VI-c,Moon,0005DFED,KhayyamVI-cPlanetData,65150,6,18,Inorganic,000057EA,ResInorgCommonArgon_G,Argon,Common
Khayyam,Khayyam VI-c,Moon,0005DFED,KhayyamVI-cPlanetData,65150,6,18,Inorganic,000083EC,ResInorgCommonWater_L,Water,Common
Khayyam,Khayyam VI-d,Moon,0005DFEA,KhayyamVI-dPlanetData,65150,6,15,Inorganic,000057EA,ResInorgCommonArgon_G,Argon,Common
Khayyam,Khayyam VI-d,Moon,0005DFEA,KhayyamVI-dPlanetData,65150,6,15,Inorganic,000083EC,ResInorgCommonWater_L,Water,Common
Khayyam,Khayyam VI-d,Moon,0005DFEA,KhayyamVI-dPlanetData,65150,6,15,Inorganic,000057E7,ResInorgUncommonBenzene_G,Benzene,Uncommon
Khayyam,Khayyam VI-e,Moon,0005DFEB,KhayyamVI-ePlanetData,65150,6,16,Inorganic,000057CF,ResInorgCommonCopper,Copper,Common
Khayyam,Khayyam VI-e,Moon,0005DFEB,KhayyamVI-ePlanetData,65150,6,16,Inorganic,000083EC,ResInorgCommonWater_L,Water,Common
Khayyam,Khayyam VI-e,Moon,0005DFEB,KhayyamVI-ePlanetData,65150,6,16,Inorganic,000057D1,ResInorgRareTetrafluorides_G,Tetrafluorides,Rare
Khayyam,Khayyam VI-e,Moon,0005DFEB,KhayyamVI-ePlanetData,65150,6,16,Inorganic,000057D4,ResInorgExoticIonicLiquids_L,IonicLiquids,Exotic
Kryx,Boron,Moon,0005E239,BoronPlanetData,77022,1,6,Inorganic,000057D6,ResInorgCommonAluminum,Aluminum,Common
Kryx,Boron,Moon,0005E239,BoronPlanetData,77022,1,6,Inorganic,000057F5,ResInorgCommonHelium3_G,Helium3,Common
Kryx,Boron,Moon,0005E239,BoronPlanetData,77022,1,6,Inorganic,000057D8,ResInorgUncommonBeryllium,Beryllium,Uncommon
Kryx,Candore,Moon,0005E238,CandorePlanetData,77022,1,5,Inorganic,000057D6,ResInorgCommonAluminum,Aluminum,Common
Kryx,Candore,Moon,0005E238,CandorePlanetData,77022,1,5,Inorganic,000057F5,ResInorgCommonHelium3_G,Helium3,Common
Kryx,Candore,Moon,0005E238,CandorePlanetData,77022,1,5,Inorganic,000057D8,ResInorgUncommonBeryllium,Beryllium,Uncommon
Kryx,Candore,Moon,0005E238,CandorePlanetData,77022,1,5,Inorganic,000057DB,ResInorgRareNeodymium,Neodymium,Rare
Kryx,Ice,Moon,0005E236,IcePlanetData,77022,1,3,Inorganic,000057EA,ResInorgCommonArgon_G,Argon,Common
Kryx,Ice,Moon,0005E236,IcePlanetData,77022,1,3,Inorganic,000083EC,ResInorgCommonWater_L,Water,Common
Kryx,Max,Moon,0005E23C,MAXPlanetData,77022,1,9,Inorganic,000057D5,ResInorgCommonChlorine_G,Chlorine,Common
Kryx,Max,Moon,0005E23C,MAXPlanetData,77022,1,9,Inorganic,000057C1,ResInorgCommonLead,Lead,Common
Kryx,Max,Moon,0005E23C,MAXPlanetData,77022,1,9,Inorganic,000057CB,ResInorgCommonNickel,Nickel,Common
Kryx,Max,Moon,0005E23C,MAXPlanetData,77022,1,9,Inorganic,000057EB,ResInorgCommonUranium,Uranium,Common
Kryx,Max,Moon,0005E23C,MAXPlanetData,77022,1,9,Inorganic,000083EC,ResInorgCommonWater_L,Water,Common
Kryx,Max,Moon,0005E23C,MAXPlanetData,77022,1,9,Inorganic,000057D7,ResInorgUncommonChlorosilanes_L,Chlorosilanes,Uncommon
Kryx,Max,Moon,0005E23C,MAXPlanetData,77022,1,9,Inorganic,000057DA,ResInorgRareLithium,Lithium,Rare
Kryx,Neebas,Moon,0005E237,NeebasPlanetData,77022,1,4,Inorganic,000057CF,ResInorgCommonCopper,Copper,Common
Kryx,Neebas,Moon,0005E237,NeebasPlanetData,77022,1,4,Inorganic,000057C7,ResInorgCommonIron,Iron,Common
Kryx,Neebas,Moon,0005E237,NeebasPlanetData,77022,1,4,Inorganic,000057CB,ResInorgCommonNickel,Nickel,Common
Kryx,Neebas,Moon,0005E237,NeebasPlanetData,77022,1,4,Inorganic,000057EB,ResInorgCommonUranium,Uranium,Common
Kryx,Neebas,Moon,0005E237,NeebasPlanetData,77022,1,4,Inorganic,000083EC,ResInorgCommonWater_L,Water,Common
Kryx,Neebas,Moon,0005E237,NeebasPlanetData,77022,1,4,Inorganic,000057CE,ResInorgUncommonCobalt,Cobalt,Uncommon
Kryx,Neebas,Moon,0005E237,NeebasPlanetData,77022,1,4,Inorganic,000057D2,ResInorgRareGold,Gold,Rare
Kryx,Neebas,Moon,0005E237,NeebasPlanetData,77022,1,4,Inorganic,000057EE,ResInorgExoticPlutonium,Plutonium,Exotic
Kryx,Neebas,Moon,0005E237,NeebasPlanetData,77022,1,4,Organic,00224640,ResOrgCommonNutrientFaunaHerbivore,Nutrient,Common
Kryx,Neebas,Moon,0005E237,NeebasPlanetData,77022,1,4,Organic,0022464B,ResOrgCommonSealantFaunaCarnivore,Sealant,Common
Kryx,Neebas,Moon,0005E237,NeebasPlanetData,77022,1,4,Organic,00224649,ResOrgCommonStructuralFaunaCarnivore,Structural,Common
Kryx,Neebas,Moon,0005E237,NeebasPlanetData,77022,1,4,Organic,0022462C,ResOrgCommonStructuralFaunaHerbivore,Structural,Common
Kryx,Nox,Moon,0005E23B,NoxPlanetData,77022,1,8,Inorganic,000057D6,ResInorgCommonAluminum,Aluminum,Common
Kryx,Nox,Moon,0005E23B,NoxPlanetData,77022,1,8,Inorganic,000057F5,ResInorgCommonHelium3_G,Helium3,Common
Kryx,Nox,Moon,0005E23B,NoxPlanetData,77022,1,8,Inorganic,000057D8,ResInorgUncommonBeryllium,Beryllium,Uncommon
Kryx,Rocklock,Moon,0005E23A,RocklockPlanetData,77022,1,7,Inorganic,000057F5,ResInorgCommonHelium3_G,Helium3,Common
Kryx,Rocklock,Moon,0005E23A,RocklockPlanetData,77022,1,7,Inorganic,000057C7,ResInorgCommonIron,Iron,Common
Kryx,Suvorov,Planet,0005E235,SuvorovPlanetData,77022,0,1,Inorganic,000057CF,ResInorgCommonCopper,Copper,Common
Kryx,Suvorov,Planet,0005E235,SuvorovPlanetData,77022,0,1,Inorganic,000083EC,ResInorgCommonWater_L,Water,Common
Kryx,Suvorov,Planet,0005E235,SuvorovPlanetData,77022,0,1,Inorganic,000057D0,ResInorgUncommonFluorine_G,Fluorine,Uncommon
Kryx,Suvorov,Planet,0005E235,SuvorovPlanetData,77022,0,1,Organic,0022465E,ResOrgCommonMetabolicAgentFaunaCarnivore,MetabolicAgent,Common
Kryx,Suvorov,Planet,0005E235,SuvorovPlanetData,77022,0,1,Organic,00224640,ResOrgCommonNutrientFaunaHerbivore,Nutrient,Common
Kryx,Suvorov,Planet,0005E235,SuvorovPlanetData,77022,0,1,Organic,00077823,ResOrgCommonToxin,Toxin,Common
Kryx,Suvorov,Planet,0005E235,SuvorovPlanetData,77022,0,1,Organic,00224654,ResOrgRareAdhesiveFaunaCarnivore,Adhesive,Rare
Kumasi,Kumasi I,Planet,0005E496,KumasiIPlanetData,56828,0,1,Inorganic,000057EA,ResInorgCommonArgon_G,Argon,Common
Kumasi,Kumasi I,Planet,0005E496,KumasiIPlanetData,56828,0,1,Inorganic,000057D5,ResInorgCommonChlorine_G,Chlorine,Common
Kumasi,Kumasi I,Planet,0005E496,KumasiIPlanetData,56828,0,1,Inorganic,000057C1,ResInorgCommonLead,Lead,Common
Kumasi,Kumasi I,Planet,0005E496,KumasiIPlanetData,56828,0,1,Inorganic,000083EC,ResInorgCommonWater_L,Water,Common
Kumasi,Kumasi I,Planet,0005E496,KumasiIPlanetData,56828,0,1,Inorganic,000057E9,ResInorgExoticNeon_G,Neon,Exotic
Kumasi,Kumasi I,Planet,0005E496,KumasiIPlanetData,56828,0,1,Organic,00077821,ResOrgCommonFiber,Fiber,Common
Kumasi,Kumasi I,Planet,0005E496,KumasiIPlanetData,56828,0,1,Organic,00224641,ResOrgCommonMetabolicAgentFaunaHerbivore,MetabolicAgent,Common
Kumasi,Kumasi I,Planet,0005E496,KumasiIPlanetData,56828,0,1,Organic,00224640,ResOrgCommonNutrientFaunaHerbivore,Nutrient,Common
Kumasi,Kumasi I,Planet,0005E496,KumasiIPlanetData,56828,0,1,Organic,0007782D,ResOrgCommonSealant,Sealant,Common
Kumasi,Kumasi I,Planet,0005E496,KumasiIPlanetData,56828,0,1,Organic,000777FA,ResOrgCommonStructural,Structural,Common
Kumasi,Kumasi I,Planet,0005E496,KumasiIPlanetData,56828,0,1,Organic,00077823,ResOrgCommonToxin,Toxin,Common
Kumasi,Kumasi I,Planet,0005E496,KumasiIPlanetData,56828,0,1,Organic,0022463E,ResOrgCommonToxinFaunaHerbivore,Toxin,Common
Kumasi,Kumasi I,Planet,0005E496,KumasiIPlanetData,56828,0,1,Organic,002246D7,ResOrgUncommonAntimicrobialFaunaCarnivore,Antimicrobial,Uncommon
Kumasi,Kumasi I,Planet,0005E496,KumasiIPlanetData,56828,0,1,Organic,00224630,ResOrgUncommonMembraneFaunaHerbivore,Membrane,Uncommon
Kumasi,Kumasi I,Planet,0005E496,KumasiIPlanetData,56828,0,1,Organic,0022462F,ResOrgUncommonPigmentFaunaHerbivore,Pigment,Uncommon
Kumasi,Kumasi I,Planet,0005E496,KumasiIPlanetData,56828,0,1,Organic,00224637,ResOrgRareAdhesiveFaunaHerbivore,Adhesive,Rare
Kumasi,Kumasi I,Planet,0005E496,KumasiIPlanetData,56828,0,1,Organic,0022464F,ResOrgRareSedativeFaunaCarnivore,Sedative,Rare
Kumasi,Kumasi I,Planet,0005E496,KumasiIPlanetData,56828,0,1,Organic,00224657,ResOrgExoticStimulantFaunaCarnivore,Stimulant,Exotic
Kumasi,Kumasi I-a,Moon,0005E497,KumasiI-aPlanetData,56828,1,12,Inorganic,000057F5,ResInorgCommonHelium3_G,Helium3,Common
Kumasi,Kumasi I-a,Moon,0005E497,KumasiI-aPlanetData,56828,1,12,Inorganic,000057C7,ResInorgCommonIron,Iron,Common
Kumasi,Kumasi I-a,Moon,0005E497,KumasiI-aPlanetData,56828,1,12,Inorganic,000057C8,ResInorgRareTantalum,Tantalum,Rare
Kumasi,Kumasi II,Planet,0005E498,KumasiIIPlanetData,56828,0,2,Inorganic,000057CB,ResInorgCommonNickel,Nickel,Common
Kumasi,Kumasi II,Planet,0005E498,KumasiIIPlanetData,56828,0,2,Inorganic,000057EB,ResInorgCommonUranium,Uranium,Common
Kumasi,Kumasi II,Planet,0005E498,KumasiIIPlanetData,56828,0,2,Inorganic,000083EC,ResInorgCommonWater_L,Water,Common
Kumasi,Kumasi II,Planet,0005E498,KumasiIIPlanetData,56828,0,2,Inorganic,000057CE,ResInorgUncommonCobalt,Cobalt,Uncommon
Kumasi,Kumasi II,Planet,0005E498,KumasiIIPlanetData,56828,0,2,Inorganic,000057EC,ResInorgUncommonIridium,Iridium,Uncommon
Kumasi,Kumasi II,Planet,0005E498,KumasiIIPlanetData,56828,0,2,Inorganic,000057CC,ResInorgRarePlatinum,Platinum,Rare
Kumasi,Kumasi II,Planet,0005E498,KumasiIIPlanetData,56828,0,2,Inorganic,000057CD,ResInorgExoticPalladium,Palladium,Exotic
Kumasi,Kumasi II,Planet,0005E498,KumasiIIPlanetData,56828,0,2,Inorganic,000057EE,ResInorgExoticPlutonium,Plutonium,Exotic
Kumasi,Kumasi II,Planet,0005E498,KumasiIIPlanetData,56828,0,2,Organic,00077821,ResOrgCommonFiber,Fiber,Common
Kumasi,Kumasi II,Planet,0005E498,KumasiIIPlanetData,56828,0,2,Organic,00224642,ResOrgCommonFiberFaunaHerbivore,Fiber,Common
Kumasi,Kumasi II,Planet,0005E498,KumasiIIPlanetData,56828,0,2,Organic,0029F3FD,ResOrgCommonMetabolicAgent,MetabolicAgent,Common
Kumasi,Kumasi II,Planet,0005E498,KumasiIIPlanetData,56828,0,2,Organic,00224641,ResOrgCommonMetabolicAgentFaunaHerbivore,MetabolicAgent,Common
Kumasi,Kumasi II,Planet,0005E498,KumasiIIPlanetData,56828,0,2,Organic,000777E6,ResOrgCommonNutrient,Nutrient,Common
Kumasi,Kumasi II,Planet,0005E498,KumasiIIPlanetData,56828,0,2,Organic,00224640,ResOrgCommonNutrientFaunaHerbivore,Nutrient,Common
Kumasi,Kumasi II,Planet,0005E498,KumasiIIPlanetData,56828,0,2,Organic,0007782D,ResOrgCommonSealant,Sealant,Common
Kumasi,Kumasi II,Planet,0005E498,KumasiIIPlanetData,56828,0,2,Organic,0022462E,ResOrgCommonSealantFaunaHerbivore,Sealant,Common
Kumasi,Kumasi II,Planet,0005E498,KumasiIIPlanetData,56828,0,2,Organic,000777FA,ResOrgCommonStructural,Structural,Common
Kumasi,Kumasi II,Planet,0005E498,KumasiIIPlanetData,56828,0,2,Organic,0022462C,ResOrgCommonStructuralFaunaHerbivore,Structural,Common
Kumasi,Kumasi II,Planet,0005E498,KumasiIIPlanetData,56828,0,2,Organic,00077823,ResOrgCommonToxin,Toxin,Common
Kumasi,Kumasi II,Planet,0005E498,KumasiIIPlanetData,56828,0,2,Organic,00224631,ResOrgUncommonCosmeticFaunaHerbivore,Cosmetic,Uncommon
Kumasi,Kumasi II,Planet,0005E498,KumasiIIPlanetData,56828,0,2,Organic,00224630,ResOrgUncommonMembraneFaunaHerbivore,Membrane,Uncommon
Kumasi,Kumasi II,Planet,0005E498,KumasiIIPlanetData,56828,0,2,Organic,0022464C,ResOrgUncommonPigmentFaunaCarnivore,Pigment,Uncommon
Kumasi,Kumasi II,Planet,0005E498,KumasiIIPlanetData,56828,0,2,Organic,0007782E,ResOrgUncommonSpice,Spice,Uncommon
Kumasi,Kumasi II,Planet,0005E498,KumasiIIPlanetData,56828,0,2,Organic,00224653,ResOrgRareAminoAcidsFaunaCarnivore,AminoAcids,Rare
Kumasi,Kumasi II,Planet,0005E498,KumasiIIPlanetData,56828,0,2,Organic,0022465A,ResOrgExoticBiosuppressantFaunaCarnivore,Biosuppressant,Exotic
Kumasi,Kumasi III,Planet,0005E49A,KumasiIIIPlanetData,56828,0,3,Inorganic,000057EA,ResInorgCommonArgon_G,Argon,Common
Kumasi,Kumasi III,Planet,0005E49A,KumasiIIIPlanetData,56828,0,3,Inorganic,000057D5,ResInorgCommonChlorine_G,Chlorine,Common
Kumasi,Kumasi III,Planet,0005E49A,KumasiIIIPlanetData,56828,0,3,Inorganic,000057CB,ResInorgCommonNickel,Nickel,Common
Kumasi,Kumasi III,Planet,0005E49A,KumasiIIIPlanetData,56828,0,3,Inorganic,000083EC,ResInorgCommonWater_L,Water,Common
Kumasi,Kumasi III,Planet,0005E49A,KumasiIIIPlanetData,56828,0,3,Inorganic,000057CE,ResInorgUncommonCobalt,Cobalt,Uncommon
Kumasi,Kumasi III,Planet,0005E49A,KumasiIIIPlanetData,56828,0,3,Organic,00077821,ResOrgCommonFiber,Fiber,Common
Kumasi,Kumasi III,Planet,0005E49A,KumasiIIIPlanetData,56828,0,3,Organic,0029F3FD,ResOrgCommonMetabolicAgent,MetabolicAgent,Common
Kumasi,Kumasi III,Planet,0005E49A,KumasiIIIPlanetData,56828,0,3,Organic,0022462E,ResOrgCommonSealantFaunaHerbivore,Sealant,Common
Kumasi,Kumasi III,Planet,0005E49A,KumasiIIIPlanetData,56828,0,3,Organic,00077823,ResOrgCommonToxin,Toxin,Common
Kumasi,Kumasi III,Planet,0005E49A,KumasiIIIPlanetData,56828,0,3,Organic,002246D8,ResOrgUncommonAntimicrobialFaunaHerbivore,Antimicrobial,Uncommon
Kumasi,Kumasi III,Planet,0005E49A,KumasiIIIPlanetData,56828,0,3,Organic,0022462D,ResOrgUncommonSpiceFaunaHerbivore,Spice,Uncommon
Kumasi,Kumasi III,Planet,0005E49A,KumasiIIIPlanetData,56828,0,3,Organic,00224655,ResOrgExoticSolventFaunaCarnivore,Solvent,Exotic
Kumasi,Kumasi IV,Planet,0005E49C,KumasiIVPlanetData,56828,0,4,Inorganic,000057CF,ResInorgCommonCopper,Copper,Common
Kumasi,Kumasi IV,Planet,0005E49C,KumasiIVPlanetData,56828,0,4,Inorganic,000057C1,ResInorgCommonLead,Lead,Common
Kumasi,Kumasi IV,Planet,0005E49C,KumasiIVPlanetData,56828,0,4,Inorganic,000057CB,ResInorgCommonNickel,Nickel,Common
Kumasi,Kumasi IV,Planet,0005E49C,KumasiIVPlanetData,56828,0,4,Inorganic,000083EC,ResInorgCommonWater_L,Water,Common
Kumasi,Kumasi IV,Planet,0005E49C,KumasiIVPlanetData,56828,0,4,Inorganic,000057CE,ResInorgUncommonCobalt,Cobalt,Uncommon
Kumasi,Kumasi IV,Planet,0005E49C,KumasiIVPlanetData,56828,0,4,Inorganic,000057C2,ResInorgExoticDysprosium,Dysprosium,Exotic
Kumasi,Kumasi IV-a,Moon,0005E49D,KumasiIV-aPlanetData,56828,4,15,Inorganic,000057D6,ResInorgCommonAluminum,Aluminum,Common
Kumasi,Kumasi IV-a,Moon,0005E49D,KumasiIV-aPlanetData,56828,4,15,Inorganic,000057F5,ResInorgCommonHelium3_G,Helium3,Common
Kumasi,Kumasi IV-a,Moon,0005E49D,KumasiIV-aPlanetData,56828,4,15,Inorganic,000057D8,ResInorgUncommonBeryllium,Beryllium,Uncommon
Kumasi,Kumasi IX,Planet,0005E4B0,KumasiIXPlanetData,56828,0,9,Inorganic,000057D5,ResInorgCommonChlorine_G,Chlorine,Common
Kumasi,Kumasi IX,Planet,0005E4B0,KumasiIXPlanetData,56828,0,9,Inorganic,000083EC,ResInorgCommonWater_L,Water,Common
Kumasi,Kumasi IX-a,Moon,0005E4B1,KumasiIX-aPlanetData,56828,9,17,Inorganic,000057D5,ResInorgCommonChlorine_G,Chlorine,Common
Kumasi,Kumasi IX-a,Moon,0005E4B1,KumasiIX-aPlanetData,56828,9,17,Inorganic,000083EC,ResInorgCommonWater_L,Water,Common
Kumasi,Kumasi IX-a,Moon,0005E4B1,KumasiIX-aPlanetData,56828,9,17,Inorganic,000057DC,ResInorgExoticXenon_G,Xenon,Exotic
Kumasi,Kumasi V-a,Moon,0005E4A3,KumasiV-aPlanetData,56828,5,22,Inorganic,000057CF,ResInorgCommonCopper,Copper,Common
Kumasi,Kumasi V-a,Moon,0005E4A3,KumasiV-aPlanetData,56828,5,22,Inorganic,000083EC,ResInorgCommonWater_L,Water,Common
Kumasi,Kumasi V-a,Moon,0005E4A3,KumasiV-aPlanetData,56828,5,22,Inorganic,000057D2,ResInorgRareGold,Gold,Rare
Kumasi,Kumasi V-b,Moon,0005E4A0,KumasiV-bPlanetData,56828,5,19,Inorganic,000057D5,ResInorgCommonChlorine_G,Chlorine,Common
Kumasi,Kumasi V-b,Moon,0005E4A0,KumasiV-bPlanetData,56828,5,19,Inorganic,000083EC,ResInorgCommonWater_L,Water,Common
Kumasi,Kumasi V-c,Moon,0005E4A1,KumasiV-cPlanetData,56828,5,20,Inorganic,000057CB,ResInorgCommonNickel,Nickel,Common
Kumasi,Kumasi V-c,Moon,0005E4A1,KumasiV-cPlanetData,56828,5,20,Inorganic,000083EC,ResInorgCommonWater_L,Water,Common
Kumasi,Kumasi V-d,Moon,0005E4A2,KumasiV-dPlanetData,56828,5,21,Inorganic,000057CB,ResInorgCommonNickel,Nickel,Common
Kumasi,Kumasi V-d,Moon,0005E4A2,KumasiV-dPlanetData,56828,5,21,Inorganic,000083EC,ResInorgCommonWater_L,Water,Common
Kumasi,Kumasi V-e,Moon,0005E49F,KumasiV-ePlanetData,56828,5,18,Inorganic,000057CB,ResInorgCommonNickel,Nickel,Common
Kumasi,Kumasi V-e,Moon,0005E49F,KumasiV-ePlanetData,56828,5,18,Inorganic,000083EC,ResInorgCommonWater_L,Water,Common
Kumasi,Kumasi V-e,Moon,0005E49F,KumasiV-ePlanetData,56828,5,18,Inorganic,000057CE,ResInorgUncommonCobalt,Cobalt,Uncommon
Kumasi,Kumasi VI,Planet,0005E4A4,KumasiVIPlanetData,56828,0,6,Inorganic,000057D5,ResInorgCommonChlorine_G,Chlorine,Common
Kumasi,Kumasi VI,Planet,0005E4A4,KumasiVIPlanetData,56828,0,6,Inorganic,000057C7,ResInorgCommonIron,Iron,Common
Kumasi,Kumasi VI,Planet,0005E4A4,KumasiVIPlanetData,56828,0,6,Inorganic,000057EB,ResInorgCommonUranium,Uranium,Common
Kumasi,Kumasi VI,Planet,0005E4A4,KumasiVIPlanetData,56828,0,6,Inorganic,000083EC,ResInorgCommonWater_L,Water,Common
Kumasi,Kumasi VI,Planet,0005E4A4,KumasiVIPlanetData,56828,0,6,Inorganic,000057C9,ResInorgUncommonAlkanes_G,Alkanes,Uncommon
Kumasi,Kumasi VI,Planet,0005E4A4,KumasiVIPlanetData,56828,0,6,Inorganic,000057EC,ResInorgUncommonIridium,Iridium,Uncommon
Kumasi,Kumasi VI,Planet,0005E4A4,KumasiVIPlanetData,56828,0,6,Inorganic,000057E0,ResInorgExoticCaesium_L,Caesium,Exotic
Kumasi,Kumasi VI-a,Moon,0005E4A5,KumasiVI-aPlanetData,56828,6,16,Inorganic,000057CF,ResInorgCommonCopper,Copper,Common
Kumasi,Kumasi VI-a,Moon,0005E4A5,KumasiVI-aPlanetData,56828,6,16,Inorganic,000083EC,ResInorgCommonWater_L,Water,Common
Kumasi,Kumasi VII-a,Moon,0005E4A9,KumasiVII-aPlanetData,56828,7,25,Inorganic,000057D6,ResInorgCommonAluminum,Aluminum,Common
Kumasi,Kumasi VII-a,Moon,0005E4A9,KumasiVII-aPlanetData,56828,7,25,Inorganic,000057F5,ResInorgCommonHelium3_G,Helium3,Common
Kumasi,Kumasi VII-a,Moon,0005E4A9,KumasiVII-aPlanetData,56828,7,25,Inorganic,000057DB,ResInorgRareNeodymium,Neodymium,Rare
Kumasi,Kumasi VII-a,Moon,0005E4A9,KumasiVII-aPlanetData,56828,7,25,Inorganic,000057E2,ResInorgExoticEuropium,Europium,Exotic
Kumasi,Kumasi VII-b,Moon,0005E4A8,KumasiVII-bPlanetData,56828,7,24,Inorganic,000057CF,ResInorgCommonCopper,Copper,Common
Kumasi,Kumasi VII-b,Moon,0005E4A8,KumasiVII-bPlanetData,56828,7,24,Inorganic,000083EC,ResInorgCommonWater_L,Water,Common
Kumasi,Kumasi VII-b,Moon,0005E4A8,KumasiVII-bPlanetData,56828,7,24,Inorganic,000057D0,ResInorgUncommonFluorine_G,Fluorine,Uncommon
Kumasi,Kumasi VII-b,Moon,0005E4A8,KumasiVII-bPlanetData,56828,7,24,Inorganic,000057D1,ResInorgRareTetrafluorides_G,Tetrafluorides,Rare
Kumasi,Kumasi VII-b,Moon,0005E4A8,KumasiVII-bPlanetData,56828,7,24,Inorganic,000057D4,ResInorgExoticIonicLiquids_L,IonicLiquids,Exotic
Kumasi,Kumasi VII-c,Moon,0005E4AA,KumasiVII-cPlanetData,56828,7,26,Inorganic,000057F5,ResInorgCommonHelium3_G,Helium3,Common
Kumasi,Kumasi VII-c,Moon,0005E4AA,KumasiVII-cPlanetData,56828,7,26,Inorganic,000057C7,ResInorgCommonIron,Iron,Common
Kumasi,Kumasi VII-d,Moon,0005E4A7,KumasiVII-dPlanetData,56828,7,23,Inorganic,000057CF,ResInorgCommonCopper,Copper,Common
Kumasi,Kumasi VII-d,Moon,0005E4A7,KumasiVII-dPlanetData,56828,7,23,Inorganic,000083EC,ResInorgCommonWater_L,Water,Common
Kumasi,Kumasi VIII-a,Moon,0005E4AF,KumasiVIII-aPlanetData,56828,8,30,Inorganic,000057EA,ResInorgCommonArgon_G,Argon,Common
Kumasi,Kumasi VIII-a,Moon,0005E4AF,KumasiVIII-aPlanetData,56828,8,30,Inorganic,000057F5,ResInorgCommonHelium3_G,Helium3,Common
Kumasi,Kumasi VIII-a,Moon,0005E4AF,KumasiVIII-aPlanetData,56828,8,30,Inorganic,000057C7,ResInorgCommonIron,Iron,Common
Kumasi,Kumasi VIII-a,Moon,0005E4AF,KumasiVIII-aPlanetData,56828,8,30,Inorganic,000083EC,ResInorgCommonWater_L,Water,Common
Kumasi,Kumasi VIII-a,Moon,0005E4AF,KumasiVIII-aPlanetData,56828,8,30,Inorganic,000057E7,ResInorgUncommonBenzene_G,Benzene,Uncommon
Kumasi,Kumasi VIII-a,Moon,0005E4AF,KumasiVIII-aPlanetData,56828,8,30,Inorganic,000057E9,ResInorgExoticNeon_G,Neon,Exotic
Kumasi,Kumasi VIII-b,Moon,0005E4AD,KumasiVIII-bPlanetData,56828,8,28,Inorganic,000057C1,ResInorgCommonLead,Lead,Common
Kumasi,Kumasi VIII-b,Moon,0005E4AD,KumasiVIII-bPlanetData,56828,8,28,Inorganic,000083EC,ResInorgCommonWater_L,Water,Common
Kumasi,Kumasi VIII-c,Moon,0005E4AE,KumasiVIII-cPlanetData,56828,8,29,Inorganic,000057CF,ResInorgCommonCopper,Copper,Common
Kumasi,Kumasi VIII-c,Moon,0005E4AE,KumasiVIII-cPlanetData,56828,8,29,Inorganic,000083EC,ResInorgCommonWater_L,Water,Common
Kumasi,Kumasi VIII-c,Moon,0005E4AE,KumasiVIII-cPlanetData,56828,8,29,Inorganic,000057D0,ResInorgUncommonFluorine_G,Fluorine,Uncommon
Kumasi,Kumasi VIII-c,Moon,0005E4AE,KumasiVIII-cPlanetData,56828,8,29,Inorganic,000057D4,ResInorgExoticIonicLiquids_L,IonicLiquids,Exotic
Kumasi,Kumasi VIII-d,Moon,0005E4AC,KumasiVIII-dPlanetData,56828,8,27,Inorganic,000057D5,ResInorgCommonChlorine_G,Chlorine,Common
Kumasi,Kumasi VIII-d,Moon,0005E4AC,KumasiVIII-dPlanetData,56828,8,27,Inorganic,000057CF,ResInorgCommonCopper,Copper,Common
Kumasi,Kumasi VIII-d,Moon,0005E4AC,KumasiVIII-dPlanetData,56828,8,27,Inorganic,000057C1,ResInorgCommonLead,Lead,Common
Kumasi,Kumasi VIII-d,Moon,0005E4AC,KumasiVIII-dPlanetData,56828,8,27,Inorganic,000057CB,ResInorgCommonNickel,Nickel,Common
Kumasi,Kumasi VIII-d,Moon,0005E4AC,KumasiVIII-dPlanetData,56828,8,27,Inorganic,000083EC,ResInorgCommonWater_L,Water,Common
Kumasi,Kumasi VIII-d,Moon,0005E4AC,KumasiVIII-dPlanetData,56828,8,27,Inorganic,000057D7,ResInorgUncommonChlorosilanes_L,Chlorosilanes,Uncommon
Kumasi,Kumasi VIII-d,Moon,0005E4AC,KumasiVIII-dPlanetData,56828,8,27,Inorganic,000057CE,ResInorgUncommonCobalt,Cobalt,Uncommon
Kumasi,Kumasi VIII-d,Moon,0005E4AC,KumasiVIII-dPlanetData,56828,8,27,Inorganic,000057D0,ResInorgUncommonFluorine_G,Fluorine,Uncommon
Lantana,Lantana I,Planet,0005E450,LantanaIPlanetData,57584,0,1,Inorganic,000057D6,ResInorgCommonAluminum,Aluminum,Common
Lantana,Lantana I,Planet,0005E450,LantanaIPlanetData,57584,0,1,Inorganic,000057F5,ResInorgCommonHelium3_G,Helium3,Common
Lantana,Lantana I,Planet,0005E450,LantanaIPlanetData,57584,0,1,Inorganic,000057D8,ResInorgUncommonBeryllium,Beryllium,Uncommon
Lantana,Lantana II,Planet,0005E451,LantanaIIPlanetData,57584,0,2,Inorganic,000057C1,ResInorgCommonLead,Lead,Common
Lantana,Lantana II,Planet,0005E451,LantanaIIPlanetData,57584,0,2,Inorganic,000057CB,ResInorgCommonNickel,Nickel,Common
Lantana,Lantana II,Planet,0005E451,LantanaIIPlanetData,57584,0,2,Inorganic,000057EB,ResInorgCommonUranium,Uranium,Common
Lantana,Lantana II,Planet,0005E451,LantanaIIPlanetData,57584,0,2,Inorganic,000057C4,ResInorgUncommonTungsten,Tungsten,Uncommon
Lantana,Lantana III,Planet,0005E452,LantanaIIIPlanetData,57584,0,3,Inorganic,000057D5,ResInorgCommonChlorine_G,Chlorine,Common
Lantana,Lantana III,Planet,0005E452,LantanaIIIPlanetData,57584,0,3,Inorganic,000057CF,ResInorgCommonCopper,Copper,Common
Lantana,Lantana III,Planet,0005E452,LantanaIIIPlanetData,57584,0,3,Inorganic,000057C7,ResInorgCommonIron,Iron,Common
Lantana,Lantana III,Planet,0005E452,LantanaIIIPlanetData,57584,0,3,Inorganic,000057CB,ResInorgCommonNickel,Nickel,Common
Lantana,Lantana III,Planet,0005E452,LantanaIIIPlanetData,57584,0,3,Inorganic,000083EC,ResInorgCommonWater_L,Water,Common
Lantana,Lantana III,Planet,0005E452,LantanaIIIPlanetData,57584,0,3,Inorganic,000057D7,ResInorgUncommonChlorosilanes_L,Chlorosilanes,Uncommon
Lantana,Lantana III,Planet,0005E452,LantanaIIIPlanetData,57584,0,3,Organic,00077821,ResOrgCommonFiber,Fiber,Common
Lantana,Lantana III,Planet,0005E452,LantanaIIIPlanetData,57584,0,3,Organic,0029F3FD,ResOrgCommonMetabolicAgent,MetabolicAgent,Common
Lantana,Lantana III,Planet,0005E452,LantanaIIIPlanetData,57584,0,3,Organic,000777E6,ResOrgCommonNutrient,Nutrient,Common
Lantana,Lantana III,Planet,0005E452,LantanaIIIPlanetData,57584,0,3,Organic,0022462E,ResOrgCommonSealantFaunaHerbivore,Sealant,Common
Lantana,Lantana III,Planet,0005E452,LantanaIIIPlanetData,57584,0,3,Organic,000777FA,ResOrgCommonStructural,Structural,Common
Lantana,Lantana III,Planet,0005E452,LantanaIIIPlanetData,57584,0,3,Organic,00077823,ResOrgCommonToxin,Toxin,Common
Lantana,Lantana III,Planet,0005E452,LantanaIIIPlanetData,57584,0,3,Organic,00224631,ResOrgUncommonCosmeticFaunaHerbivore,Cosmetic,Uncommon
Lantana,Lantana III,Planet,0005E452,LantanaIIIPlanetData,57584,0,3,Organic,0022463F,ResOrgUncommonOrnamentalFaunaHerbivore,Ornamental,Uncommon
Lantana,Lantana III,Planet,0005E452,LantanaIIIPlanetData,57584,0,3,Organic,0022464A,ResOrgUncommonSpiceFaunaCarnivore,Spice,Uncommon
Lantana,Lantana III,Planet,0005E452,LantanaIIIPlanetData,57584,0,3,Organic,00224652,ResOrgRareAnalgesicFaunaCarnivore,Analgesic,Rare
Lantana,Lantana III,Planet,0005E452,LantanaIIIPlanetData,57584,0,3,Organic,00224656,ResOrgExoticPolymerFaunaCarnivore,Polymer,Exotic
Lantana,Lantana III-a,Moon,0005E453,LantanaIII-aPlanetData,57584,3,11,Inorganic,000057D6,ResInorgCommonAluminum,Aluminum,Common
Lantana,Lantana III-a,Moon,0005E453,LantanaIII-aPlanetData,57584,3,11,Inorganic,000057F5,ResInorgCommonHelium3_G,Helium3,Common
Lantana,Lantana III-a,Moon,0005E453,LantanaIII-aPlanetData,57584,3,11,Inorganic,000057D8,ResInorgUncommonBeryllium,Beryllium,Uncommon
Lantana,Lantana IV,Planet,0005E454,LantanaIVPlanetData,57584,0,4,Inorganic,000057CF,ResInorgCommonCopper,Copper,Common
Lantana,Lantana IV,Planet,0005E454,LantanaIVPlanetData,57584,0,4,Inorganic,000057CB,ResInorgCommonNickel,Nickel,Common
Lantana,Lantana IV,Planet,0005E454,LantanaIVPlanetData,57584,0,4,Inorganic,000083EC,ResInorgCommonWater_L,Water,Common
Lantana,Lantana IV,Planet,0005E454,LantanaIVPlanetData,57584,0,4,Inorganic,000057CE,ResInorgUncommonCobalt,Cobalt,Uncommon
Lantana,Lantana IV,Planet,0005E454,LantanaIVPlanetData,57584,0,4,Inorganic,000057D0,ResInorgUncommonFluorine_G,Fluorine,Uncommon
Lantana,Lantana IV,Planet,0005E454,LantanaIVPlanetData,57584,0,4,Organic,000777E6,ResOrgCommonNutrient,Nutrient,Common
Lantana,Lantana IV,Planet,0005E454,LantanaIVPlanetData,57584,0,4,Organic,0007782D,ResOrgCommonSealant,Sealant,Common
Lantana,Lantana IV,Planet,0005E454,LantanaIVPlanetData,57584,0,4,Organic,00224649,ResOrgCommonStructuralFaunaCarnivore,Structural,Common
Lantana,Lantana IV,Planet,0005E454,LantanaIVPlanetData,57584,0,4,Organic,00077823,ResOrgCommonToxin,Toxin,Common
Lantana,Lantana IV,Planet,0005E454,LantanaIVPlanetData,57584,0,4,Organic,0022463E,ResOrgCommonToxinFaunaHerbivore,Toxin,Common
Lantana,Lantana IV,Planet,0005E454,LantanaIVPlanetData,57584,0,4,Organic,0022463F,ResOrgUncommonOrnamentalFaunaHerbivore,Ornamental,Uncommon
Lantana,Lantana IX-a,Moon,0005E463,LantanaIX-aPlanetData,57584,9,20,Inorganic,000057D5,ResInorgCommonChlorine_G,Chlorine,Common
Lantana,Lantana IX-a,Moon,0005E463,LantanaIX-aPlanetData,57584,9,20,Inorganic,000083EC,ResInorgCommonWater_L,Water,Common
Lantana,Lantana IX-b,Moon,0005E465,LantanaIX-bPlanetData,57584,9,22,Inorganic,000057C1,ResInorgCommonLead,Lead,Common
Lantana,Lantana IX-b,Moon,0005E465,LantanaIX-bPlanetData,57584,9,22,Inorganic,000083EC,ResInorgCommonWater_L,Water,Common
Lantana,Lantana IX-b,Moon,0005E465,LantanaIX-bPlanetData,57584,9,22,Inorganic,000057C3,ResInorgUncommonSilver,Silver,Uncommon
Lantana,Lantana IX-b,Moon,0005E465,LantanaIX-bPlanetData,57584,9,22,Inorganic,0027C499,ResInorgRareMercury_L,Mercury,Rare
Lantana,Lantana IX-c,Moon,0005E461,LantanaIX-cPlanetData,57584,9,18,Inorganic,000057CB,ResInorgCommonNickel,Nickel,Common
Lantana,Lantana IX-c,Moon,0005E461,LantanaIX-cPlanetData,57584,9,18,Inorganic,000083EC,ResInorgCommonWater_L,Water,Common
Lantana,Lantana IX-c,Moon,0005E461,LantanaIX-cPlanetData,57584,9,18,Inorganic,000057CE,ResInorgUncommonCobalt,Cobalt,Uncommon
Lantana,Lantana IX-d,Moon,0005E464,LantanaIX-dPlanetData,57584,9,21,Inorganic,000057CB,ResInorgCommonNickel,Nickel,Common
Lantana,Lantana IX-d,Moon,0005E464,LantanaIX-dPlanetData,57584,9,21,Inorganic,000083EC,ResInorgCommonWater_L,Water,Common
Lantana,Lantana IX-e,Moon,0005E462,LantanaIX-ePlanetData,57584,9,19,Inorganic,000057D5,ResInorgCommonChlorine_G,Chlorine,Common
Lantana,Lantana IX-e,Moon,0005E462,LantanaIX-ePlanetData,57584,9,19,Inorganic,000057CF,ResInorgCommonCopper,Copper,Common
Lantana,Lantana IX-e,Moon,0005E462,LantanaIX-ePlanetData,57584,9,19,Inorganic,000057C7,ResInorgCommonIron,Iron,Common
Lantana,Lantana IX-e,Moon,0005E462,LantanaIX-ePlanetData,57584,9,19,Inorganic,000057C1,ResInorgCommonLead,Lead,Common
Lantana,Lantana IX-e,Moon,0005E462,LantanaIX-ePlanetData,57584,9,19,Inorganic,000083EC,ResInorgCommonWater_L,Water,Common
Lantana,Lantana IX-e,Moon,0005E462,LantanaIX-ePlanetData,57584,9,19,Inorganic,000057C9,ResInorgUncommonAlkanes_G,Alkanes,Uncommon
Lantana,Lantana IX-e,Moon,0005E462,LantanaIX-ePlanetData,57584,9,19,Inorganic,000057C8,ResInorgRareTantalum,Tantalum,Rare
Lantana,Lantana V-a,Moon,0005E456,LantanaV-aPlanetData,57584,5,12,Inorganic,000057EA,ResInorgCommonArgon_G,Argon,Common
Lantana,Lantana V-a,Moon,0005E456,LantanaV-aPlanetData,57584,5,12,Inorganic,000083EC,ResInorgCommonWater_L,Water,Common
Lantana,Lantana V-a,Moon,0005E456,LantanaV-aPlanetData,57584,5,12,Inorganic,000057E7,ResInorgUncommonBenzene_G,Benzene,Uncommon
Lantana,Lantana V-b,Moon,0005E457,LantanaV-bPlanetData,57584,5,13,Inorganic,000057CF,ResInorgCommonCopper,Copper,Common
Lantana,Lantana V-b,Moon,0005E457,LantanaV-bPlanetData,57584,5,13,Inorganic,000083EC,ResInorgCommonWater_L,Water,Common
Lantana,Lantana VI,Planet,0005E458,LantanaVIPlanetData,57584,0,6,Inorganic,000057D5,ResInorgCommonChlorine_G,Chlorine,Common
Lantana,Lantana VI,Planet,0005E458,LantanaVIPlanetData,57584,0,6,Inorganic,000057C7,ResInorgCommonIron,Iron,Common
Lantana,Lantana VI,Planet,0005E458,LantanaVIPlanetData,57584,0,6,Inorganic,000057CB,ResInorgCommonNickel,Nickel,Common
Lantana,Lantana VI,Planet,0005E458,LantanaVIPlanetData,57584,0,6,Inorganic,000057EB,ResInorgCommonUranium,Uranium,Common
Lantana,Lantana VI,Planet,0005E458,LantanaVIPlanetData,57584,0,6,Inorganic,000083EC,ResInorgCommonWater_L,Water,Common
Lantana,Lantana VI,Planet,0005E458,LantanaVIPlanetData,57584,0,6,Inorganic,000057C9,ResInorgUncommonAlkanes_G,Alkanes,Uncommon
Lantana,Lantana VI,Planet,0005E458,LantanaVIPlanetData,57584,0,6,Inorganic,000057CE,ResInorgUncommonCobalt,Cobalt,Uncommon
Lantana,Lantana VI,Planet,0005E458,LantanaVIPlanetData,57584,0,6,Inorganic,000057ED,ResInorgRareVanadium,Vanadium,Rare
Lantana,Lantana VII,Planet,0005E459,LantanaVIIPlanetData,57584,0,7,Inorganic,000057D5,ResInorgCommonChlorine_G,Chlorine,Common
Lantana,Lantana VII,Planet,0005E459,LantanaVIIPlanetData,57584,0,7,Inorganic,000057CF,ResInorgCommonCopper,Copper,Common
Lantana,Lantana VII,Planet,0005E459,LantanaVIIPlanetData,57584,0,7,Inorganic,000057C1,ResInorgCommonLead,Lead,Common
Lantana,Lantana VII,Planet,0005E459,LantanaVIIPlanetData,57584,0,7,Inorganic,000057C3,ResInorgUncommonSilver,Silver,Uncommon
Lantana,Lantana VII,Planet,0005E459,LantanaVIIPlanetData,57584,0,7,Inorganic,000057D2,ResInorgRareGold,Gold,Rare
Lantana,Lantana VIII-a,Moon,0005E45E,LantanaVIII-aPlanetData,57584,8,16,Inorganic,000057CF,ResInorgCommonCopper,Copper,Common
Lantana,Lantana VIII-a,Moon,0005E45E,LantanaVIII-aPlanetData,57584,8,16,Inorganic,000083EC,ResInorgCommonWater_L,Water,Common
Lantana,Lantana VIII-a,Moon,0005E45E,LantanaVIII-aPlanetData,57584,8,16,Inorganic,000057D1,ResInorgRareTetrafluorides_G,Tetrafluorides,Rare
Lantana,Lantana VIII-b,Moon,0005E45F,LantanaVIII-bPlanetData,57584,8,17,Inorganic,000057C1,ResInorgCommonLead,Lead,Common
Lantana,Lantana VIII-b,Moon,0005E45F,LantanaVIII-bPlanetData,57584,8,17,Inorganic,000057CB,ResInorgCommonNickel,Nickel,Common
Lantana,Lantana VIII-b,Moon,0005E45F,LantanaVIII-bPlanetData,57584,8,17,Inorganic,000057EB,ResInorgCommonUranium,Uranium,Common
Lantana,Lantana VIII-b,Moon,0005E45F,LantanaVIII-bPlanetData,57584,8,17,Inorganic,000083EC,ResInorgCommonWater_L,Water,Common
Lantana,Lantana VIII-b,Moon,0005E45F,LantanaVIII-bPlanetData,57584,8,17,Inorganic,000057CE,ResInorgUncommonCobalt,Cobalt,Uncommon
Lantana,Lantana VIII-b,Moon,0005E45F,LantanaVIII-bPlanetData,57584,8,17,Inorganic,000057EC,ResInorgUncommonIridium,Iridium,Uncommon
Lantana,Lantana VIII-b,Moon,0005E45F,LantanaVIII-bPlanetData,57584,8,17,Inorganic,000057CC,ResInorgRarePlatinum,Platinum,Rare
Lantana,Lantana VIII-b,Moon,0005E45F,LantanaVIII-bPlanetData,57584,8,17,Inorganic,000057EE,ResInorgExoticPlutonium,Plutonium,Exotic
Lantana,Lantana VIII-b,Moon,0005E45F,LantanaVIII-bPlanetData,57584,8,17,Organic,00077821,ResOrgCommonFiber,Fiber,Common
Lantana,Lantana VIII-b,Moon,0005E45F,LantanaVIII-bPlanetData,57584,8,17,Organic,000777E6,ResOrgCommonNutrient,Nutrient,Common
Lantana,Lantana VIII-b,Moon,0005E45F,LantanaVIII-bPlanetData,57584,8,17,Organic,00224649,ResOrgCommonStructuralFaunaCarnivore,Structural,Common
Lantana,Lantana VIII-b,Moon,0005E45F,LantanaVIII-bPlanetData,57584,8,17,Organic,0022465B,ResOrgCommonToxinFaunaCarnivore,Toxin,Common
Lantana,Lantana VIII-b,Moon,0005E45F,LantanaVIII-bPlanetData,57584,8,17,Organic,0022463F,ResOrgUncommonOrnamentalFaunaHerbivore,Ornamental,Uncommon
Lantana,Lantana VIII-c,Moon,0005E45B,LantanaVIII-cPlanetData,57584,8,14,Inorganic,000057D5,ResInorgCommonChlorine_G,Chlorine,Common
Lantana,Lantana VIII-c,Moon,0005E45B,LantanaVIII-cPlanetData,57584,8,14,Inorganic,000057F5,ResInorgCommonHelium3_G,Helium3,Common
Lantana,Lantana VIII-c,Moon,0005E45B,LantanaVIII-cPlanetData,57584,8,14,Inorganic,000057C7,ResInorgCommonIron,Iron,Common
Lantana,Lantana VIII-c,Moon,0005E45B,LantanaVIII-cPlanetData,57584,8,14,Inorganic,000057C1,ResInorgCommonLead,Lead,Common
Lantana,Lantana VIII-c,Moon,0005E45B,LantanaVIII-cPlanetData,57584,8,14,Inorganic,000057CB,ResInorgCommonNickel,Nickel,Common
Lantana,Lantana VIII-c,Moon,0005E45B,LantanaVIII-cPlanetData,57584,8,14,Inorganic,000083EC,ResInorgCommonWater_L,Water,Common
Lantana,Lantana VIII-c,Moon,0005E45B,LantanaVIII-cPlanetData,57584,8,14,Inorganic,000057D7,ResInorgUncommonChlorosilanes_L,Chlorosilanes,Uncommon
Lantana,Lantana VIII-c,Moon,0005E45B,LantanaVIII-cPlanetData,57584,8,14,Inorganic,000057CD,ResInorgExoticPalladium,Palladium,Exotic
Lantana,Lantana VIII-d,Moon,0005E45C,LantanaVIII-dPlanetData,57584,8,15,Inorganic,000057D5,ResInorgCommonChlorine_G,Chlorine,Common
Lantana,Lantana VIII-d,Moon,0005E45C,LantanaVIII-dPlanetData,57584,8,15,Inorganic,000057CB,ResInorgCommonNickel,Nickel,Common
Lantana,Lantana VIII-d,Moon,0005E45C,LantanaVIII-dPlanetData,57584,8,15,Inorganic,000083EC,ResInorgCommonWater_L,Water,Common
Lantana,Lantana VIII-d,Moon,0005E45C,LantanaVIII-dPlanetData,57584,8,15,Inorganic,000057CE,ResInorgUncommonCobalt,Cobalt,Uncommon
Lantana,Lantana VIII-d,Moon,0005E45C,LantanaVIII-dPlanetData,57584,8,15,Inorganic,000057CC,ResInorgRarePlatinum,Platinum,Rare
Lantana,Lantana VIII-d,Moon,0005E45C,LantanaVIII-dPlanetData,57584,8,15,Inorganic,000057CD,ResInorgExoticPalladium,Palladium,Exotic
Leonis,Leonis I,Planet,0005DE9F,LeonisIPlanetData,55476,0,1,Inorganic,000057D6,ResInorgCommonAluminum,Aluminum,Common
Leonis,Leonis I,Planet,0005DE9F,LeonisIPlanetData,55476,0,1,Inorganic,000057D5,ResInorgCommonChlorine_G,Chlorine,Common
Leonis,Leonis I,Planet,0005DE9F,LeonisIPlanetData,55476,0,1,Inorganic,000057F5,ResInorgCommonHelium3_G,Helium3,Common
Leonis,Leonis I,Planet,0005DE9F,LeonisIPlanetData,55476,0,1,Inorganic,000057C1,ResInorgCommonLead,Lead,Common
Leonis,Leonis I,Planet,0005DE9F,LeonisIPlanetData,55476,0,1,Inorganic,000057EB,ResInorgCommonUranium,Uranium,Common
Leonis,Leonis I,Planet,0005DE9F,LeonisIPlanetData,55476,0,1,Inorganic,000057D8,ResInorgUncommonBeryllium,Beryllium,Uncommon
Leonis,Leonis I,Planet,0005DE9F,LeonisIPlanetData,55476,0,1,Inorganic,000057C3,ResInorgUncommonSilver,Silver,Uncommon
Leonis,Leonis I,Planet,0005DE9F,LeonisIPlanetData,55476,0,1,Inorganic,000057DB,ResInorgRareNeodymium,Neodymium,Rare
Leonis,Leonis I-a,Moon,0005DEA0,LeonisI-aPlanetData,55476,1,11,Inorganic,000057D6,ResInorgCommonAluminum,Aluminum,Common
Leonis,Leonis I-a,Moon,0005DEA0,LeonisI-aPlanetData,55476,1,11,Inorganic,000057F5,ResInorgCommonHelium3_G,Helium3,Common
Leonis,Leonis I-a,Moon,0005DEA0,LeonisI-aPlanetData,55476,1,11,Inorganic,000057D8,ResInorgUncommonBeryllium,Beryllium,Uncommon
Leonis,Leonis I-a,Moon,0005DEA0,LeonisI-aPlanetData,55476,1,11,Inorganic,000057DB,ResInorgRareNeodymium,Neodymium,Rare
Leonis,Leonis I-b,Moon,0005DEA1,LeonisI-bPlanetData,55476,1,12,Inorganic,000057D6,ResInorgCommonAluminum,Aluminum,Common
Leonis,Leonis I-b,Moon,0005DEA1,LeonisI-bPlanetData,55476,1,12,Inorganic,000057F5,ResInorgCommonHelium3_G,Helium3,Common
Leonis,Leonis I-b,Moon,0005DEA1,LeonisI-bPlanetData,55476,1,12,Inorganic,000057C1,ResInorgCommonLead,Lead,Common
Leonis,Leonis I-b,Moon,0005DEA1,LeonisI-bPlanetData,55476,1,12,Inorganic,000057CB,ResInorgCommonNickel,Nickel,Common
Leonis,Leonis I-b,Moon,0005DEA1,LeonisI-bPlanetData,55476,1,12,Inorganic,000057EB,ResInorgCommonUranium,Uranium,Common
Leonis,Leonis I-b,Moon,0005DEA1,LeonisI-bPlanetData,55476,1,12,Inorganic,000057CE,ResInorgUncommonCobalt,Cobalt,Uncommon
Leonis,Leonis I-b,Moon,0005DEA1,LeonisI-bPlanetData,55476,1,12,Inorganic,000057C3,ResInorgUncommonSilver,Silver,Uncommon
Leonis,Leonis II,Planet,0005DEA2,LeonisIIPlanetData,55476,0,2,Inorganic,000057D6,ResInorgCommonAluminum,Aluminum,Common
Leonis,Leonis II,Planet,0005DEA2,LeonisIIPlanetData,55476,0,2,Inorganic,000057F5,ResInorgCommonHelium3_G,Helium3,Common
Leonis,Leonis II,Planet,0005DEA2,LeonisIIPlanetData,55476,0,2,Inorganic,000057C1,ResInorgCommonLead,Lead,Common
Leonis,Leonis II,Planet,0005DEA2,LeonisIIPlanetData,55476,0,2,Inorganic,000057EB,ResInorgCommonUranium,Uranium,Common
Leonis,Leonis II,Planet,0005DEA2,LeonisIIPlanetData,55476,0,2,Inorganic,000057D8,ResInorgUncommonBeryllium,Beryllium,Uncommon
Leonis,Leonis II,Planet,0005DEA2,LeonisIIPlanetData,55476,0,2,Inorganic,000057C3,ResInorgUncommonSilver,Silver,Uncommon
Leonis,Leonis II,Planet,0005DEA2,LeonisIIPlanetData,55476,0,2,Inorganic,0027C499,ResInorgRareMercury_L,Mercury,Rare
Leonis,Leonis II-a,Moon,0005DEA3,LeonisII-aPlanetData,55476,2,13,Inorganic,000057F5,ResInorgCommonHelium3_G,Helium3,Common
Leonis,Leonis II-a,Moon,0005DEA3,LeonisII-aPlanetData,55476,2,13,Inorganic,000057C7,ResInorgCommonIron,Iron,Common
Leonis,Leonis III,Planet,0005DEA4,LeonisIIIPlanetData,55476,0,3,Inorganic,000057EB,ResInorgCommonUranium,Uranium,Common
Leonis,Leonis III,Planet,0005DEA4,LeonisIIIPlanetData,55476,0,3,Inorganic,000083EC,ResInorgCommonWater_L,Water,Common
Leonis,Leonis III,Planet,0005DEA4,LeonisIIIPlanetData,55476,0,3,Inorganic,000057EC,ResInorgUncommonIridium,Iridium,Uncommon
Leonis,Leonis III,Planet,0005DEA4,LeonisIIIPlanetData,55476,0,3,Inorganic,000057EE,ResInorgExoticPlutonium,Plutonium,Exotic
Leonis,Leonis III,Planet,0005DEA4,LeonisIIIPlanetData,55476,0,3,Organic,00077821,ResOrgCommonFiber,Fiber,Common
Leonis,Leonis III,Planet,0005DEA4,LeonisIIIPlanetData,55476,0,3,Organic,00224641,ResOrgCommonMetabolicAgentFaunaHerbivore,MetabolicAgent,Common
Leonis,Leonis III,Planet,0005DEA4,LeonisIIIPlanetData,55476,0,3,Organic,000777E6,ResOrgCommonNutrient,Nutrient,Common
Leonis,Leonis III,Planet,0005DEA4,LeonisIIIPlanetData,55476,0,3,Organic,0022464B,ResOrgCommonSealantFaunaCarnivore,Sealant,Common
Leonis,Leonis III,Planet,0005DEA4,LeonisIIIPlanetData,55476,0,3,Organic,00077823,ResOrgCommonToxin,Toxin,Common
Leonis,Leonis III,Planet,0005DEA4,LeonisIIIPlanetData,55476,0,3,Organic,002246D8,ResOrgUncommonAntimicrobialFaunaHerbivore,Antimicrobial,Uncommon
Leonis,Leonis III,Planet,0005DEA4,LeonisIIIPlanetData,55476,0,3,Organic,00077822,ResOrgUncommonOrnamental,Ornamental,Uncommon
Leonis,Leonis III,Planet,0005DEA4,LeonisIIIPlanetData,55476,0,3,Organic,0022462F,ResOrgUncommonPigmentFaunaHerbivore,Pigment,Uncommon
Leonis,Leonis III,Planet,0005DEA4,LeonisIIIPlanetData,55476,0,3,Organic,000777FB,ResOrgRareAromatic,Aromatic,Rare
Leonis,Leonis III,Planet,0005DEA4,LeonisIIIPlanetData,55476,0,3,Organic,00224633,ResOrgRareHallucinogenFaunaHerbivore,Hallucinogen,Rare
Leonis,Leonis III,Planet,0005DEA4,LeonisIIIPlanetData,55476,0,3,Organic,00224658,ResOrgExoticLubricantFaunaCarnivore,Lubricant,Exotic
Leonis,Leonis IV,Planet,0005DEA5,LeonisIVPlanetData,55476,0,4,Inorganic,000057D5,ResInorgCommonChlorine_G,Chlorine,Common
Leonis,Leonis IV,Planet,0005DEA5,LeonisIVPlanetData,55476,0,4,Inorganic,000057C7,ResInorgCommonIron,Iron,Common
Leonis,Leonis IV,Planet,0005DEA5,LeonisIVPlanetData,55476,0,4,Inorganic,000057CB,ResInorgCommonNickel,Nickel,Common
Leonis,Leonis IV,Planet,0005DEA5,LeonisIVPlanetData,55476,0,4,Inorganic,000083EC,ResInorgCommonWater_L,Water,Common
Leonis,Leonis IV,Planet,0005DEA5,LeonisIVPlanetData,55476,0,4,Inorganic,000057C9,ResInorgUncommonAlkanes_G,Alkanes,Uncommon
Leonis,Leonis IV,Planet,0005DEA5,LeonisIVPlanetData,55476,0,4,Inorganic,000057D7,ResInorgUncommonChlorosilanes_L,Chlorosilanes,Uncommon
Leonis,Leonis IV,Planet,0005DEA5,LeonisIVPlanetData,55476,0,4,Inorganic,000057CE,ResInorgUncommonCobalt,Cobalt,Uncommon
Leonis,Leonis IV,Planet,0005DEA5,LeonisIVPlanetData,55476,0,4,Inorganic,000057CC,ResInorgRarePlatinum,Platinum,Rare
Leonis,Leonis IV,Planet,0005DEA5,LeonisIVPlanetData,55476,0,4,Organic,00077821,ResOrgCommonFiber,Fiber,Common
Leonis,Leonis IV,Planet,0005DEA5,LeonisIVPlanetData,55476,0,4,Organic,00224641,ResOrgCommonMetabolicAgentFaunaHerbivore,MetabolicAgent,Common
Leonis,Leonis IV,Planet,0005DEA5,LeonisIVPlanetData,55476,0,4,Organic,000777E6,ResOrgCommonNutrient,Nutrient,Common
Leonis,Leonis IV,Planet,0005DEA5,LeonisIVPlanetData,55476,0,4,Organic,00224649,ResOrgCommonStructuralFaunaCarnivore,Structural,Common
Leonis,Leonis IV,Planet,0005DEA5,LeonisIVPlanetData,55476,0,4,Organic,0022465B,ResOrgCommonToxinFaunaCarnivore,Toxin,Common
Leonis,Leonis IV,Planet,0005DEA5,LeonisIVPlanetData,55476,0,4,Organic,002246D8,ResOrgUncommonAntimicrobialFaunaHerbivore,Antimicrobial,Uncommon
Leonis,Leonis IV,Planet,0005DEA5,LeonisIVPlanetData,55476,0,4,Organic,0029F401,ResOrgUncommonPigment,Pigment,Uncommon
Leonis,Leonis IX,Planet,0005DEAF,LeonisIXPlanetData,55476,0,9,Inorganic,000057CB,ResInorgCommonNickel,Nickel,Common
Leonis,Leonis IX,Planet,0005DEAF,LeonisIXPlanetData,55476,0,9,Inorganic,000083EC,ResInorgCommonWater_L,Water,Common
Leonis,Leonis IX,Planet,0005DEAF,LeonisIXPlanetData,55476,0,9,Inorganic,000057CE,ResInorgUncommonCobalt,Cobalt,Uncommon
Leonis,Leonis V,Planet,0005DEA6,LeonisVPlanetData,55476,0,5,Inorganic,000057EA,ResInorgCommonArgon_G,Argon,Common
Leonis,Leonis V,Planet,0005DEA6,LeonisVPlanetData,55476,0,5,Inorganic,000057D5,ResInorgCommonChlorine_G,Chlorine,Common
Leonis,Leonis V,Planet,0005DEA6,LeonisVPlanetData,55476,0,5,Inorganic,000057C7,ResInorgCommonIron,Iron,Common
Leonis,Leonis V,Planet,0005DEA6,LeonisVPlanetData,55476,0,5,Inorganic,000083EC,ResInorgCommonWater_L,Water,Common
Leonis,Leonis V,Planet,0005DEA6,LeonisVPlanetData,55476,0,5,Inorganic,000057C9,ResInorgUncommonAlkanes_G,Alkanes,Uncommon
Leonis,Leonis V,Planet,0005DEA6,LeonisVPlanetData,55476,0,5,Inorganic,000057E7,ResInorgUncommonBenzene_G,Benzene,Uncommon
Leonis,Leonis V,Planet,0005DEA6,LeonisVPlanetData,55476,0,5,Inorganic,000057D7,ResInorgUncommonChlorosilanes_L,Chlorosilanes,Uncommon
Leonis,Leonis V,Planet,0005DEA6,LeonisVPlanetData,55476,0,5,Inorganic,000057DA,ResInorgRareLithium,Lithium,Rare
Leonis,Leonis V,Planet,0005DEA6,LeonisVPlanetData,55476,0,5,Organic,00077821,ResOrgCommonFiber,Fiber,Common
Leonis,Leonis V,Planet,0005DEA6,LeonisVPlanetData,55476,0,5,Organic,00224641,ResOrgCommonMetabolicAgentFaunaHerbivore,MetabolicAgent,Common
Leonis,Leonis V,Planet,0005DEA6,LeonisVPlanetData,55476,0,5,Organic,000777E6,ResOrgCommonNutrient,Nutrient,Common
Leonis,Leonis V,Planet,0005DEA6,LeonisVPlanetData,55476,0,5,Organic,0007782D,ResOrgCommonSealant,Sealant,Common
Leonis,Leonis V,Planet,0005DEA6,LeonisVPlanetData,55476,0,5,Organic,000777FA,ResOrgCommonStructural,Structural,Common
Leonis,Leonis V,Planet,0005DEA6,LeonisVPlanetData,55476,0,5,Organic,00077822,ResOrgUncommonOrnamental,Ornamental,Uncommon
Leonis,Leonis V,Planet,0005DEA6,LeonisVPlanetData,55476,0,5,Organic,0022463F,ResOrgUncommonOrnamentalFaunaHerbivore,Ornamental,Uncommon
Leonis,Leonis V,Planet,0005DEA6,LeonisVPlanetData,55476,0,5,Organic,00224634,ResOrgRareAromaticFaunaHerbivore,Aromatic,Rare
Leonis,Leonis V,Planet,0005DEA6,LeonisVPlanetData,55476,0,5,Organic,00224659,ResOrgExoticHypercatalystFaunaCarnivore,Hypercatalyst,Exotic
Leonis,Leonis VI-a,Moon,0005DEA9,LeonisVI-aPlanetData,55476,6,15,Inorganic,000057C1,ResInorgCommonLead,Lead,Common
Leonis,Leonis VI-a,Moon,0005DEA9,LeonisVI-aPlanetData,55476,6,15,Inorganic,000083EC,ResInorgCommonWater_L,Water,Common
Leonis,Leonis VI-a,Moon,0005DEA9,LeonisVI-aPlanetData,55476,6,15,Inorganic,000057C3,ResInorgUncommonSilver,Silver,Uncommon
Leonis,Leonis VII,Planet,0005DEAA,LeonisVIIPlanetData,55476,0,7,Inorganic,000057EA,ResInorgCommonArgon_G,Argon,Common
Leonis,Leonis VII,Planet,0005DEAA,LeonisVIIPlanetData,55476,0,7,Inorganic,000057C7,ResInorgCommonIron,Iron,Common
Leonis,Leonis VII,Planet,0005DEAA,LeonisVIIPlanetData,55476,0,7,Inorganic,000057CB,ResInorgCommonNickel,Nickel,Common
Leonis,Leonis VII,Planet,0005DEAA,LeonisVIIPlanetData,55476,0,7,Inorganic,000057EB,ResInorgCommonUranium,Uranium,Common
Leonis,Leonis VII,Planet,0005DEAA,LeonisVIIPlanetData,55476,0,7,Inorganic,000083EC,ResInorgCommonWater_L,Water,Common
Leonis,Leonis VII,Planet,0005DEAA,LeonisVIIPlanetData,55476,0,7,Inorganic,000057E7,ResInorgUncommonBenzene_G,Benzene,Uncommon
Leonis,Leonis VII,Planet,0005DEAA,LeonisVIIPlanetData,55476,0,7,Inorganic,000057CE,ResInorgUncommonCobalt,Cobalt,Uncommon
Leonis,Leonis VIII-a,Moon,0005DEAD,LeonisVIII-aPlanetData,55476,8,17,Inorganic,000057D5,ResInorgCommonChlorine_G,Chlorine,Common
Leonis,Leonis VIII-a,Moon,0005DEAD,LeonisVIII-aPlanetData,55476,8,17,Inorganic,000057CF,ResInorgCommonCopper,Copper,Common
Leonis,Leonis VIII-a,Moon,0005DEAD,LeonisVIII-aPlanetData,55476,8,17,Inorganic,000057C1,ResInorgCommonLead,Lead,Common
Leonis,Leonis VIII-a,Moon,0005DEAD,LeonisVIII-aPlanetData,55476,8,17,Inorganic,000083EC,ResInorgCommonWater_L,Water,Common
Leonis,Leonis VIII-a,Moon,0005DEAD,LeonisVIII-aPlanetData,55476,8,17,Inorganic,000057C3,ResInorgUncommonSilver,Silver,Uncommon
Leonis,Leonis VIII-a,Moon,0005DEAD,LeonisVIII-aPlanetData,55476,8,17,Organic,0022463B,ResOrgExoticLubricantFaunaHerbivore,Lubricant,Exotic
Leonis,Leonis VIII-b,Moon,0005DEAC,LeonisVIII-bPlanetData,55476,8,16,Inorganic,000057CB,ResInorgCommonNickel,Nickel,Common
Leonis,Leonis VIII-b,Moon,0005DEAC,LeonisVIII-bPlanetData,55476,8,16,Inorganic,000083EC,ResInorgCommonWater_L,Water,Common
Leonis,Leonis VIII-c,Moon,0005DEAE,LeonisVIII-cPlanetData,55476,8,18,Inorganic,000057EA,ResInorgCommonArgon_G,Argon,Common
Leonis,Leonis VIII-c,Moon,0005DEAE,LeonisVIII-cPlanetData,55476,8,18,Inorganic,000057C7,ResInorgCommonIron,Iron,Common
Leonis,Leonis VIII-c,Moon,0005DEAE,LeonisVIII-cPlanetData,55476,8,18,Inorganic,000083EC,ResInorgCommonWater_L,Water,Common
Leonis,Leonis VIII-c,Moon,0005DEAE,LeonisVIII-cPlanetData,55476,8,18,Inorganic,000057C9,ResInorgUncommonAlkanes_G,Alkanes,Uncommon
Leonis,Leonis VIII-c,Moon,0005DEAE,LeonisVIII-cPlanetData,55476,8,18,Inorganic,000057CA,ResInorgExoticYtterbium,Ytterbium,Exotic
Leviathan,Leviathan I,Planet,0005E093,LeviathanIPlanetData,89684,0,1,Inorganic,000057F5,ResInorgCommonHelium3_G,Helium3,Common
Leviathan,Leviathan I,Planet,0005E093,LeviathanIPlanetData,89684,0,1,Inorganic,000057C7,ResInorgCommonIron,Iron,Common
Leviathan,Leviathan II,Planet,0005E094,LeviathanIIPlanetData,89684,0,2,Inorganic,000057D6,ResInorgCommonAluminum,Aluminum,Common
Leviathan,Leviathan II,Planet,0005E094,LeviathanIIPlanetData,89684,0,2,Inorganic,000057F5,ResInorgCommonHelium3_G,Helium3,Common
Leviathan,Leviathan II,Planet,0005E094,LeviathanIIPlanetData,89684,0,2,Inorganic,000057D8,ResInorgUncommonBeryllium,Beryllium,Uncommon
Leviathan,Leviathan II,Planet,0005E094,LeviathanIIPlanetData,89684,0,2,Inorganic,000057DB,ResInorgRareNeodymium,Neodymium,Rare
Leviathan,Leviathan II,Planet,0005E094,LeviathanIIPlanetData,89684,0,2,Inorganic,000057E2,ResInorgExoticEuropium,Europium,Exotic
Leviathan,Leviathan III,Planet,0005E095,LeviathanIIIPlanetData,89684,0,3,Inorganic,000057D5,ResInorgCommonChlorine_G,Chlorine,Common
Leviathan,Leviathan III,Planet,0005E095,LeviathanIIIPlanetData,89684,0,3,Inorganic,000057C1,ResInorgCommonLead,Lead,Common
Leviathan,Leviathan IV,Planet,0005E096,LeviathanIVPlanetData,89684,0,4,Inorganic,000057D6,ResInorgCommonAluminum,Aluminum,Common
Leviathan,Leviathan IV,Planet,0005E096,LeviathanIVPlanetData,89684,0,4,Inorganic,000057CF,ResInorgCommonCopper,Copper,Common
Leviathan,Leviathan IV,Planet,0005E096,LeviathanIVPlanetData,89684,0,4,Inorganic,000057C7,ResInorgCommonIron,Iron,Common
Leviathan,Leviathan IV,Planet,0005E096,LeviathanIVPlanetData,89684,0,4,Inorganic,000083EC,ResInorgCommonWater_L,Water,Common
Leviathan,Leviathan IV,Planet,0005E096,LeviathanIVPlanetData,89684,0,4,Inorganic,000057D0,ResInorgUncommonFluorine_G,Fluorine,Uncommon
Leviathan,Leviathan IV,Planet,0005E096,LeviathanIVPlanetData,89684,0,4,Inorganic,000057CA,ResInorgExoticYtterbium,Ytterbium,Exotic
Leviathan,Leviathan IV,Planet,0005E096,LeviathanIVPlanetData,89684,0,4,Organic,00224642,ResOrgCommonFiberFaunaHerbivore,Fiber,Common
Leviathan,Leviathan IV,Planet,0005E096,LeviathanIVPlanetData,89684,0,4,Organic,0022465E,ResOrgCommonMetabolicAgentFaunaCarnivore,MetabolicAgent,Common
Leviathan,Leviathan IV,Planet,0005E096,LeviathanIVPlanetData,89684,0,4,Organic,00224640,ResOrgCommonNutrientFaunaHerbivore,Nutrient,Common
Leviathan,Leviathan IV,Planet,0005E096,LeviathanIVPlanetData,89684,0,4,Organic,0007782D,ResOrgCommonSealant,Sealant,Common
Leviathan,Leviathan IV,Planet,0005E096,LeviathanIVPlanetData,89684,0,4,Organic,000777FA,ResOrgCommonStructural,Structural,Common
Leviathan,Leviathan IV,Planet,0005E096,LeviathanIVPlanetData,89684,0,4,Organic,00077823,ResOrgCommonToxin,Toxin,Common
Leviathan,Leviathan IV,Planet,0005E096,LeviathanIVPlanetData,89684,0,4,Organic,002246D8,ResOrgUncommonAntimicrobialFaunaHerbivore,Antimicrobial,Uncommon
Leviathan,Leviathan IV,Planet,0005E096,LeviathanIVPlanetData,89684,0,4,Organic,0022462D,ResOrgUncommonSpiceFaunaHerbivore,Spice,Uncommon
Leviathan,Leviathan V-a,Moon,0005E098,LeviathanV-aPlanetData,89684,5,9,Inorganic,000057EA,ResInorgCommonArgon_G,Argon,Common
Leviathan,Leviathan V-a,Moon,0005E098,LeviathanV-aPlanetData,89684,5,9,Inorganic,000083EC,ResInorgCommonWater_L,Water,Common
Leviathan,Leviathan V-a,Moon,0005E098,LeviathanV-aPlanetData,89684,5,9,Inorganic,000057E9,ResInorgExoticNeon_G,Neon,Exotic
Leviathan,Leviathan VI-a,Moon,0005E09A,LeviathanVI-aPlanetData,89684,6,10,Inorganic,000057CF,ResInorgCommonCopper,Copper,Common
Leviathan,Leviathan VI-a,Moon,0005E09A,LeviathanVI-aPlanetData,89684,6,10,Inorganic,000083EC,ResInorgCommonWater_L,Water,Common
Leviathan,Leviathan VI-a,Moon,0005E09A,LeviathanVI-aPlanetData,89684,6,10,Inorganic,000057D2,ResInorgRareGold,Gold,Rare
Leviathan,Leviathan VI-b,Moon,0005E09B,LeviathanVI-bPlanetData,89684,6,11,Inorganic,000057D5,ResInorgCommonChlorine_G,Chlorine,Common
Leviathan,Leviathan VI-b,Moon,0005E09B,LeviathanVI-bPlanetData,89684,6,11,Inorganic,000057F5,ResInorgCommonHelium3_G,Helium3,Common
Leviathan,Leviathan VI-b,Moon,0005E09B,LeviathanVI-bPlanetData,89684,6,11,Inorganic,000057C7,ResInorgCommonIron,Iron,Common
Leviathan,Leviathan VI-b,Moon,0005E09B,LeviathanVI-bPlanetData,89684,6,11,Inorganic,000083EC,ResInorgCommonWater_L,Water,Common
Leviathan,Leviathan VI-b,Moon,0005E09B,LeviathanVI-bPlanetData,89684,6,11,Inorganic,000057D7,ResInorgUncommonChlorosilanes_L,Chlorosilanes,Uncommon
Leviathan,Leviathan VI-b,Moon,0005E09B,LeviathanVI-bPlanetData,89684,6,11,Inorganic,000057DC,ResInorgExoticXenon_G,Xenon,Exotic
Leviathan,Leviathan VII,Planet,0005E09C,LeviathanVIIPlanetData,89684,0,7,Inorganic,000057D6,ResInorgCommonAluminum,Aluminum,Common
Leviathan,Leviathan VII,Planet,0005E09C,LeviathanVIIPlanetData,89684,0,7,Inorganic,000057F5,ResInorgCommonHelium3_G,Helium3,Common
Linnaeus,Linnaeus I,Planet,0005E078,LinnaeusIPlanetData,91156,0,1,Inorganic,000057EB,ResInorgCommonUranium,Uranium,Common
Linnaeus,Linnaeus I,Planet,0005E078,LinnaeusIPlanetData,91156,0,1,Inorganic,000057EC,ResInorgUncommonIridium,Iridium,Uncommon
Linnaeus,Linnaeus II,Planet,0005E079,LinnaeusIIPlanetData,91156,0,2,Inorganic,000057EA,ResInorgCommonArgon_G,Argon,Common
Linnaeus,Linnaeus II,Planet,0005E079,LinnaeusIIPlanetData,91156,0,2,Inorganic,000057C1,ResInorgCommonLead,Lead,Common
Linnaeus,Linnaeus II,Planet,0005E079,LinnaeusIIPlanetData,91156,0,2,Inorganic,000083EC,ResInorgCommonWater_L,Water,Common
Linnaeus,Linnaeus II,Planet,0005E079,LinnaeusIIPlanetData,91156,0,2,Inorganic,000057E7,ResInorgUncommonBenzene_G,Benzene,Uncommon
Linnaeus,Linnaeus II,Planet,0005E079,LinnaeusIIPlanetData,91156,0,2,Inorganic,000057C3,ResInorgUncommonSilver,Silver,Uncommon
Linnaeus,Linnaeus II,Planet,0005E079,LinnaeusIIPlanetData,91156,0,2,Organic,00077821,ResOrgCommonFiber,Fiber,Common
Linnaeus,Linnaeus II,Planet,0005E079,LinnaeusIIPlanetData,91156,0,2,Organic,00224640,ResOrgCommonNutrientFaunaHerbivore,Nutrient,Common
Linnaeus,Linnaeus II,Planet,0005E079,LinnaeusIIPlanetData,91156,0,2,Organic,0022462E,ResOrgCommonSealantFaunaHerbivore,Sealant,Common
Linnaeus,Linnaeus II,Planet,0005E079,LinnaeusIIPlanetData,91156,0,2,Organic,0022463F,ResOrgUncommonOrnamentalFaunaHerbivore,Ornamental,Uncommon
Linnaeus,Linnaeus II,Planet,0005E079,LinnaeusIIPlanetData,91156,0,2,Organic,0029F401,ResOrgUncommonPigment,Pigment,Uncommon
Linnaeus,Linnaeus II,Planet,0005E079,LinnaeusIIPlanetData,91156,0,2,Organic,000777FC,ResOrgUniqueHighTensileSpidrion,HighTensileSpidrion,Unique
Linnaeus,Linnaeus II-a,Moon,0005E07A,LinnaeusII-aPlanetData,91156,2,10,Inorganic,000057F5,ResInorgCommonHelium3_G,Helium3,Common
Linnaeus,Linnaeus II-a,Moon,0005E07A,LinnaeusII-aPlanetData,91156,2,10,Inorganic,000057C7,ResInorgCommonIron,Iron,Common
Linnaeus,Linnaeus II-a,Moon,0005E07A,LinnaeusII-aPlanetData,91156,2,10,Inorganic,000057C8,ResInorgRareTantalum,Tantalum,Rare
Linnaeus,Linnaeus III,Planet,0005E07B,LinnaeusIIIPlanetData,91156,0,3,Inorganic,000057D5,ResInorgCommonChlorine_G,Chlorine,Common
Linnaeus,Linnaeus III,Planet,0005E07B,LinnaeusIIIPlanetData,91156,0,3,Inorganic,000057CF,ResInorgCommonCopper,Copper,Common
Linnaeus,Linnaeus III,Planet,0005E07B,LinnaeusIIIPlanetData,91156,0,3,Inorganic,000057CB,ResInorgCommonNickel,Nickel,Common
Linnaeus,Linnaeus III,Planet,0005E07B,LinnaeusIIIPlanetData,91156,0,3,Inorganic,000057EB,ResInorgCommonUranium,Uranium,Common
Linnaeus,Linnaeus III,Planet,0005E07B,LinnaeusIIIPlanetData,91156,0,3,Inorganic,000083EC,ResInorgCommonWater_L,Water,Common
Linnaeus,Linnaeus III,Planet,0005E07B,LinnaeusIIIPlanetData,91156,0,3,Inorganic,000057D7,ResInorgUncommonChlorosilanes_L,Chlorosilanes,Uncommon
Linnaeus,Linnaeus III,Planet,0005E07B,LinnaeusIIIPlanetData,91156,0,3,Inorganic,000057D0,ResInorgUncommonFluorine_G,Fluorine,Uncommon
Linnaeus,Linnaeus III,Planet,0005E07B,LinnaeusIIIPlanetData,91156,0,3,Inorganic,000057D1,ResInorgRareTetrafluorides_G,Tetrafluorides,Rare
Linnaeus,Linnaeus III-a,Moon,0005E07C,LinnaeusIII-aPlanetData,91156,3,11,Inorganic,000057D6,ResInorgCommonAluminum,Aluminum,Common
Linnaeus,Linnaeus III-a,Moon,0005E07C,LinnaeusIII-aPlanetData,91156,3,11,Inorganic,000057F5,ResInorgCommonHelium3_G,Helium3,Common
Linnaeus,Linnaeus III-a,Moon,0005E07C,LinnaeusIII-aPlanetData,91156,3,11,Inorganic,000057D8,ResInorgUncommonBeryllium,Beryllium,Uncommon
Linnaeus,Linnaeus IV-a,Moon,0005E07E,LinnaeusIV-aPlanetData,91156,4,12,Inorganic,000057C1,ResInorgCommonLead,Lead,Common
Linnaeus,Linnaeus IV-a,Moon,0005E07E,LinnaeusIV-aPlanetData,91156,4,12,Inorganic,000057CB,ResInorgCommonNickel,Nickel,Common
Linnaeus,Linnaeus IV-a,Moon,0005E07E,LinnaeusIV-aPlanetData,91156,4,12,Inorganic,000057EB,ResInorgCommonUranium,Uranium,Common
Linnaeus,Linnaeus IV-a,Moon,0005E07E,LinnaeusIV-aPlanetData,91156,4,12,Inorganic,000057CE,ResInorgUncommonCobalt,Cobalt,Uncommon
Linnaeus,Linnaeus IV-a,Moon,0005E07E,LinnaeusIV-aPlanetData,91156,4,12,Inorganic,000057EC,ResInorgUncommonIridium,Iridium,Uncommon
Linnaeus,Linnaeus IV-a,Moon,0005E07E,LinnaeusIV-aPlanetData,91156,4,12,Inorganic,000057CC,ResInorgRarePlatinum,Platinum,Rare
Linnaeus,Linnaeus IV-b,Moon,0005E080,LinnaeusIV-bPlanetData,91156,4,14,Inorganic,000057D6,ResInorgCommonAluminum,Aluminum,Common
Linnaeus,Linnaeus IV-b,Moon,0005E080,LinnaeusIV-bPlanetData,91156,4,14,Inorganic,000057F5,ResInorgCommonHelium3_G,Helium3,Common
Linnaeus,Linnaeus IV-b,Moon,0005E080,LinnaeusIV-bPlanetData,91156,4,14,Inorganic,000057C7,ResInorgCommonIron,Iron,Common
Linnaeus,Linnaeus IV-b,Moon,0005E080,LinnaeusIV-bPlanetData,91156,4,14,Inorganic,000057C1,ResInorgCommonLead,Lead,Common
Linnaeus,Linnaeus IV-b,Moon,0005E080,LinnaeusIV-bPlanetData,91156,4,14,Inorganic,000083EC,ResInorgCommonWater_L,Water,Common
Linnaeus,Linnaeus IV-b,Moon,0005E080,LinnaeusIV-bPlanetData,91156,4,14,Inorganic,000057C9,ResInorgUncommonAlkanes_G,Alkanes,Uncommon
Linnaeus,Linnaeus IV-b,Moon,0005E080,LinnaeusIV-bPlanetData,91156,4,14,Inorganic,000057D8,ResInorgUncommonBeryllium,Beryllium,Uncommon
Linnaeus,Linnaeus IV-b,Moon,0005E080,LinnaeusIV-bPlanetData,91156,4,14,Inorganic,000057CA,ResInorgExoticYtterbium,Ytterbium,Exotic
Linnaeus,Linnaeus IV-c,Moon,0005E07F,LinnaeusIV-cPlanetData,91156,4,13,Inorganic,000057CB,ResInorgCommonNickel,Nickel,Common
Linnaeus,Linnaeus IV-c,Moon,0005E07F,LinnaeusIV-cPlanetData,91156,4,13,Inorganic,000083EC,ResInorgCommonWater_L,Water,Common
Linnaeus,Linnaeus IV-c,Moon,0005E07F,LinnaeusIV-cPlanetData,91156,4,13,Inorganic,000057CD,ResInorgExoticPalladium,Palladium,Exotic
Linnaeus,Linnaeus V,Planet,0005E081,LinnaeusVPlanetData,91156,0,5,Inorganic,000057D6,ResInorgCommonAluminum,Aluminum,Common
Linnaeus,Linnaeus V,Planet,0005E081,LinnaeusVPlanetData,91156,0,5,Inorganic,000057F5,ResInorgCommonHelium3_G,Helium3,Common
Linnaeus,Linnaeus V,Planet,0005E081,LinnaeusVPlanetData,91156,0,5,Inorganic,000057E2,ResInorgExoticEuropium,Europium,Exotic
Linnaeus,Linnaeus VI,Planet,0005E082,LinnaeusVIPlanetData,91156,0,6,Inorganic,000057CB,ResInorgCommonNickel,Nickel,Common
Linnaeus,Linnaeus VI,Planet,0005E082,LinnaeusVIPlanetData,91156,0,6,Inorganic,000083EC,ResInorgCommonWater_L,Water,Common
Linnaeus,Linnaeus VI,Planet,0005E082,LinnaeusVIPlanetData,91156,0,6,Inorganic,000057CE,ResInorgUncommonCobalt,Cobalt,Uncommon
Linnaeus,Linnaeus VII,Planet,0005E083,LinnaeusVIIPlanetData,91156,0,7,Inorganic,000057D6,ResInorgCommonAluminum,Aluminum,Common
Linnaeus,Linnaeus VII,Planet,0005E083,LinnaeusVIIPlanetData,91156,0,7,Inorganic,000057F5,ResInorgCommonHelium3_G,Helium3,Common
Linnaeus,Linnaeus VII,Planet,0005E083,LinnaeusVIIPlanetData,91156,0,7,Inorganic,000057DB,ResInorgRareNeodymium,Neodymium,Rare
Lunara,Abetti,Moon,0005E570,AbettiPlanetData,83865,5,14,Inorganic,000057EA,ResInorgCommonArgon_G,Argon,Common
Lunara,Abetti,Moon,0005E570,AbettiPlanetData,83865,5,14,Inorganic,000083EC,ResInorgCommonWater_L,Water,Common
Lunara,Abetti,Moon,0005E570,AbettiPlanetData,83865,5,14,Inorganic,000057E7,ResInorgUncommonBenzene_G,Benzene,Uncommon
Lunara,Abetti,Moon,0005E570,AbettiPlanetData,83865,5,14,Inorganic,000057E9,ResInorgExoticNeon_G,Neon,Exotic
Lunara,Az-Valok,Moon,0005E580,Az-ValokPlanetData,83865,7,22,Inorganic,000057F5,ResInorgCommonHelium3_G,Helium3,Common
Lunara,Az-Valok,Moon,0005E580,Az-ValokPlanetData,83865,7,22,Inorganic,000057C7,ResInorgCommonIron,Iron,Common
Lunara,Coeus,Moon,0005E56D,CoeusPlanetData,83865,4,12,Inorganic,000057F5,ResInorgCommonHelium3_G,Helium3,Common
Lunara,Coeus,Moon,0005E56D,CoeusPlanetData,83865,4,12,Inorganic,000057C7,ResInorgCommonIron,Iron,Common
Lunara,Crius,Moon,0005E56E,CriusPlanetData,83865,4,13,Inorganic,000057D6,ResInorgCommonAluminum,Aluminum,Common
Lunara,Crius,Moon,0005E56E,CriusPlanetData,83865,4,13,Inorganic,000057F5,ResInorgCommonHelium3_G,Helium3,Common
Lunara,Earrach,Moon,0005E56B,EarrachPlanetData,83865,3,26,Inorganic,000057F5,ResInorgCommonHelium3_G,Helium3,Common
Lunara,Earrach,Moon,0005E56B,EarrachPlanetData,83865,3,26,Inorganic,000057C7,ResInorgCommonIron,Iron,Common
Lunara,Earrach,Moon,0005E56B,EarrachPlanetData,83865,3,26,Inorganic,000057C9,ResInorgUncommonAlkanes_G,Alkanes,Uncommon
Lunara,Gaea,Planet,0005E56C,GaeaPlanetData,83865,0,4,Inorganic,000057D6,ResInorgCommonAluminum,Aluminum,Common
Lunara,Gaea,Planet,0005E56C,GaeaPlanetData,83865,0,4,Inorganic,000057F5,ResInorgCommonHelium3_G,Helium3,Common
Lunara,Gaea,Planet,0005E56C,GaeaPlanetData,83865,0,4,Inorganic,000057DB,ResInorgRareNeodymium,Neodymium,Rare
Lunara,Gasparis,Moon,0005E572,GasparisPlanetData,83865,5,16,Inorganic,000057CF,ResInorgCommonCopper,Copper,Common
Lunara,Gasparis,Moon,0005E572,GasparisPlanetData,83865,5,16,Inorganic,000083EC,ResInorgCommonWater_L,Water,Common
Lunara,Gasparis,Moon,0005E572,GasparisPlanetData,83865,5,16,Inorganic,000057D0,ResInorgUncommonFluorine_G,Fluorine,Uncommon
Lunara,Gasparis,Moon,0005E572,GasparisPlanetData,83865,5,16,Inorganic,000057D2,ResInorgRareGold,Gold,Rare
Lunara,Gasparis,Moon,0005E572,GasparisPlanetData,83865,5,16,Inorganic,000057D3,ResInorgExoticAntimony,Antimony,Exotic
Lunara,Lillius,Moon,0005E571,LilliusPlanetData,83865,5,15,Inorganic,000057CF,ResInorgCommonCopper,Copper,Common
Lunara,Lillius,Moon,0005E571,LilliusPlanetData,83865,5,15,Inorganic,000083EC,ResInorgCommonWater_L,Water,Common
Lunara,Lillius,Moon,0005E571,LilliusPlanetData,83865,5,15,Inorganic,000057D0,ResInorgUncommonFluorine_G,Fluorine,Uncommon
Lunara,Numitor,Planet,0005E564,NumitorPlanetData,83865,0,1,Inorganic,000057D6,ResInorgCommonAluminum,Aluminum,Common
Lunara,Numitor,Planet,0005E564,NumitorPlanetData,83865,0,1,Inorganic,000057F5,ResInorgCommonHelium3_G,Helium3,Common
Lunara,Numitor,Planet,0005E564,NumitorPlanetData,83865,0,1,Inorganic,000057D8,ResInorgUncommonBeryllium,Beryllium,Uncommon
Lunara,Nyarloth,Moon,0005E582,NyarlothPlanetData,83865,7,24,Inorganic,000057F5,ResInorgCommonHelium3_G,Helium3,Common
Lunara,Nyarloth,Moon,0005E582,NyarlothPlanetData,83865,7,24,Inorganic,000057C7,ResInorgCommonIron,Iron,Common
Lunara,Okoro Alpha,Moon,0005E575,OkoroAlphaPlanetData,83865,6,18,Inorganic,000057D5,ResInorgCommonChlorine_G,Chlorine,Common
Lunara,Okoro Alpha,Moon,0005E575,OkoroAlphaPlanetData,83865,6,18,Inorganic,000083EC,ResInorgCommonWater_L,Water,Common
Lunara,Okoro Alpha,Moon,0005E575,OkoroAlphaPlanetData,83865,6,18,Inorganic,000057D7,ResInorgUncommonChlorosilanes_L,Chlorosilanes,Uncommon
Lunara,Okoro Alpha,Moon,0005E575,OkoroAlphaPlanetData,83865,6,18,Inorganic,000057DA,ResInorgRareLithium,Lithium,Rare
Lunara,Okoro Beta,Moon,0005E576,OkoroBetaPlanetData,83865,6,19,Inorganic,000057D5,ResInorgCommonChlorine_G,Chlorine,Common
Lunara,Okoro Beta,Moon,0005E576,OkoroBetaPlanetData,83865,6,19,Inorganic,000083EC,ResInorgCommonWater_L,Water,Common
Lunara,Okoro Beta,Moon,0005E576,OkoroBetaPlanetData,83865,6,19,Inorganic,000057D7,ResInorgUncommonChlorosilanes_L,Chlorosilanes,Uncommon
Lunara,Okoro Beta,Moon,0005E576,OkoroBetaPlanetData,83865,6,19,Inorganic,000057DC,ResInorgExoticXenon_G,Xenon,Exotic
Lunara,Okoro Delta,Moon,0005E57A,OkoroDeltaPlanetData,83865,6,21,Inorganic,000057CB,ResInorgCommonNickel,Nickel,Common
Lunara,Okoro Delta,Moon,0005E57A,OkoroDeltaPlanetData,83865,6,21,Inorganic,000083EC,ResInorgCommonWater_L,Water,Common
Lunara,Okoro Delta,Moon,0005E57A,OkoroDeltaPlanetData,83865,6,21,Inorganic,000057CE,ResInorgUncommonCobalt,Cobalt,Uncommon
Lunara,Okoro Epsilon,Moon,0005E577,OkoroEpsilonPlanetData,83865,6,20,Inorganic,000057C1,ResInorgCommonLead,Lead,Common
Lunara,Okoro Epsilon,Moon,0005E577,OkoroEpsilonPlanetData,83865,6,20,Inorganic,000083EC,ResInorgCommonWater_L,Water,Common
Lunara,Okoro Gamma,Moon,0005E574,OkoroGammaPlanetData,83865,6,17,Inorganic,000057CB,ResInorgCommonNickel,Nickel,Common
Lunara,Okoro Gamma,Moon,0005E574,OkoroGammaPlanetData,83865,6,17,Inorganic,000083EC,ResInorgCommonWater_L,Water,Common
Lunara,Okoro Gamma,Moon,0005E574,OkoroGammaPlanetData,83865,6,17,Inorganic,000057CC,ResInorgRarePlatinum,Platinum,Rare
Lunara,Petria,Planet,0005E56A,PetriaPlanetData,83865,0,3,Inorganic,000057CF,ResInorgCommonCopper,Copper,Common
Lunara,Petria,Planet,0005E56A,PetriaPlanetData,83865,0,3,Inorganic,000057C1,ResInorgCommonLead,Lead,Common
Lunara,Petria,Planet,0005E56A,PetriaPlanetData,83865,0,3,Inorganic,000083EC,ResInorgCommonWater_L,Water,Common
Lunara,Petria,Planet,0005E56A,PetriaPlanetData,83865,0,3,Inorganic,000057D0,ResInorgUncommonFluorine_G,Fluorine,Uncommon
Lunara,Petria,Planet,0005E56A,PetriaPlanetData,83865,0,3,Inorganic,000057D1,ResInorgRareTetrafluorides_G,Tetrafluorides,Rare
Lunara,Remus,Moon,0005E567,RemusPlanetData,83865,1,11,Inorganic,000057F5,ResInorgCommonHelium3_G,Helium3,Common
Lunara,Remus,Moon,0005E567,RemusPlanetData,83865,1,11,Inorganic,000057C7,ResInorgCommonIron,Iron,Common
Lunara,Remus,Moon,0005E567,RemusPlanetData,83865,1,11,Inorganic,000057C9,ResInorgUncommonAlkanes_G,Alkanes,Uncommon
Lunara,Reva's World,Planet,0005E583,RevasWorldPlanetData,83865,0,8,Inorganic,000057D6,ResInorgCommonAluminum,Aluminum,Common
Lunara,Reva's World,Planet,0005E583,RevasWorldPlanetData,83865,0,8,Inorganic,000057F5,ResInorgCommonHelium3_G,Helium3,Common
Lunara,Romulus,Moon,0005E565,RomulusPlanetData,83865,1,10,Inorganic,000057D6,ResInorgCommonAluminum,Aluminum,Common
Lunara,Romulus,Moon,0005E565,RomulusPlanetData,83865,1,10,Inorganic,000057F5,ResInorgCommonHelium3_G,Helium3,Common
Lunara,Romulus,Moon,0005E565,RomulusPlanetData,83865,1,10,Inorganic,000057D8,ResInorgUncommonBeryllium,Beryllium,Uncommon
Lunara,Uvhan,Moon,0005E581,UvhanPlanetData,83865,7,23,Inorganic,000057EA,ResInorgCommonArgon_G,Argon,Common
Lunara,Uvhan,Moon,0005E581,UvhanPlanetData,83865,7,23,Inorganic,000083EC,ResInorgCommonWater_L,Water,Common
Lunara,Vesta,Planet,0005E568,VestaPlanetData,83865,0,2,Inorganic,000057EA,ResInorgCommonArgon_G,Argon,Common
Lunara,Vesta,Planet,0005E568,VestaPlanetData,83865,0,2,Inorganic,000057D5,ResInorgCommonChlorine_G,Chlorine,Common
Lunara,Vesta,Planet,0005E568,VestaPlanetData,83865,0,2,Inorganic,000057CF,ResInorgCommonCopper,Copper,Common
Lunara,Vesta,Planet,0005E568,VestaPlanetData,83865,0,2,Inorganic,000057C1,ResInorgCommonLead,Lead,Common
Lunara,Vesta,Planet,0005E568,VestaPlanetData,83865,0,2,Inorganic,000083EC,ResInorgCommonWater_L,Water,Common
Lunara,Vesta,Planet,0005E568,VestaPlanetData,83865,0,2,Inorganic,000057D0,ResInorgUncommonFluorine_G,Fluorine,Uncommon
Lunara,Vesta,Planet,0005E568,VestaPlanetData,83865,0,2,Inorganic,0027C499,ResInorgRareMercury_L,Mercury,Rare
Lunara,Vesta,Planet,0005E568,VestaPlanetData,83865,0,2,Organic,00077821,ResOrgCommonFiber,Fiber,Common
Lunara,Vesta,Planet,0005E568,VestaPlanetData,83865,0,2,Organic,00224641,ResOrgCommonMetabolicAgentFaunaHerbivore,MetabolicAgent,Common
Lunara,Vesta,Planet,0005E568,VestaPlanetData,83865,0,2,Organic,000777E6,ResOrgCommonNutrient,Nutrient,Common
Lunara,Vesta,Planet,0005E568,VestaPlanetData,83865,0,2,Organic,0022462E,ResOrgCommonSealantFaunaHerbivore,Sealant,Common
Lunara,Vesta,Planet,0005E568,VestaPlanetData,83865,0,2,Organic,000777FA,ResOrgCommonStructural,Structural,Common
Lunara,Vesta,Planet,0005E568,VestaPlanetData,83865,0,2,Organic,00077823,ResOrgCommonToxin,Toxin,Common
Lunara,Vesta,Planet,0005E568,VestaPlanetData,83865,0,2,Organic,0022463E,ResOrgCommonToxinFaunaHerbivore,Toxin,Common
Lunara,Vesta,Planet,0005E568,VestaPlanetData,83865,0,2,Organic,00224630,ResOrgUncommonMembraneFaunaHerbivore,Membrane,Uncommon
Lunara,Vesta,Planet,0005E568,VestaPlanetData,83865,0,2,Organic,0022465C,ResOrgUncommonOrnamentalFaunaCarnivore,Ornamental,Uncommon
Lunara,Vesta,Planet,0005E568,VestaPlanetData,83865,0,2,Organic,00224652,ResOrgRareAnalgesicFaunaCarnivore,Analgesic,Rare
Lunara,Vesta Lunaris,Moon,0005E569,VestaLunarisPlanetData,83865,2,25,Inorganic,000057D6,ResInorgCommonAluminum,Aluminum,Common
Lunara,Vesta Lunaris,Moon,0005E569,VestaLunarisPlanetData,83865,2,25,Inorganic,000057F5,ResInorgCommonHelium3_G,Helium3,Common
Luyten's Star,Luyten's Rock,Planet,0005E504,LuytensRockPlanetData,36107,0,1,Inorganic,000057EA,ResInorgCommonArgon_G,Argon,Common
Luyten's Star,Luyten's Rock,Planet,0005E504,LuytensRockPlanetData,36107,0,1,Inorganic,000057D5,ResInorgCommonChlorine_G,Chlorine,Common
Luyten's Star,Luyten's Rock,Planet,0005E504,LuytensRockPlanetData,36107,0,1,Inorganic,000057C7,ResInorgCommonIron,Iron,Common
Luyten's Star,Luyten's Rock,Planet,0005E504,LuytensRockPlanetData,36107,0,1,Inorganic,000083EC,ResInorgCommonWater_L,Water,Common
Luyten's Star,Luyten's Rock,Planet,0005E504,LuytensRockPlanetData,36107,0,1,Inorganic,000057C9,ResInorgUncommonAlkanes_G,Alkanes,Uncommon
Luyten's Star,Luyten's Rock,Planet,0005E504,LuytensRockPlanetData,36107,0,1,Inorganic,000057DA,ResInorgRareLithium,Lithium,Rare
Luyten's Star,Luyten's Rock,Planet,0005E504,LuytensRockPlanetData,36107,0,1,Inorganic,000057C8,ResInorgRareTantalum,Tantalum,Rare
Maal,Maal I,Planet,0005DE60,MaalIPlanetData,74746,0,1,Inorganic,000057F5,ResInorgCommonHelium3_G,Helium3,Common
Maal,Maal I,Planet,0005DE60,MaalIPlanetData,74746,0,1,Inorganic,000057C7,ResInorgCommonIron,Iron,Common
Maal,Maal I,Planet,0005DE60,MaalIPlanetData,74746,0,1,Inorganic,000057CA,ResInorgExoticYtterbium,Ytterbium,Exotic
Maal,Maal I-a,Moon,0005DE62,MaalI-aPlanetData,74746,1,13,Inorganic,000057D6,ResInorgCommonAluminum,Aluminum,Common
Maal,Maal I-a,Moon,0005DE62,MaalI-aPlanetData,74746,1,13,Inorganic,000057F5,ResInorgCommonHelium3_G,Helium3,Common
Maal,Maal I-b,Moon,0005DE61,MaalI-bPlanetData,74746,1,12,Inorganic,000057F5,ResInorgCommonHelium3_G,Helium3,Common
Maal,Maal I-b,Moon,0005DE61,MaalI-bPlanetData,74746,1,12,Inorganic,000057C7,ResInorgCommonIron,Iron,Common
Maal,Maal II,Planet,0005DE63,MaalIIPlanetData,74746,0,2,Inorganic,000057D5,ResInorgCommonChlorine_G,Chlorine,Common
Maal,Maal II,Planet,0005DE63,MaalIIPlanetData,74746,0,2,Inorganic,000057C7,ResInorgCommonIron,Iron,Common
Maal,Maal II,Planet,0005DE63,MaalIIPlanetData,74746,0,2,Inorganic,000057CB,ResInorgCommonNickel,Nickel,Common
Maal,Maal II-a,Moon,0005DE64,MaalII-aPlanetData,74746,2,14,Inorganic,000057D6,ResInorgCommonAluminum,Aluminum,Common
Maal,Maal II-a,Moon,0005DE64,MaalII-aPlanetData,74746,2,14,Inorganic,000057F5,ResInorgCommonHelium3_G,Helium3,Common
Maal,Maal III,Planet,0005DE65,MaalIIIPlanetData,74746,0,3,Inorganic,000057CF,ResInorgCommonCopper,Copper,Common
Maal,Maal III,Planet,0005DE65,MaalIIIPlanetData,74746,0,3,Inorganic,000057C7,ResInorgCommonIron,Iron,Common
Maal,Maal III,Planet,0005DE65,MaalIIIPlanetData,74746,0,3,Inorganic,000057C1,ResInorgCommonLead,Lead,Common
Maal,Maal III,Planet,0005DE65,MaalIIIPlanetData,74746,0,3,Inorganic,000057C9,ResInorgUncommonAlkanes_G,Alkanes,Uncommon
Maal,Maal III,Planet,0005DE65,MaalIIIPlanetData,74746,0,3,Inorganic,000057D2,ResInorgRareGold,Gold,Rare
Maal,Maal III,Planet,0005DE65,MaalIIIPlanetData,74746,0,3,Inorganic,000057C6,ResInorgRareTitanium,Titanium,Rare
Maal,Maal IV,Planet,0005DE67,MaalIVPlanetData,74746,0,4,Inorganic,000057D5,ResInorgCommonChlorine_G,Chlorine,Common
Maal,Maal IV,Planet,0005DE67,MaalIVPlanetData,74746,0,4,Inorganic,000057C1,ResInorgCommonLead,Lead,Common
Maal,Maal IV,Planet,0005DE67,MaalIVPlanetData,74746,0,4,Inorganic,000057EB,ResInorgCommonUranium,Uranium,Common
Maal,Maal IV,Planet,0005DE67,MaalIVPlanetData,74746,0,4,Inorganic,000083EC,ResInorgCommonWater_L,Water,Common
Maal,Maal IV,Planet,0005DE67,MaalIVPlanetData,74746,0,4,Inorganic,000057EC,ResInorgUncommonIridium,Iridium,Uncommon
Maal,Maal IV,Planet,0005DE67,MaalIVPlanetData,74746,0,4,Inorganic,000057C3,ResInorgUncommonSilver,Silver,Uncommon
Maal,Maal IV,Planet,0005DE67,MaalIVPlanetData,74746,0,4,Inorganic,0027C499,ResInorgRareMercury_L,Mercury,Rare
Maal,Maal IV,Planet,0005DE67,MaalIVPlanetData,74746,0,4,Organic,00224641,ResOrgCommonMetabolicAgentFaunaHerbivore,MetabolicAgent,Common
Maal,Maal IV,Planet,0005DE67,MaalIVPlanetData,74746,0,4,Organic,0022462E,ResOrgCommonSealantFaunaHerbivore,Sealant,Common
Maal,Maal IV,Planet,0005DE67,MaalIVPlanetData,74746,0,4,Organic,0022462C,ResOrgCommonStructuralFaunaHerbivore,Structural,Common
Maal,Maal IV,Planet,0005DE67,MaalIVPlanetData,74746,0,4,Organic,00077820,ResOrgUncommonAntimicrobial,Antimicrobial,Uncommon
Maal,Maal IV,Planet,0005DE67,MaalIVPlanetData,74746,0,4,Organic,00077822,ResOrgUncommonOrnamental,Ornamental,Uncommon
Maal,Maal IV,Planet,0005DE67,MaalIVPlanetData,74746,0,4,Organic,0007782E,ResOrgUncommonSpice,Spice,Uncommon
Maal,Maal IV,Planet,0005DE67,MaalIVPlanetData,74746,0,4,Organic,0022464A,ResOrgUncommonSpiceFaunaCarnivore,Spice,Uncommon
Maal,Maal IX-a,Moon,0005DE72,MaalIX-aPlanetData,74746,9,21,Inorganic,000057EA,ResInorgCommonArgon_G,Argon,Common
Maal,Maal IX-a,Moon,0005DE72,MaalIX-aPlanetData,74746,9,21,Inorganic,000083EC,ResInorgCommonWater_L,Water,Common
Maal,Maal IX-b,Moon,0005DE74,MaalIX-bPlanetData,74746,9,23,Inorganic,000057CF,ResInorgCommonCopper,Copper,Common
Maal,Maal IX-b,Moon,0005DE74,MaalIX-bPlanetData,74746,9,23,Inorganic,000057EB,ResInorgCommonUranium,Uranium,Common
Maal,Maal IX-b,Moon,0005DE74,MaalIX-bPlanetData,74746,9,23,Inorganic,000083EC,ResInorgCommonWater_L,Water,Common
Maal,Maal IX-b,Moon,0005DE74,MaalIX-bPlanetData,74746,9,23,Inorganic,000057ED,ResInorgRareVanadium,Vanadium,Rare
Maal,Maal IX-b,Moon,0005DE74,MaalIX-bPlanetData,74746,9,23,Inorganic,000057D3,ResInorgExoticAntimony,Antimony,Exotic
Maal,Maal IX-b,Moon,0005DE74,MaalIX-bPlanetData,74746,9,23,Organic,0022462C,ResOrgCommonStructuralFaunaHerbivore,Structural,Common
Maal,Maal IX-b,Moon,0005DE74,MaalIX-bPlanetData,74746,9,23,Organic,0022463D,ResOrgExoticBiosuppressantFaunaHerbivore,Biosuppressant,Exotic
Maal,Maal IX-c,Moon,0005DE75,MaalIX-cPlanetData,74746,9,24,Inorganic,000057EA,ResInorgCommonArgon_G,Argon,Common
Maal,Maal IX-c,Moon,0005DE75,MaalIX-cPlanetData,74746,9,24,Inorganic,000083EC,ResInorgCommonWater_L,Water,Common
Maal,Maal IX-c,Moon,0005DE75,MaalIX-cPlanetData,74746,9,24,Inorganic,000057E7,ResInorgUncommonBenzene_G,Benzene,Uncommon
Maal,Maal IX-c,Moon,0005DE75,MaalIX-cPlanetData,74746,9,24,Inorganic,000057E8,ResInorgRareCarboxylicAcids_L,CarboxylicAcids,Rare
Maal,Maal IX-d,Moon,0005DE73,MaalIX-dPlanetData,74746,9,22,Inorganic,000057EA,ResInorgCommonArgon_G,Argon,Common
Maal,Maal IX-d,Moon,0005DE73,MaalIX-dPlanetData,74746,9,22,Inorganic,000083EC,ResInorgCommonWater_L,Water,Common
Maal,Maal IX-d,Moon,0005DE73,MaalIX-dPlanetData,74746,9,22,Inorganic,000057E7,ResInorgUncommonBenzene_G,Benzene,Uncommon
Maal,Maal V,Planet,0005DE68,MaalVPlanetData,74746,0,5,Inorganic,000057EA,ResInorgCommonArgon_G,Argon,Common
Maal,Maal V,Planet,0005DE68,MaalVPlanetData,74746,0,5,Inorganic,000057D5,ResInorgCommonChlorine_G,Chlorine,Common
Maal,Maal V,Planet,0005DE68,MaalVPlanetData,74746,0,5,Inorganic,000057C1,ResInorgCommonLead,Lead,Common
Maal,Maal V,Planet,0005DE68,MaalVPlanetData,74746,0,5,Inorganic,000057CB,ResInorgCommonNickel,Nickel,Common
Maal,Maal V,Planet,0005DE68,MaalVPlanetData,74746,0,5,Inorganic,000083EC,ResInorgCommonWater_L,Water,Common
Maal,Maal V,Planet,0005DE68,MaalVPlanetData,74746,0,5,Inorganic,000057CE,ResInorgUncommonCobalt,Cobalt,Uncommon
Maal,Maal V,Planet,0005DE68,MaalVPlanetData,74746,0,5,Inorganic,000057C3,ResInorgUncommonSilver,Silver,Uncommon
Maal,Maal V,Planet,0005DE68,MaalVPlanetData,74746,0,5,Organic,00077821,ResOrgCommonFiber,Fiber,Common
Maal,Maal V,Planet,0005DE68,MaalVPlanetData,74746,0,5,Organic,00224641,ResOrgCommonMetabolicAgentFaunaHerbivore,MetabolicAgent,Common
Maal,Maal V,Planet,0005DE68,MaalVPlanetData,74746,0,5,Organic,0007782D,ResOrgCommonSealant,Sealant,Common
Maal,Maal V,Planet,0005DE68,MaalVPlanetData,74746,0,5,Organic,0022462E,ResOrgCommonSealantFaunaHerbivore,Sealant,Common
Maal,Maal V,Planet,0005DE68,MaalVPlanetData,74746,0,5,Organic,00077822,ResOrgUncommonOrnamental,Ornamental,Uncommon
Maal,Maal V,Planet,0005DE68,MaalVPlanetData,74746,0,5,Organic,0022464C,ResOrgUncommonPigmentFaunaCarnivore,Pigment,Uncommon
Maal,Maal V,Planet,0005DE68,MaalVPlanetData,74746,0,5,Organic,00224634,ResOrgRareAromaticFaunaHerbivore,Aromatic,Rare
Maal,Maal V,Planet,0005DE68,MaalVPlanetData,74746,0,5,Organic,00224659,ResOrgExoticHypercatalystFaunaCarnivore,Hypercatalyst,Exotic
Maal,Maal V-a,Moon,0005DE69,MaalV-aPlanetData,74746,5,16,Inorganic,000057D6,ResInorgCommonAluminum,Aluminum,Common
Maal,Maal V-a,Moon,0005DE69,MaalV-aPlanetData,74746,5,16,Inorganic,000057F5,ResInorgCommonHelium3_G,Helium3,Common
Maal,Maal V-a,Moon,0005DE69,MaalV-aPlanetData,74746,5,16,Inorganic,000057D8,ResInorgUncommonBeryllium,Beryllium,Uncommon
Maal,Maal V-a,Moon,0005DE69,MaalV-aPlanetData,74746,5,16,Inorganic,000057DB,ResInorgRareNeodymium,Neodymium,Rare
Maal,Maal VI-a,Moon,0005DE6B,MaalVI-aPlanetData,74746,6,18,Inorganic,000057D6,ResInorgCommonAluminum,Aluminum,Common
Maal,Maal VI-a,Moon,0005DE6B,MaalVI-aPlanetData,74746,6,18,Inorganic,000057D5,ResInorgCommonChlorine_G,Chlorine,Common
Maal,Maal VI-a,Moon,0005DE6B,MaalVI-aPlanetData,74746,6,18,Inorganic,000057F5,ResInorgCommonHelium3_G,Helium3,Common
Maal,Maal VI-a,Moon,0005DE6B,MaalVI-aPlanetData,74746,6,18,Inorganic,000057C1,ResInorgCommonLead,Lead,Common
Maal,Maal VI-a,Moon,0005DE6B,MaalVI-aPlanetData,74746,6,18,Inorganic,000057EB,ResInorgCommonUranium,Uranium,Common
Maal,Maal VI-a,Moon,0005DE6B,MaalVI-aPlanetData,74746,6,18,Inorganic,000083EC,ResInorgCommonWater_L,Water,Common
Maal,Maal VI-a,Moon,0005DE6B,MaalVI-aPlanetData,74746,6,18,Inorganic,000057D8,ResInorgUncommonBeryllium,Beryllium,Uncommon
Maal,Maal VI-a,Moon,0005DE6B,MaalVI-aPlanetData,74746,6,18,Inorganic,000057DA,ResInorgRareLithium,Lithium,Rare
Maal,Maal VI-b,Moon,0005DE6D,MaalVI-bPlanetData,74746,6,20,Inorganic,000057CF,ResInorgCommonCopper,Copper,Common
Maal,Maal VI-b,Moon,0005DE6D,MaalVI-bPlanetData,74746,6,20,Inorganic,000083EC,ResInorgCommonWater_L,Water,Common
Maal,Maal VI-b,Moon,0005DE6D,MaalVI-bPlanetData,74746,6,20,Inorganic,000057D0,ResInorgUncommonFluorine_G,Fluorine,Uncommon
Maal,Maal VI-c,Moon,0005DE6C,MaalVI-cPlanetData,74746,6,19,Inorganic,000057D5,ResInorgCommonChlorine_G,Chlorine,Common
Maal,Maal VI-c,Moon,0005DE6C,MaalVI-cPlanetData,74746,6,19,Inorganic,000083EC,ResInorgCommonWater_L,Water,Common
Maal,Maal VII,Planet,0005DE6E,MaalVIIPlanetData,74746,0,7,Inorganic,000057CF,ResInorgCommonCopper,Copper,Common
Maal,Maal VII,Planet,0005DE6E,MaalVIIPlanetData,74746,0,7,Inorganic,000057C1,ResInorgCommonLead,Lead,Common
Maal,Maal VII,Planet,0005DE6E,MaalVIIPlanetData,74746,0,7,Inorganic,000057CB,ResInorgCommonNickel,Nickel,Common
Maal,Maal VII,Planet,0005DE6E,MaalVIIPlanetData,74746,0,7,Inorganic,000083EC,ResInorgCommonWater_L,Water,Common
Maal,Maal VII,Planet,0005DE6E,MaalVIIPlanetData,74746,0,7,Inorganic,000057D0,ResInorgUncommonFluorine_G,Fluorine,Uncommon
Maal,Maal VII,Planet,0005DE6E,MaalVIIPlanetData,74746,0,7,Inorganic,000057C4,ResInorgUncommonTungsten,Tungsten,Uncommon
Maal,Maal VII,Planet,0005DE6E,MaalVIIPlanetData,74746,0,7,Inorganic,000057CC,ResInorgRarePlatinum,Platinum,Rare
Maal,Maal VII,Planet,0005DE6E,MaalVIIPlanetData,74746,0,7,Inorganic,000057D1,ResInorgRareTetrafluorides_G,Tetrafluorides,Rare
Maal,Maal VIII,Planet,0005DE6F,MaalVIIIPlanetData,74746,0,8,Inorganic,000057CF,ResInorgCommonCopper,Copper,Common
Maal,Maal VIII,Planet,0005DE6F,MaalVIIIPlanetData,74746,0,8,Inorganic,000057C7,ResInorgCommonIron,Iron,Common
Maal,Maal VIII,Planet,0005DE6F,MaalVIIIPlanetData,74746,0,8,Inorganic,000057CB,ResInorgCommonNickel,Nickel,Common
Maal,Maal VIII,Planet,0005DE6F,MaalVIIIPlanetData,74746,0,8,Inorganic,000057EB,ResInorgCommonUranium,Uranium,Common
Maal,Maal VIII,Planet,0005DE6F,MaalVIIIPlanetData,74746,0,8,Inorganic,000083EC,ResInorgCommonWater_L,Water,Common
Maal,Maal VIII,Planet,0005DE6F,MaalVIIIPlanetData,74746,0,8,Inorganic,000057EC,ResInorgUncommonIridium,Iridium,Uncommon
Maal,Maal VIII,Planet,0005DE6F,MaalVIIIPlanetData,74746,0,8,Inorganic,000057ED,ResInorgRareVanadium,Vanadium,Rare
Maal,Maal VIII-a,Moon,0005DE70,MaalVIII-aPlanetData,74746,8,17,Inorganic,000057D5,ResInorgCommonChlorine_G,Chlorine,Common
Maal,Maal VIII-a,Moon,0005DE70,MaalVIII-aPlanetData,74746,8,17,Inorganic,000083EC,ResInorgCommonWater_L,Water,Common
Maal,Maal VIII-a,Moon,0005DE70,MaalVIII-aPlanetData,74746,8,17,Inorganic,000057D7,ResInorgUncommonChlorosilanes_L,Chlorosilanes,Uncommon
Maal,Maal X,Planet,0005DE76,MaalXPlanetData,74746,0,10,Inorganic,000057CB,ResInorgCommonNickel,Nickel,Common
Maal,Maal X,Planet,0005DE76,MaalXPlanetData,74746,0,10,Inorganic,000083EC,ResInorgCommonWater_L,Water,Common
Maal,Maal X,Planet,0005DE76,MaalXPlanetData,74746,0,10,Inorganic,000057CE,ResInorgUncommonCobalt,Cobalt,Uncommon
Maheo,Maheo I,Planet,0005E2A3,MaheoIPlanetData,118988,0,1,Inorganic,000057EA,ResInorgCommonArgon_G,Argon,Common
Maheo,Maheo I,Planet,0005E2A3,MaheoIPlanetData,118988,0,1,Inorganic,000057D5,ResInorgCommonChlorine_G,Chlorine,Common
Maheo,Maheo I,Planet,0005E2A3,MaheoIPlanetData,118988,0,1,Inorganic,000057C1,ResInorgCommonLead,Lead,Common
Maheo,Maheo I,Planet,0005E2A3,MaheoIPlanetData,118988,0,1,Inorganic,000057CB,ResInorgCommonNickel,Nickel,Common
Maheo,Maheo I,Planet,0005E2A3,MaheoIPlanetData,118988,0,1,Inorganic,000083EC,ResInorgCommonWater_L,Water,Common
Maheo,Maheo I,Planet,0005E2A3,MaheoIPlanetData,118988,0,1,Inorganic,000057E7,ResInorgUncommonBenzene_G,Benzene,Uncommon
Maheo,Maheo I,Planet,0005E2A3,MaheoIPlanetData,118988,0,1,Inorganic,000057CE,ResInorgUncommonCobalt,Cobalt,Uncommon
Maheo,Maheo I,Planet,0005E2A3,MaheoIPlanetData,118988,0,1,Inorganic,000057C3,ResInorgUncommonSilver,Silver,Uncommon
Maheo,Maheo I,Planet,0005E2A3,MaheoIPlanetData,118988,0,1,Organic,00077821,ResOrgCommonFiber,Fiber,Common
Maheo,Maheo I,Planet,0005E2A3,MaheoIPlanetData,118988,0,1,Organic,000777E6,ResOrgCommonNutrient,Nutrient,Common
Maheo,Maheo II,Planet,0005E2A4,MaheoIIPlanetData,118988,0,2,Inorganic,000057CF,ResInorgCommonCopper,Copper,Common
Maheo,Maheo II,Planet,0005E2A4,MaheoIIPlanetData,118988,0,2,Inorganic,000057F5,ResInorgCommonHelium3_G,Helium3,Common
Maheo,Maheo II,Planet,0005E2A4,MaheoIIPlanetData,118988,0,2,Inorganic,000057C7,ResInorgCommonIron,Iron,Common
Maheo,Maheo II,Planet,0005E2A4,MaheoIIPlanetData,118988,0,2,Inorganic,000057C1,ResInorgCommonLead,Lead,Common
Maheo,Maheo II,Planet,0005E2A4,MaheoIIPlanetData,118988,0,2,Inorganic,000083EC,ResInorgCommonWater_L,Water,Common
Maheo,Maheo II,Planet,0005E2A4,MaheoIIPlanetData,118988,0,2,Inorganic,000057C9,ResInorgUncommonAlkanes_G,Alkanes,Uncommon
Maheo,Maheo II,Planet,0005E2A4,MaheoIIPlanetData,118988,0,2,Inorganic,000057D1,ResInorgRareTetrafluorides_G,Tetrafluorides,Rare
Maheo,Maheo II,Planet,0005E2A4,MaheoIIPlanetData,118988,0,2,Inorganic,000057CA,ResInorgExoticYtterbium,Ytterbium,Exotic
Maheo,Maheo III,Planet,0005E2A5,MaheoIIIPlanetData,118988,0,3,Inorganic,000057D6,ResInorgCommonAluminum,Aluminum,Common
Maheo,Maheo III,Planet,0005E2A5,MaheoIIIPlanetData,118988,0,3,Inorganic,000057F5,ResInorgCommonHelium3_G,Helium3,Common
Maheo,Maheo III,Planet,0005E2A5,MaheoIIIPlanetData,118988,0,3,Inorganic,000057D8,ResInorgUncommonBeryllium,Beryllium,Uncommon
Maheo,Maheo III-a,Moon,0005E2A6,MaheoIII-aPlanetData,118988,3,9,Inorganic,000057D6,ResInorgCommonAluminum,Aluminum,Common
Maheo,Maheo III-a,Moon,0005E2A6,MaheoIII-aPlanetData,118988,3,9,Inorganic,000057F5,ResInorgCommonHelium3_G,Helium3,Common
Maheo,Maheo III-a,Moon,0005E2A6,MaheoIII-aPlanetData,118988,3,9,Inorganic,000057D8,ResInorgUncommonBeryllium,Beryllium,Uncommon
Maheo,Maheo III-b,Moon,0005E2A7,MaheoIII-bPlanetData,118988,3,10,Inorganic,000057D6,ResInorgCommonAluminum,Aluminum,Common
Maheo,Maheo III-b,Moon,0005E2A7,MaheoIII-bPlanetData,118988,3,10,Inorganic,000057F5,ResInorgCommonHelium3_G,Helium3,Common
Maheo,Maheo IV-a,Moon,0005E2AA,MaheoIV-aPlanetData,118988,4,14,Inorganic,000057CF,ResInorgCommonCopper,Copper,Common
Maheo,Maheo IV-a,Moon,0005E2AA,MaheoIV-aPlanetData,118988,4,14,Inorganic,000083EC,ResInorgCommonWater_L,Water,Common
Maheo,Maheo IV-a,Moon,0005E2AA,MaheoIV-aPlanetData,118988,4,14,Inorganic,000057D0,ResInorgUncommonFluorine_G,Fluorine,Uncommon
Maheo,Maheo IV-a,Moon,0005E2AA,MaheoIV-aPlanetData,118988,4,14,Inorganic,000057D2,ResInorgRareGold,Gold,Rare
Maheo,Maheo IV-b,Moon,0005E2AC,MaheoIV-bPlanetData,118988,4,16,Inorganic,000057EA,ResInorgCommonArgon_G,Argon,Common
Maheo,Maheo IV-b,Moon,0005E2AC,MaheoIV-bPlanetData,118988,4,16,Inorganic,000083EC,ResInorgCommonWater_L,Water,Common
Maheo,Maheo IV-b,Moon,0005E2AC,MaheoIV-bPlanetData,118988,4,16,Inorganic,000057E9,ResInorgExoticNeon_G,Neon,Exotic
Maheo,Maheo IV-c,Moon,0005E2A9,MaheoIV-cPlanetData,118988,4,13,Inorganic,000057D6,ResInorgCommonAluminum,Aluminum,Common
Maheo,Maheo IV-c,Moon,0005E2A9,MaheoIV-cPlanetData,118988,4,13,Inorganic,000057EA,ResInorgCommonArgon_G,Argon,Common
Maheo,Maheo IV-c,Moon,0005E2A9,MaheoIV-cPlanetData,118988,4,13,Inorganic,000057D5,ResInorgCommonChlorine_G,Chlorine,Common
Maheo,Maheo IV-c,Moon,0005E2A9,MaheoIV-cPlanetData,118988,4,13,Inorganic,000083EC,ResInorgCommonWater_L,Water,Common
Maheo,Maheo IV-c,Moon,0005E2A9,MaheoIV-cPlanetData,118988,4,13,Inorganic,000057E7,ResInorgUncommonBenzene_G,Benzene,Uncommon
Maheo,Maheo IV-c,Moon,0005E2A9,MaheoIV-cPlanetData,118988,4,13,Inorganic,000057E8,ResInorgRareCarboxylicAcids_L,CarboxylicAcids,Rare
Maheo,Maheo IV-c,Moon,0005E2A9,MaheoIV-cPlanetData,118988,4,13,Inorganic,000057DB,ResInorgRareNeodymium,Neodymium,Rare
Maheo,Maheo IV-d,Moon,0005E2AB,MaheoIV-dPlanetData,118988,4,15,Inorganic,000057D5,ResInorgCommonChlorine_G,Chlorine,Common
Maheo,Maheo IV-d,Moon,0005E2AB,MaheoIV-dPlanetData,118988,4,15,Inorganic,000083EC,ResInorgCommonWater_L,Water,Common
Maheo,Maheo IV-d,Moon,0005E2AB,MaheoIV-dPlanetData,118988,4,15,Inorganic,000057D7,ResInorgUncommonChlorosilanes_L,Chlorosilanes,Uncommon
Maheo,Maheo IV-d,Moon,0005E2AB,MaheoIV-dPlanetData,118988,4,15,Inorganic,000057DA,ResInorgRareLithium,Lithium,Rare
Maheo,Maheo V-a,Moon,0005E2AE,MaheoV-aPlanetData,118988,5,17,Inorganic,000057CF,ResInorgCommonCopper,Copper,Common
Maheo,Maheo V-a,Moon,0005E2AE,MaheoV-aPlanetData,118988,5,17,Inorganic,000083EC,ResInorgCommonWater_L,Water,Common
Maheo,Maheo V-a,Moon,0005E2AE,MaheoV-aPlanetData,118988,5,17,Inorganic,000057D0,ResInorgUncommonFluorine_G,Fluorine,Uncommon
Maheo,Maheo V-a,Moon,0005E2AE,MaheoV-aPlanetData,118988,5,17,Inorganic,000057D1,ResInorgRareTetrafluorides_G,Tetrafluorides,Rare
Maheo,Maheo VI,Planet,0005E2AF,MaheoVIPlanetData,118988,0,6,Inorganic,000057D6,ResInorgCommonAluminum,Aluminum,Common
Maheo,Maheo VI,Planet,0005E2AF,MaheoVIPlanetData,118988,0,6,Inorganic,000057F5,ResInorgCommonHelium3_G,Helium3,Common
Maheo,Maheo VI,Planet,0005E2AF,MaheoVIPlanetData,118988,0,6,Inorganic,000057D8,ResInorgUncommonBeryllium,Beryllium,Uncommon
Maheo,Maheo VI-a,Moon,0005E2B0,MaheoVI-aPlanetData,118988,6,11,Inorganic,000057F5,ResInorgCommonHelium3_G,Helium3,Common
Maheo,Maheo VI-a,Moon,0005E2B0,MaheoVI-aPlanetData,118988,6,11,Inorganic,000057C7,ResInorgCommonIron,Iron,Common
Maheo,Maheo VII,Planet,0005E2B1,MaheoVIIPlanetData,118988,0,7,Inorganic,000057CF,ResInorgCommonCopper,Copper,Common
Maheo,Maheo VII,Planet,0005E2B1,MaheoVIIPlanetData,118988,0,7,Inorganic,000083EC,ResInorgCommonWater_L,Water,Common
Maheo,Maheo VII,Planet,0005E2B1,MaheoVIIPlanetData,118988,0,7,Inorganic,000057D0,ResInorgUncommonFluorine_G,Fluorine,Uncommon
Maheo,Maheo VII,Planet,0005E2B1,MaheoVIIPlanetData,118988,0,7,Inorganic,000057D3,ResInorgExoticAntimony,Antimony,Exotic
Maheo,Maheo VII-a,Moon,0005E2B2,MaheoVII-aPlanetData,118988,7,12,Inorganic,000057D5,ResInorgCommonChlorine_G,Chlorine,Common
Maheo,Maheo VII-a,Moon,0005E2B2,MaheoVII-aPlanetData,118988,7,12,Inorganic,000083EC,ResInorgCommonWater_L,Water,Common
Maheo,Maheo VII-a,Moon,0005E2B2,MaheoVII-aPlanetData,118988,7,12,Inorganic,000057D7,ResInorgUncommonChlorosilanes_L,Chlorosilanes,Uncommon
Maheo,Maheo VII-a,Moon,0005E2B2,MaheoVII-aPlanetData,118988,7,12,Inorganic,000057DA,ResInorgRareLithium,Lithium,Rare
Marduk,Marduk I,Planet,0005E3FA,MardukIPlanetData,60805,0,1,Inorganic,000057D5,ResInorgCommonChlorine_G,Chlorine,Common
Marduk,Marduk I,Planet,0005E3FA,MardukIPlanetData,60805,0,1,Inorganic,000057CB,ResInorgCommonNickel,Nickel,Common
Marduk,Marduk I-a,Moon,0005E3FB,MardukI-aPlanetData,60805,1,11,Inorganic,000057D6,ResInorgCommonAluminum,Aluminum,Common
Marduk,Marduk I-a,Moon,0005E3FB,MardukI-aPlanetData,60805,1,11,Inorganic,000057F5,ResInorgCommonHelium3_G,Helium3,Common
Marduk,Marduk II,Planet,0005E3FC,MardukIIPlanetData,60805,0,2,Inorganic,000057CF,ResInorgCommonCopper,Copper,Common
Marduk,Marduk II,Planet,0005E3FC,MardukIIPlanetData,60805,0,2,Inorganic,000057CB,ResInorgCommonNickel,Nickel,Common
Marduk,Marduk II,Planet,0005E3FC,MardukIIPlanetData,60805,0,2,Inorganic,000057EB,ResInorgCommonUranium,Uranium,Common
Marduk,Marduk II,Planet,0005E3FC,MardukIIPlanetData,60805,0,2,Inorganic,000057CE,ResInorgUncommonCobalt,Cobalt,Uncommon
Marduk,Marduk II,Planet,0005E3FC,MardukIIPlanetData,60805,0,2,Inorganic,000057CC,ResInorgRarePlatinum,Platinum,Rare
Marduk,Marduk II,Planet,0005E3FC,MardukIIPlanetData,60805,0,2,Inorganic,000057ED,ResInorgRareVanadium,Vanadium,Rare
Marduk,Marduk II,Planet,0005E3FC,MardukIIPlanetData,60805,0,2,Inorganic,000057CD,ResInorgExoticPalladium,Palladium,Exotic
Marduk,Marduk II,Planet,0005E3FC,MardukIIPlanetData,60805,0,2,Inorganic,000057EE,ResInorgExoticPlutonium,Plutonium,Exotic
Marduk,Marduk III,Planet,0005E3FD,MardukIIIPlanetData,60805,0,3,Inorganic,000057D5,ResInorgCommonChlorine_G,Chlorine,Common
Marduk,Marduk III,Planet,0005E3FD,MardukIIIPlanetData,60805,0,3,Inorganic,000057C7,ResInorgCommonIron,Iron,Common
Marduk,Marduk III,Planet,0005E3FD,MardukIIIPlanetData,60805,0,3,Inorganic,000057C1,ResInorgCommonLead,Lead,Common
Marduk,Marduk III,Planet,0005E3FD,MardukIIIPlanetData,60805,0,3,Inorganic,000057EB,ResInorgCommonUranium,Uranium,Common
Marduk,Marduk III,Planet,0005E3FD,MardukIIIPlanetData,60805,0,3,Inorganic,000057D7,ResInorgUncommonChlorosilanes_L,Chlorosilanes,Uncommon
Marduk,Marduk III,Planet,0005E3FD,MardukIIIPlanetData,60805,0,3,Organic,000777FA,ResOrgCommonStructural,Structural,Common
Marduk,Marduk III,Planet,0005E3FD,MardukIIIPlanetData,60805,0,3,Organic,000777F8,ResOrgUncommonCosmetic,Cosmetic,Uncommon
Marduk,Marduk III-a,Moon,0005E3FE,MardukIII-aPlanetData,60805,3,12,Inorganic,000057D6,ResInorgCommonAluminum,Aluminum,Common
Marduk,Marduk III-a,Moon,0005E3FE,MardukIII-aPlanetData,60805,3,12,Inorganic,000057F5,ResInorgCommonHelium3_G,Helium3,Common
Marduk,Marduk III-a,Moon,0005E3FE,MardukIII-aPlanetData,60805,3,12,Inorganic,000057D8,ResInorgUncommonBeryllium,Beryllium,Uncommon
Marduk,Marduk IV,Planet,0005E3FF,MardukIVPlanetData,60805,0,4,Inorganic,000057EA,ResInorgCommonArgon_G,Argon,Common
Marduk,Marduk IV,Planet,0005E3FF,MardukIVPlanetData,60805,0,4,Inorganic,000057C1,ResInorgCommonLead,Lead,Common
Marduk,Marduk IV,Planet,0005E3FF,MardukIVPlanetData,60805,0,4,Inorganic,000083EC,ResInorgCommonWater_L,Water,Common
Marduk,Marduk IV,Planet,0005E3FF,MardukIVPlanetData,60805,0,4,Inorganic,000057E8,ResInorgRareCarboxylicAcids_L,CarboxylicAcids,Rare
Marduk,Marduk IV,Planet,0005E3FF,MardukIVPlanetData,60805,0,4,Organic,00077821,ResOrgCommonFiber,Fiber,Common
Marduk,Marduk IV,Planet,0005E3FF,MardukIVPlanetData,60805,0,4,Organic,0029F3FD,ResOrgCommonMetabolicAgent,MetabolicAgent,Common
Marduk,Marduk IV,Planet,0005E3FF,MardukIVPlanetData,60805,0,4,Organic,000777E6,ResOrgCommonNutrient,Nutrient,Common
Marduk,Marduk IV,Planet,0005E3FF,MardukIVPlanetData,60805,0,4,Organic,00224640,ResOrgCommonNutrientFaunaHerbivore,Nutrient,Common
Marduk,Marduk IV,Planet,0005E3FF,MardukIVPlanetData,60805,0,4,Organic,0007782D,ResOrgCommonSealant,Sealant,Common
Marduk,Marduk IV,Planet,0005E3FF,MardukIVPlanetData,60805,0,4,Organic,0022462E,ResOrgCommonSealantFaunaHerbivore,Sealant,Common
Marduk,Marduk IV,Planet,0005E3FF,MardukIVPlanetData,60805,0,4,Organic,000777FA,ResOrgCommonStructural,Structural,Common
Marduk,Marduk IV,Planet,0005E3FF,MardukIVPlanetData,60805,0,4,Organic,00077823,ResOrgCommonToxin,Toxin,Common
Marduk,Marduk IV,Planet,0005E3FF,MardukIVPlanetData,60805,0,4,Organic,00077820,ResOrgUncommonAntimicrobial,Antimicrobial,Uncommon
Marduk,Marduk IV,Planet,0005E3FF,MardukIVPlanetData,60805,0,4,Organic,00224631,ResOrgUncommonCosmeticFaunaHerbivore,Cosmetic,Uncommon
Marduk,Marduk IV,Planet,0005E3FF,MardukIVPlanetData,60805,0,4,Organic,0022464D,ResOrgUncommonMembraneFaunaCarnivore,Membrane,Uncommon
Marduk,Marduk IV,Planet,0005E3FF,MardukIVPlanetData,60805,0,4,Organic,00224630,ResOrgUncommonMembraneFaunaHerbivore,Membrane,Uncommon
Marduk,Marduk IV,Planet,0005E3FF,MardukIVPlanetData,60805,0,4,Organic,0022464C,ResOrgUncommonPigmentFaunaCarnivore,Pigment,Uncommon
Marduk,Marduk IV,Planet,0005E3FF,MardukIVPlanetData,60805,0,4,Organic,0022462D,ResOrgUncommonSpiceFaunaHerbivore,Spice,Uncommon
Marduk,Marduk IV,Planet,0005E3FF,MardukIVPlanetData,60805,0,4,Organic,00224654,ResOrgRareAdhesiveFaunaCarnivore,Adhesive,Rare
Marduk,Marduk IV,Planet,0005E3FF,MardukIVPlanetData,60805,0,4,Organic,00224632,ResOrgRareSedativeFaunaHerbivore,Sedative,Rare
Marduk,Marduk IV,Planet,0005E3FF,MardukIVPlanetData,60805,0,4,Organic,0022465A,ResOrgExoticBiosuppressantFaunaCarnivore,Biosuppressant,Exotic
Marduk,Marduk IX,Planet,0005E409,MardukIXPlanetData,60805,0,9,Inorganic,000057CB,ResInorgCommonNickel,Nickel,Common
Marduk,Marduk IX,Planet,0005E409,MardukIXPlanetData,60805,0,9,Inorganic,000083EC,ResInorgCommonWater_L,Water,Common
Marduk,Marduk IX,Planet,0005E409,MardukIXPlanetData,60805,0,9,Inorganic,000057CE,ResInorgUncommonCobalt,Cobalt,Uncommon
Marduk,Marduk IX,Planet,0005E409,MardukIXPlanetData,60805,0,9,Inorganic,000057CC,ResInorgRarePlatinum,Platinum,Rare
Marduk,Marduk IX-a,Moon,0005E40A,MardukIX-aPlanetData,60805,9,14,Inorganic,000057CB,ResInorgCommonNickel,Nickel,Common
Marduk,Marduk IX-a,Moon,0005E40A,MardukIX-aPlanetData,60805,9,14,Inorganic,000083EC,ResInorgCommonWater_L,Water,Common
Marduk,Marduk IX-a,Moon,0005E40A,MardukIX-aPlanetData,60805,9,14,Inorganic,000057CC,ResInorgRarePlatinum,Platinum,Rare
Marduk,Marduk IX-b,Moon,0005E40B,MardukIX-bPlanetData,60805,9,15,Inorganic,000057CB,ResInorgCommonNickel,Nickel,Common
Marduk,Marduk IX-b,Moon,0005E40B,MardukIX-bPlanetData,60805,9,15,Inorganic,000083EC,ResInorgCommonWater_L,Water,Common
Marduk,Marduk IX-b,Moon,0005E40B,MardukIX-bPlanetData,60805,9,15,Inorganic,000057CE,ResInorgUncommonCobalt,Cobalt,Uncommon
Marduk,Marduk IX-b,Moon,0005E40B,MardukIX-bPlanetData,60805,9,15,Inorganic,000057CC,ResInorgRarePlatinum,Platinum,Rare
Marduk,Marduk V,Planet,0005E400,MardukVPlanetData,60805,0,5,Inorganic,000057D5,ResInorgCommonChlorine_G,Chlorine,Common
Marduk,Marduk V,Planet,0005E400,MardukVPlanetData,60805,0,5,Inorganic,000057C1,ResInorgCommonLead,Lead,Common
Marduk,Marduk V,Planet,0005E400,MardukVPlanetData,60805,0,5,Inorganic,000057CB,ResInorgCommonNickel,Nickel,Common
Marduk,Marduk V,Planet,0005E400,MardukVPlanetData,60805,0,5,Inorganic,000057EB,ResInorgCommonUranium,Uranium,Common
Marduk,Marduk V,Planet,0005E400,MardukVPlanetData,60805,0,5,Inorganic,000083EC,ResInorgCommonWater_L,Water,Common
Marduk,Marduk V,Planet,0005E400,MardukVPlanetData,60805,0,5,Inorganic,000057D7,ResInorgUncommonChlorosilanes_L,Chlorosilanes,Uncommon
Marduk,Marduk V,Planet,0005E400,MardukVPlanetData,60805,0,5,Inorganic,000057CE,ResInorgUncommonCobalt,Cobalt,Uncommon
Marduk,Marduk V-a,Moon,0005E401,MardukV-aPlanetData,60805,5,13,Inorganic,000057D6,ResInorgCommonAluminum,Aluminum,Common
Marduk,Marduk V-a,Moon,0005E401,MardukV-aPlanetData,60805,5,13,Inorganic,000057F5,ResInorgCommonHelium3_G,Helium3,Common
Marduk,Marduk V-a,Moon,0005E401,MardukV-aPlanetData,60805,5,13,Inorganic,000057E2,ResInorgExoticEuropium,Europium,Exotic
Marduk,Marduk VI,Planet,0005E402,MardukVIPlanetData,60805,0,6,Inorganic,000057D5,ResInorgCommonChlorine_G,Chlorine,Common
Marduk,Marduk VI,Planet,0005E402,MardukVIPlanetData,60805,0,6,Inorganic,000057CF,ResInorgCommonCopper,Copper,Common
Marduk,Marduk VI,Planet,0005E402,MardukVIPlanetData,60805,0,6,Inorganic,000057CB,ResInorgCommonNickel,Nickel,Common
Marduk,Marduk VI,Planet,0005E402,MardukVIPlanetData,60805,0,6,Inorganic,000083EC,ResInorgCommonWater_L,Water,Common
Marduk,Marduk VI,Planet,0005E402,MardukVIPlanetData,60805,0,6,Inorganic,000057CE,ResInorgUncommonCobalt,Cobalt,Uncommon
Marduk,Marduk VI,Planet,0005E402,MardukVIPlanetData,60805,0,6,Inorganic,000057D0,ResInorgUncommonFluorine_G,Fluorine,Uncommon
Marduk,Marduk VI,Planet,0005E402,MardukVIPlanetData,60805,0,6,Inorganic,000057D2,ResInorgRareGold,Gold,Rare
Marduk,Marduk VI,Planet,0005E402,MardukVIPlanetData,60805,0,6,Inorganic,000057E0,ResInorgExoticCaesium_L,Caesium,Exotic
Marduk,Marduk VII-a,Moon,0005E405,MardukVII-aPlanetData,60805,7,17,Inorganic,000057CF,ResInorgCommonCopper,Copper,Common
Marduk,Marduk VII-a,Moon,0005E405,MardukVII-aPlanetData,60805,7,17,Inorganic,000083EC,ResInorgCommonWater_L,Water,Common
Marduk,Marduk VII-a,Moon,0005E405,MardukVII-aPlanetData,60805,7,17,Inorganic,000057D0,ResInorgUncommonFluorine_G,Fluorine,Uncommon
Marduk,Marduk VII-a,Moon,0005E405,MardukVII-aPlanetData,60805,7,17,Inorganic,000057D2,ResInorgRareGold,Gold,Rare
Marduk,Marduk VII-b,Moon,0005E404,MardukVII-bPlanetData,60805,7,16,Inorganic,000057CF,ResInorgCommonCopper,Copper,Common
Marduk,Marduk VII-b,Moon,0005E404,MardukVII-bPlanetData,60805,7,16,Inorganic,000083EC,ResInorgCommonWater_L,Water,Common
Marduk,Marduk VII-b,Moon,0005E404,MardukVII-bPlanetData,60805,7,16,Inorganic,000057D0,ResInorgUncommonFluorine_G,Fluorine,Uncommon
Marduk,Marduk VII-c,Moon,0005E407,MardukVII-cPlanetData,60805,7,19,Inorganic,000057EA,ResInorgCommonArgon_G,Argon,Common
Marduk,Marduk VII-c,Moon,0005E407,MardukVII-cPlanetData,60805,7,19,Inorganic,000083EC,ResInorgCommonWater_L,Water,Common
Marduk,Marduk VII-c,Moon,0005E407,MardukVII-cPlanetData,60805,7,19,Inorganic,000057E9,ResInorgExoticNeon_G,Neon,Exotic
Marduk,Marduk VII-d,Moon,0005E406,MardukVII-dPlanetData,60805,7,18,Inorganic,000057CF,ResInorgCommonCopper,Copper,Common
Marduk,Marduk VII-d,Moon,0005E406,MardukVII-dPlanetData,60805,7,18,Inorganic,000083EC,ResInorgCommonWater_L,Water,Common
Marduk,Marduk VIII,Planet,0005E408,MardukVIIIPlanetData,60805,0,8,Inorganic,000057CF,ResInorgCommonCopper,Copper,Common
Marduk,Marduk VIII,Planet,0005E408,MardukVIIIPlanetData,60805,0,8,Inorganic,000083EC,ResInorgCommonWater_L,Water,Common
Marduk,Marduk VIII,Planet,0005E408,MardukVIIIPlanetData,60805,0,8,Inorganic,000057D1,ResInorgRareTetrafluorides_G,Tetrafluorides,Rare
Masada,Masada I,Planet,0005E1DA,MasadaIPlanetData,83021,0,1,Inorganic,000057D6,ResInorgCommonAluminum,Aluminum,Common
Masada,Masada I,Planet,0005E1DA,MasadaIPlanetData,83021,0,1,Inorganic,000057F5,ResInorgCommonHelium3_G,Helium3,Common
Masada,Masada I,Planet,0005E1DA,MasadaIPlanetData,83021,0,1,Inorganic,000057D8,ResInorgUncommonBeryllium,Beryllium,Uncommon
Masada,Masada II,Planet,0005E1DB,MasadaIIPlanetData,83021,0,2,Inorganic,000057C1,ResInorgCommonLead,Lead,Common
Masada,Masada II,Planet,0005E1DB,MasadaIIPlanetData,83021,0,2,Inorganic,000057EB,ResInorgCommonUranium,Uranium,Common
Masada,Masada II,Planet,0005E1DB,MasadaIIPlanetData,83021,0,2,Inorganic,000057EC,ResInorgUncommonIridium,Iridium,Uncommon
Masada,Masada II,Planet,0005E1DB,MasadaIIPlanetData,83021,0,2,Inorganic,000057C3,ResInorgUncommonSilver,Silver,Uncommon
Masada,Masada III,Planet,0005E1DC,MasadaIIIPlanetData,83021,0,3,Inorganic,000057EA,ResInorgCommonArgon_G,Argon,Common
Masada,Masada III,Planet,0005E1DC,MasadaIIIPlanetData,83021,0,3,Inorganic,000057C7,ResInorgCommonIron,Iron,Common
Masada,Masada III,Planet,0005E1DC,MasadaIIIPlanetData,83021,0,3,Inorganic,000057CB,ResInorgCommonNickel,Nickel,Common
Masada,Masada III,Planet,0005E1DC,MasadaIIIPlanetData,83021,0,3,Inorganic,000083EC,ResInorgCommonWater_L,Water,Common
Masada,Masada III,Planet,0005E1DC,MasadaIIIPlanetData,83021,0,3,Inorganic,000057C9,ResInorgUncommonAlkanes_G,Alkanes,Uncommon
Masada,Masada III,Planet,0005E1DC,MasadaIIIPlanetData,83021,0,3,Inorganic,000057CE,ResInorgUncommonCobalt,Cobalt,Uncommon
Masada,Masada III,Planet,0005E1DC,MasadaIIIPlanetData,83021,0,3,Inorganic,000057CC,ResInorgRarePlatinum,Platinum,Rare
Masada,Masada III,Planet,0005E1DC,MasadaIIIPlanetData,83021,0,3,Inorganic,000057CA,ResInorgExoticYtterbium,Ytterbium,Exotic
Masada,Masada III,Planet,0005E1DC,MasadaIIIPlanetData,83021,0,3,Organic,00224642,ResOrgCommonFiberFaunaHerbivore,Fiber,Common
Masada,Masada III,Planet,0005E1DC,MasadaIIIPlanetData,83021,0,3,Organic,0029F3FD,ResOrgCommonMetabolicAgent,MetabolicAgent,Common
Masada,Masada III,Planet,0005E1DC,MasadaIIIPlanetData,83021,0,3,Organic,000777E6,ResOrgCommonNutrient,Nutrient,Common
Masada,Masada III,Planet,0005E1DC,MasadaIIIPlanetData,83021,0,3,Organic,0007782D,ResOrgCommonSealant,Sealant,Common
Masada,Masada III,Planet,0005E1DC,MasadaIIIPlanetData,83021,0,3,Organic,000777FA,ResOrgCommonStructural,Structural,Common
Masada,Masada III,Planet,0005E1DC,MasadaIIIPlanetData,83021,0,3,Organic,0022463E,ResOrgCommonToxinFaunaHerbivore,Toxin,Common
Masada,Masada III,Planet,0005E1DC,MasadaIIIPlanetData,83021,0,3,Organic,00077820,ResOrgUncommonAntimicrobial,Antimicrobial,Uncommon
Masada,Masada III,Planet,0005E1DC,MasadaIIIPlanetData,83021,0,3,Organic,00224631,ResOrgUncommonCosmeticFaunaHerbivore,Cosmetic,Uncommon
Masada,Masada III,Planet,0005E1DC,MasadaIIIPlanetData,83021,0,3,Organic,0022464D,ResOrgUncommonMembraneFaunaCarnivore,Membrane,Uncommon
Masada,Masada III,Planet,0005E1DC,MasadaIIIPlanetData,83021,0,3,Organic,0022462D,ResOrgUncommonSpiceFaunaHerbivore,Spice,Uncommon
Masada,Masada III,Planet,0005E1DC,MasadaIIIPlanetData,83021,0,3,Organic,0007782A,ResOrgRareAminoAcids,AminoAcids,Rare
Masada,Masada III,Planet,0005E1DC,MasadaIIIPlanetData,83021,0,3,Organic,00224636,ResOrgRareAminoAcidsFaunaHerbivore,AminoAcids,Rare
Masada,Masada III,Planet,0005E1DC,MasadaIIIPlanetData,83021,0,3,Organic,0029F40C,ResOrgExoticHypercatalyst,Hypercatalyst,Exotic
Masada,Masada III,Planet,0005E1DC,MasadaIIIPlanetData,83021,0,3,Organic,00224655,ResOrgExoticSolventFaunaCarnivore,Solvent,Exotic
Masada,Masada IV,Planet,0005E1DD,MasadaIVPlanetData,83021,0,4,Inorganic,000057C1,ResInorgCommonLead,Lead,Common
Masada,Masada IV,Planet,0005E1DD,MasadaIVPlanetData,83021,0,4,Inorganic,000057CB,ResInorgCommonNickel,Nickel,Common
Masada,Masada IV,Planet,0005E1DD,MasadaIVPlanetData,83021,0,4,Inorganic,000057EB,ResInorgCommonUranium,Uranium,Common
Masada,Masada IV,Planet,0005E1DD,MasadaIVPlanetData,83021,0,4,Inorganic,000083EC,ResInorgCommonWater_L,Water,Common
Masada,Masada IV,Planet,0005E1DD,MasadaIVPlanetData,83021,0,4,Inorganic,000057CE,ResInorgUncommonCobalt,Cobalt,Uncommon
Masada,Masada IV,Planet,0005E1DD,MasadaIVPlanetData,83021,0,4,Inorganic,000057C4,ResInorgUncommonTungsten,Tungsten,Uncommon
Masada,Masada IV,Planet,0005E1DD,MasadaIVPlanetData,83021,0,4,Inorganic,000057ED,ResInorgRareVanadium,Vanadium,Rare
Masada,Masada V-a,Moon,0005E1E1,MasadaV-aPlanetData,83021,5,13,Inorganic,000057CB,ResInorgCommonNickel,Nickel,Common
Masada,Masada V-a,Moon,0005E1E1,MasadaV-aPlanetData,83021,5,13,Inorganic,000083EC,ResInorgCommonWater_L,Water,Common
Masada,Masada V-a,Moon,0005E1E1,MasadaV-aPlanetData,83021,5,13,Inorganic,000057CE,ResInorgUncommonCobalt,Cobalt,Uncommon
Masada,Masada V-b,Moon,0005E1E0,MasadaV-bPlanetData,83021,5,12,Inorganic,000057CB,ResInorgCommonNickel,Nickel,Common
Masada,Masada V-b,Moon,0005E1E0,MasadaV-bPlanetData,83021,5,12,Inorganic,000083EC,ResInorgCommonWater_L,Water,Common
Masada,Masada V-c,Moon,0005E1E2,MasadaV-cPlanetData,83021,5,14,Inorganic,000057EA,ResInorgCommonArgon_G,Argon,Common
Masada,Masada V-c,Moon,0005E1E2,MasadaV-cPlanetData,83021,5,14,Inorganic,000057C1,ResInorgCommonLead,Lead,Common
Masada,Masada V-c,Moon,0005E1E2,MasadaV-cPlanetData,83021,5,14,Inorganic,000057CB,ResInorgCommonNickel,Nickel,Common
Masada,Masada V-c,Moon,0005E1E2,MasadaV-cPlanetData,83021,5,14,Inorganic,000057EB,ResInorgCommonUranium,Uranium,Common
Masada,Masada V-c,Moon,0005E1E2,MasadaV-cPlanetData,83021,5,14,Inorganic,000083EC,ResInorgCommonWater_L,Water,Common
Masada,Masada V-c,Moon,0005E1E2,MasadaV-cPlanetData,83021,5,14,Inorganic,000057E7,ResInorgUncommonBenzene_G,Benzene,Uncommon
Masada,Masada V-c,Moon,0005E1E2,MasadaV-cPlanetData,83021,5,14,Inorganic,000057C4,ResInorgUncommonTungsten,Tungsten,Uncommon
Masada,Masada VI-a,Moon,0005E1E4,MasadaVI-aPlanetData,83021,6,15,Inorganic,000057EA,ResInorgCommonArgon_G,Argon,Common
Masada,Masada VI-a,Moon,0005E1E4,MasadaVI-aPlanetData,83021,6,15,Inorganic,000083EC,ResInorgCommonWater_L,Water,Common
Masada,Masada VI-a,Moon,0005E1E4,MasadaVI-aPlanetData,83021,6,15,Inorganic,000057E7,ResInorgUncommonBenzene_G,Benzene,Uncommon
Masada,Masada VII-a,Moon,0005E1E6,MasadaVII-aPlanetData,83021,7,16,Inorganic,000057EA,ResInorgCommonArgon_G,Argon,Common
Masada,Masada VII-a,Moon,0005E1E6,MasadaVII-aPlanetData,83021,7,16,Inorganic,000083EC,ResInorgCommonWater_L,Water,Common
Masada,Masada VII-b,Moon,0005E1E7,MasadaVII-bPlanetData,83021,7,17,Inorganic,000057CF,ResInorgCommonCopper,Copper,Common
Masada,Masada VII-b,Moon,0005E1E7,MasadaVII-bPlanetData,83021,7,17,Inorganic,000083EC,ResInorgCommonWater_L,Water,Common
Masada,Masada VII-b,Moon,0005E1E7,MasadaVII-bPlanetData,83021,7,17,Inorganic,000057D4,ResInorgExoticIonicLiquids_L,IonicLiquids,Exotic
Masada,Masada VIII,Planet,0005E1E8,MasadaVIIIPlanetData,83021,0,8,Inorganic,000057D5,ResInorgCommonChlorine_G,Chlorine,Common
Masada,Masada VIII,Planet,0005E1E8,MasadaVIIIPlanetData,83021,0,8,Inorganic,000083EC,ResInorgCommonWater_L,Water,Common
Masada,Masada VIII-a,Moon,0005E1E9,MasadaVIII-aPlanetData,83021,8,18,Inorganic,000057CF,ResInorgCommonCopper,Copper,Common
Masada,Masada VIII-a,Moon,0005E1E9,MasadaVIII-aPlanetData,83021,8,18,Inorganic,000083EC,ResInorgCommonWater_L,Water,Common
McClure,McClure I,Planet,0005E1F3,McClureIPlanetData,119106,0,1,Inorganic,000057D6,ResInorgCommonAluminum,Aluminum,Common
McClure,McClure I,Planet,0005E1F3,McClureIPlanetData,119106,0,1,Inorganic,000057F5,ResInorgCommonHelium3_G,Helium3,Common
McClure,McClure I,Planet,0005E1F3,McClureIPlanetData,119106,0,1,Inorganic,000057DB,ResInorgRareNeodymium,Neodymium,Rare
McClure,McClure I-a,Moon,0005E1F4,McClureI-aPlanetData,119106,1,5,Inorganic,000057F5,ResInorgCommonHelium3_G,Helium3,Common
McClure,McClure I-a,Moon,0005E1F4,McClureI-aPlanetData,119106,1,5,Inorganic,000057C7,ResInorgCommonIron,Iron,Common
McClure,McClure II,Planet,0005E1F5,McClureIIPlanetData,119106,0,2,Inorganic,000057D5,ResInorgCommonChlorine_G,Chlorine,Common
McClure,McClure II,Planet,0005E1F5,McClureIIPlanetData,119106,0,2,Inorganic,000057CF,ResInorgCommonCopper,Copper,Common
McClure,McClure II,Planet,0005E1F5,McClureIIPlanetData,119106,0,2,Inorganic,000083EC,ResInorgCommonWater_L,Water,Common
McClure,McClure II,Planet,0005E1F5,McClureIIPlanetData,119106,0,2,Inorganic,000057D7,ResInorgUncommonChlorosilanes_L,Chlorosilanes,Uncommon
McClure,McClure II,Planet,0005E1F5,McClureIIPlanetData,119106,0,2,Inorganic,000057DA,ResInorgRareLithium,Lithium,Rare
McClure,McClure II,Planet,0005E1F5,McClureIIPlanetData,119106,0,2,Organic,00077821,ResOrgCommonFiber,Fiber,Common
McClure,McClure II,Planet,0005E1F5,McClureIIPlanetData,119106,0,2,Organic,0029F3FD,ResOrgCommonMetabolicAgent,MetabolicAgent,Common
McClure,McClure II,Planet,0005E1F5,McClureIIPlanetData,119106,0,2,Organic,00224640,ResOrgCommonNutrientFaunaHerbivore,Nutrient,Common
McClure,McClure II,Planet,0005E1F5,McClureIIPlanetData,119106,0,2,Organic,0007782D,ResOrgCommonSealant,Sealant,Common
McClure,McClure II,Planet,0005E1F5,McClureIIPlanetData,119106,0,2,Organic,000777FA,ResOrgCommonStructural,Structural,Common
McClure,McClure II,Planet,0005E1F5,McClureIIPlanetData,119106,0,2,Organic,0022463E,ResOrgCommonToxinFaunaHerbivore,Toxin,Common
McClure,McClure II,Planet,0005E1F5,McClureIIPlanetData,119106,0,2,Organic,00224630,ResOrgUncommonMembraneFaunaHerbivore,Membrane,Uncommon
McClure,McClure II,Planet,0005E1F5,McClureIIPlanetData,119106,0,2,Organic,0029F401,ResOrgUncommonPigment,Pigment,Uncommon
McClure,McClure II,Planet,0005E1F5,McClureIIPlanetData,119106,0,2,Organic,00224655,ResOrgExoticSolventFaunaCarnivore,Solvent,Exotic
McClure,McClure II-a,Moon,0005E1F7,McClureII-aPlanetData,119106,2,6,Inorganic,000057D6,ResInorgCommonAluminum,Aluminum,Common
McClure,McClure II-a,Moon,0005E1F7,McClureII-aPlanetData,119106,2,6,Inorganic,000057F5,ResInorgCommonHelium3_G,Helium3,Common
McClure,McClure II-b,Moon,0005E1F6,McClureII-bPlanetData,119106,2,8,Inorganic,000057D6,ResInorgCommonAluminum,Aluminum,Common
McClure,McClure II-b,Moon,0005E1F6,McClureII-bPlanetData,119106,2,8,Inorganic,000057F5,ResInorgCommonHelium3_G,Helium3,Common
McClure,McClure II-b,Moon,0005E1F6,McClureII-bPlanetData,119106,2,8,Inorganic,000057DB,ResInorgRareNeodymium,Neodymium,Rare
McClure,McClure III,Planet,0005E1FA,McClureIIIPlanetData,119106,0,3,Inorganic,000057D5,ResInorgCommonChlorine_G,Chlorine,Common
McClure,McClure III,Planet,0005E1FA,McClureIIIPlanetData,119106,0,3,Inorganic,000057CF,ResInorgCommonCopper,Copper,Common
McClure,McClure III,Planet,0005E1FA,McClureIIIPlanetData,119106,0,3,Inorganic,000057C7,ResInorgCommonIron,Iron,Common
McClure,McClure III,Planet,0005E1FA,McClureIIIPlanetData,119106,0,3,Inorganic,000057CB,ResInorgCommonNickel,Nickel,Common
McClure,McClure III,Planet,0005E1FA,McClureIIIPlanetData,119106,0,3,Inorganic,000083EC,ResInorgCommonWater_L,Water,Common
McClure,McClure III,Planet,0005E1FA,McClureIIIPlanetData,119106,0,3,Inorganic,000057C9,ResInorgUncommonAlkanes_G,Alkanes,Uncommon
McClure,McClure III,Planet,0005E1FA,McClureIIIPlanetData,119106,0,3,Inorganic,000057CE,ResInorgUncommonCobalt,Cobalt,Uncommon
McClure,McClure III,Planet,0005E1FA,McClureIIIPlanetData,119106,0,3,Inorganic,000057C8,ResInorgRareTantalum,Tantalum,Rare
Moloch,Moloch I,Planet,0005E34B,MolochIPlanetData,68463,0,1,Inorganic,000057D5,ResInorgCommonChlorine_G,Chlorine,Common
Moloch,Moloch I,Planet,0005E34B,MolochIPlanetData,68463,0,1,Inorganic,000057C1,ResInorgCommonLead,Lead,Common
Moloch,Moloch I,Planet,0005E34B,MolochIPlanetData,68463,0,1,Inorganic,000057CB,ResInorgCommonNickel,Nickel,Common
Moloch,Moloch I,Planet,0005E34B,MolochIPlanetData,68463,0,1,Inorganic,000057EB,ResInorgCommonUranium,Uranium,Common
Moloch,Moloch I,Planet,0005E34B,MolochIPlanetData,68463,0,1,Inorganic,000057CE,ResInorgUncommonCobalt,Cobalt,Uncommon
Moloch,Moloch I,Planet,0005E34B,MolochIPlanetData,68463,0,1,Inorganic,0027C499,ResInorgRareMercury_L,Mercury,Rare
Moloch,Moloch I,Planet,0005E34B,MolochIPlanetData,68463,0,1,Inorganic,000057ED,ResInorgRareVanadium,Vanadium,Rare
Moloch,Moloch I-a,Moon,0005E34C,MolochI-aPlanetData,68463,1,9,Inorganic,000057D6,ResInorgCommonAluminum,Aluminum,Common
Moloch,Moloch I-a,Moon,0005E34C,MolochI-aPlanetData,68463,1,9,Inorganic,000057F5,ResInorgCommonHelium3_G,Helium3,Common
Moloch,Moloch II,Planet,0005E34D,MolochIIPlanetData,68463,0,2,Inorganic,000057D6,ResInorgCommonAluminum,Aluminum,Common
Moloch,Moloch II,Planet,0005E34D,MolochIIPlanetData,68463,0,2,Inorganic,000057EA,ResInorgCommonArgon_G,Argon,Common
Moloch,Moloch II,Planet,0005E34D,MolochIIPlanetData,68463,0,2,Inorganic,000057D5,ResInorgCommonChlorine_G,Chlorine,Common
Moloch,Moloch II,Planet,0005E34D,MolochIIPlanetData,68463,0,2,Inorganic,000057C7,ResInorgCommonIron,Iron,Common
Moloch,Moloch II,Planet,0005E34D,MolochIIPlanetData,68463,0,2,Inorganic,000083EC,ResInorgCommonWater_L,Water,Common
Moloch,Moloch II,Planet,0005E34D,MolochIIPlanetData,68463,0,2,Inorganic,000057E7,ResInorgUncommonBenzene_G,Benzene,Uncommon
Moloch,Moloch II,Planet,0005E34D,MolochIIPlanetData,68463,0,2,Inorganic,000057E8,ResInorgRareCarboxylicAcids_L,CarboxylicAcids,Rare
Moloch,Moloch II,Planet,0005E34D,MolochIIPlanetData,68463,0,2,Inorganic,000057DA,ResInorgRareLithium,Lithium,Rare
Moloch,Moloch II,Planet,0005E34D,MolochIIPlanetData,68463,0,2,Organic,00224642,ResOrgCommonFiberFaunaHerbivore,Fiber,Common
Moloch,Moloch II,Planet,0005E34D,MolochIIPlanetData,68463,0,2,Organic,0029F3FD,ResOrgCommonMetabolicAgent,MetabolicAgent,Common
Moloch,Moloch II,Planet,0005E34D,MolochIIPlanetData,68463,0,2,Organic,000777E6,ResOrgCommonNutrient,Nutrient,Common
Moloch,Moloch II,Planet,0005E34D,MolochIIPlanetData,68463,0,2,Organic,0022462E,ResOrgCommonSealantFaunaHerbivore,Sealant,Common
Moloch,Moloch II,Planet,0005E34D,MolochIIPlanetData,68463,0,2,Organic,000777FA,ResOrgCommonStructural,Structural,Common
Moloch,Moloch II,Planet,0005E34D,MolochIIPlanetData,68463,0,2,Organic,00077823,ResOrgCommonToxin,Toxin,Common
Moloch,Moloch II,Planet,0005E34D,MolochIIPlanetData,68463,0,2,Organic,0022463E,ResOrgCommonToxinFaunaHerbivore,Toxin,Common
Moloch,Moloch II,Planet,0005E34D,MolochIIPlanetData,68463,0,2,Organic,002246D8,ResOrgUncommonAntimicrobialFaunaHerbivore,Antimicrobial,Uncommon
Moloch,Moloch II,Planet,0005E34D,MolochIIPlanetData,68463,0,2,Organic,00224631,ResOrgUncommonCosmeticFaunaHerbivore,Cosmetic,Uncommon
Moloch,Moloch II,Planet,0005E34D,MolochIIPlanetData,68463,0,2,Organic,0022464D,ResOrgUncommonMembraneFaunaCarnivore,Membrane,Uncommon
Moloch,Moloch II,Planet,0005E34D,MolochIIPlanetData,68463,0,2,Organic,0022462D,ResOrgUncommonSpiceFaunaHerbivore,Spice,Uncommon
Moloch,Moloch II,Planet,0005E34D,MolochIIPlanetData,68463,0,2,Organic,00224637,ResOrgRareAdhesiveFaunaHerbivore,Adhesive,Rare
Moloch,Moloch II,Planet,0005E34D,MolochIIPlanetData,68463,0,2,Organic,00224652,ResOrgRareAnalgesicFaunaCarnivore,Analgesic,Rare
Moloch,Moloch II,Planet,0005E34D,MolochIIPlanetData,68463,0,2,Organic,00224650,ResOrgRareHallucinogenFaunaCarnivore,Hallucinogen,Rare
Moloch,Moloch III,Planet,0005E34E,MolochIIIPlanetData,68463,0,3,Inorganic,000057EA,ResInorgCommonArgon_G,Argon,Common
Moloch,Moloch III,Planet,0005E34E,MolochIIIPlanetData,68463,0,3,Inorganic,000057CF,ResInorgCommonCopper,Copper,Common
Moloch,Moloch III,Planet,0005E34E,MolochIIIPlanetData,68463,0,3,Inorganic,000057C1,ResInorgCommonLead,Lead,Common
Moloch,Moloch III,Planet,0005E34E,MolochIIIPlanetData,68463,0,3,Inorganic,000083EC,ResInorgCommonWater_L,Water,Common
Moloch,Moloch III,Planet,0005E34E,MolochIIIPlanetData,68463,0,3,Inorganic,000057D0,ResInorgUncommonFluorine_G,Fluorine,Uncommon
Moloch,Moloch III,Planet,0005E34E,MolochIIIPlanetData,68463,0,3,Inorganic,000057E8,ResInorgRareCarboxylicAcids_L,CarboxylicAcids,Rare
Moloch,Moloch III,Planet,0005E34E,MolochIIIPlanetData,68463,0,3,Inorganic,000057D3,ResInorgExoticAntimony,Antimony,Exotic
Moloch,Moloch IV,Planet,0005E34F,MolochIVPlanetData,68463,0,4,Inorganic,000057D6,ResInorgCommonAluminum,Aluminum,Common
Moloch,Moloch IV,Planet,0005E34F,MolochIVPlanetData,68463,0,4,Inorganic,000057F5,ResInorgCommonHelium3_G,Helium3,Common
Moloch,Moloch V-a,Moon,0005E352,MolochV-aPlanetData,68463,5,11,Inorganic,000057CF,ResInorgCommonCopper,Copper,Common
Moloch,Moloch V-a,Moon,0005E352,MolochV-aPlanetData,68463,5,11,Inorganic,000083EC,ResInorgCommonWater_L,Water,Common
Moloch,Moloch V-b,Moon,0005E351,MolochV-bPlanetData,68463,5,10,Inorganic,000057CF,ResInorgCommonCopper,Copper,Common
Moloch,Moloch V-b,Moon,0005E351,MolochV-bPlanetData,68463,5,10,Inorganic,000083EC,ResInorgCommonWater_L,Water,Common
Moloch,Moloch V-b,Moon,0005E351,MolochV-bPlanetData,68463,5,10,Inorganic,000057D2,ResInorgRareGold,Gold,Rare
Moloch,Moloch V-c,Moon,0005E353,MolochV-cPlanetData,68463,5,12,Inorganic,000057EA,ResInorgCommonArgon_G,Argon,Common
Moloch,Moloch V-c,Moon,0005E353,MolochV-cPlanetData,68463,5,12,Inorganic,000057F5,ResInorgCommonHelium3_G,Helium3,Common
Moloch,Moloch V-c,Moon,0005E353,MolochV-cPlanetData,68463,5,12,Inorganic,000057C7,ResInorgCommonIron,Iron,Common
Moloch,Moloch V-c,Moon,0005E353,MolochV-cPlanetData,68463,5,12,Inorganic,000057C1,ResInorgCommonLead,Lead,Common
Moloch,Moloch V-c,Moon,0005E353,MolochV-cPlanetData,68463,5,12,Inorganic,000083EC,ResInorgCommonWater_L,Water,Common
Moloch,Moloch V-c,Moon,0005E353,MolochV-cPlanetData,68463,5,12,Inorganic,000057E7,ResInorgUncommonBenzene_G,Benzene,Uncommon
Moloch,Moloch V-c,Moon,0005E353,MolochV-cPlanetData,68463,5,12,Inorganic,000057C3,ResInorgUncommonSilver,Silver,Uncommon
Moloch,Moloch V-d,Moon,0005E354,MolochV-dPlanetData,68463,5,13,Inorganic,000057D6,ResInorgCommonAluminum,Aluminum,Common
Moloch,Moloch V-d,Moon,0005E354,MolochV-dPlanetData,68463,5,13,Inorganic,000057CF,ResInorgCommonCopper,Copper,Common
Moloch,Moloch V-d,Moon,0005E354,MolochV-dPlanetData,68463,5,13,Inorganic,000057F5,ResInorgCommonHelium3_G,Helium3,Common
Moloch,Moloch V-d,Moon,0005E354,MolochV-dPlanetData,68463,5,13,Inorganic,000083EC,ResInorgCommonWater_L,Water,Common
Moloch,Moloch V-d,Moon,0005E354,MolochV-dPlanetData,68463,5,13,Inorganic,000057DB,ResInorgRareNeodymium,Neodymium,Rare
Moloch,Moloch VI-a,Moon,0005E357,MolochVI-aPlanetData,68463,6,15,Inorganic,000057CF,ResInorgCommonCopper,Copper,Common
Moloch,Moloch VI-a,Moon,0005E357,MolochVI-aPlanetData,68463,6,15,Inorganic,000083EC,ResInorgCommonWater_L,Water,Common
Moloch,Moloch VI-b,Moon,0005E356,MolochVI-bPlanetData,68463,6,14,Inorganic,000057D6,ResInorgCommonAluminum,Aluminum,Common
Moloch,Moloch VI-b,Moon,0005E356,MolochVI-bPlanetData,68463,6,14,Inorganic,000057F5,ResInorgCommonHelium3_G,Helium3,Common
Moloch,Moloch VI-b,Moon,0005E356,MolochVI-bPlanetData,68463,6,14,Inorganic,000057CB,ResInorgCommonNickel,Nickel,Common
Moloch,Moloch VI-b,Moon,0005E356,MolochVI-bPlanetData,68463,6,14,Inorganic,000057EB,ResInorgCommonUranium,Uranium,Common
Moloch,Moloch VI-b,Moon,0005E356,MolochVI-bPlanetData,68463,6,14,Inorganic,000083EC,ResInorgCommonWater_L,Water,Common
Moloch,Moloch VI-b,Moon,0005E356,MolochVI-bPlanetData,68463,6,14,Inorganic,000057CE,ResInorgUncommonCobalt,Cobalt,Uncommon
Moloch,Moloch VI-b,Moon,0005E356,MolochVI-bPlanetData,68463,6,14,Inorganic,000057EC,ResInorgUncommonIridium,Iridium,Uncommon
Moloch,Moloch VI-b,Moon,0005E356,MolochVI-bPlanetData,68463,6,14,Inorganic,000057DB,ResInorgRareNeodymium,Neodymium,Rare
Moloch,Moloch VII,Planet,0005E358,MolochVIIPlanetData,68463,0,7,Inorganic,000057CF,ResInorgCommonCopper,Copper,Common
Moloch,Moloch VII,Planet,0005E358,MolochVIIPlanetData,68463,0,7,Inorganic,000083EC,ResInorgCommonWater_L,Water,Common
Moloch,Moloch VII,Planet,0005E358,MolochVIIPlanetData,68463,0,7,Inorganic,000057D0,ResInorgUncommonFluorine_G,Fluorine,Uncommon
Muphrid,Muphrid I,Planet,0005E35B,MuphridIPlanetData,67711,0,1,Inorganic,000057EB,ResInorgCommonUranium,Uranium,Common
Muphrid,Muphrid I,Planet,0005E35B,MuphridIPlanetData,67711,0,1,Inorganic,000057EC,ResInorgUncommonIridium,Iridium,Uncommon
Muphrid,Muphrid I-a,Moon,0005E35C,MuphridI-aPlanetData,67711,1,10,Inorganic,000057D6,ResInorgCommonAluminum,Aluminum,Common
Muphrid,Muphrid I-a,Moon,0005E35C,MuphridI-aPlanetData,67711,1,10,Inorganic,000057F5,ResInorgCommonHelium3_G,Helium3,Common
Muphrid,Muphrid I-b,Moon,0005E35D,MuphridI-bPlanetData,67711,1,11,Inorganic,000057D6,ResInorgCommonAluminum,Aluminum,Common
Muphrid,Muphrid I-b,Moon,0005E35D,MuphridI-bPlanetData,67711,1,11,Inorganic,000057F5,ResInorgCommonHelium3_G,Helium3,Common
Muphrid,Muphrid I-b,Moon,0005E35D,MuphridI-bPlanetData,67711,1,11,Inorganic,000057DB,ResInorgRareNeodymium,Neodymium,Rare
Muphrid,Muphrid I-b,Moon,0005E35D,MuphridI-bPlanetData,67711,1,11,Inorganic,000057E2,ResInorgExoticEuropium,Europium,Exotic
Muphrid,Muphrid II,Planet,0005E35E,MuphridIIPlanetData,67711,0,2,Inorganic,000057CF,ResInorgCommonCopper,Copper,Common
Muphrid,Muphrid II,Planet,0005E35E,MuphridIIPlanetData,67711,0,2,Inorganic,000057EB,ResInorgCommonUranium,Uranium,Common
Muphrid,Muphrid II-a,Moon,0005E35F,MuphridII-aPlanetData,67711,2,12,Inorganic,000057D6,ResInorgCommonAluminum,Aluminum,Common
Muphrid,Muphrid II-a,Moon,0005E35F,MuphridII-aPlanetData,67711,2,12,Inorganic,000057F5,ResInorgCommonHelium3_G,Helium3,Common
Muphrid,Muphrid II-a,Moon,0005E35F,MuphridII-aPlanetData,67711,2,12,Inorganic,000057CB,ResInorgCommonNickel,Nickel,Common
Muphrid,Muphrid II-a,Moon,0005E35F,MuphridII-aPlanetData,67711,2,12,Inorganic,000083EC,ResInorgCommonWater_L,Water,Common
Muphrid,Muphrid II-a,Moon,0005E35F,MuphridII-aPlanetData,67711,2,12,Inorganic,000057D8,ResInorgUncommonBeryllium,Beryllium,Uncommon
Muphrid,Muphrid III,Planet,0005E360,MuphridIIIPlanetData,67711,0,3,Inorganic,000057C7,ResInorgCommonIron,Iron,Common
Muphrid,Muphrid III,Planet,0005E360,MuphridIIIPlanetData,67711,0,3,Inorganic,000057CB,ResInorgCommonNickel,Nickel,Common
Muphrid,Muphrid III,Planet,0005E360,MuphridIIIPlanetData,67711,0,3,Inorganic,000057EB,ResInorgCommonUranium,Uranium,Common
Muphrid,Muphrid III,Planet,0005E360,MuphridIIIPlanetData,67711,0,3,Inorganic,000057C9,ResInorgUncommonAlkanes_G,Alkanes,Uncommon
Muphrid,Muphrid III,Planet,0005E360,MuphridIIIPlanetData,67711,0,3,Inorganic,000057ED,ResInorgRareVanadium,Vanadium,Rare
Muphrid,Muphrid III-a,Moon,0005E361,MuphridIII-aPlanetData,67711,3,13,Inorganic,000057F5,ResInorgCommonHelium3_G,Helium3,Common
Muphrid,Muphrid III-a,Moon,0005E361,MuphridIII-aPlanetData,67711,3,13,Inorganic,000057C7,ResInorgCommonIron,Iron,Common
Muphrid,Muphrid III-a,Moon,0005E361,MuphridIII-aPlanetData,67711,3,13,Inorganic,000057CA,ResInorgExoticYtterbium,Ytterbium,Exotic
Muphrid,Muphrid III-b,Moon,0005E362,MuphridIII-bPlanetData,67711,3,14,Inorganic,000057D6,ResInorgCommonAluminum,Aluminum,Common
Muphrid,Muphrid III-b,Moon,0005E362,MuphridIII-bPlanetData,67711,3,14,Inorganic,000057F5,ResInorgCommonHelium3_G,Helium3,Common
Muphrid,Muphrid III-c,Moon,0005E363,MuphridIII-cPlanetData,67711,3,15,Inorganic,000057D6,ResInorgCommonAluminum,Aluminum,Common
Muphrid,Muphrid III-c,Moon,0005E363,MuphridIII-cPlanetData,67711,3,15,Inorganic,000057F5,ResInorgCommonHelium3_G,Helium3,Common
Muphrid,Muphrid IV,Planet,0005E364,MuphridIVPlanetData,67711,0,4,Inorganic,000057D6,ResInorgCommonAluminum,Aluminum,Common
Muphrid,Muphrid IV,Planet,0005E364,MuphridIVPlanetData,67711,0,4,Inorganic,000057EA,ResInorgCommonArgon_G,Argon,Common
Muphrid,Muphrid IV,Planet,0005E364,MuphridIVPlanetData,67711,0,4,Inorganic,000057D5,ResInorgCommonChlorine_G,Chlorine,Common
Muphrid,Muphrid IV,Planet,0005E364,MuphridIVPlanetData,67711,0,4,Inorganic,000057C7,ResInorgCommonIron,Iron,Common
Muphrid,Muphrid IV,Planet,0005E364,MuphridIVPlanetData,67711,0,4,Inorganic,000083EC,ResInorgCommonWater_L,Water,Common
Muphrid,Muphrid IV,Planet,0005E364,MuphridIVPlanetData,67711,0,4,Inorganic,000057C9,ResInorgUncommonAlkanes_G,Alkanes,Uncommon
Muphrid,Muphrid IV,Planet,0005E364,MuphridIVPlanetData,67711,0,4,Inorganic,000057D7,ResInorgUncommonChlorosilanes_L,Chlorosilanes,Uncommon
Muphrid,Muphrid IV,Planet,0005E364,MuphridIVPlanetData,67711,0,4,Inorganic,000057DA,ResInorgRareLithium,Lithium,Rare
Muphrid,Muphrid IV,Planet,0005E364,MuphridIVPlanetData,67711,0,4,Organic,00077821,ResOrgCommonFiber,Fiber,Common
Muphrid,Muphrid IV,Planet,0005E364,MuphridIVPlanetData,67711,0,4,Organic,00224641,ResOrgCommonMetabolicAgentFaunaHerbivore,MetabolicAgent,Common
Muphrid,Muphrid IV,Planet,0005E364,MuphridIVPlanetData,67711,0,4,Organic,000777E6,ResOrgCommonNutrient,Nutrient,Common
Muphrid,Muphrid IV,Planet,0005E364,MuphridIVPlanetData,67711,0,4,Organic,0022464B,ResOrgCommonSealantFaunaCarnivore,Sealant,Common
Muphrid,Muphrid IV,Planet,0005E364,MuphridIVPlanetData,67711,0,4,Organic,000777FA,ResOrgCommonStructural,Structural,Common
Muphrid,Muphrid IV,Planet,0005E364,MuphridIVPlanetData,67711,0,4,Organic,0022463E,ResOrgCommonToxinFaunaHerbivore,Toxin,Common
Muphrid,Muphrid IV,Planet,0005E364,MuphridIVPlanetData,67711,0,4,Organic,00224630,ResOrgUncommonMembraneFaunaHerbivore,Membrane,Uncommon
Muphrid,Muphrid IV,Planet,0005E364,MuphridIVPlanetData,67711,0,4,Organic,00224634,ResOrgRareAromaticFaunaHerbivore,Aromatic,Rare
Muphrid,Muphrid IV,Planet,0005E364,MuphridIVPlanetData,67711,0,4,Organic,00224658,ResOrgExoticLubricantFaunaCarnivore,Lubricant,Exotic
Muphrid,Muphrid IV,Planet,0005E364,MuphridIVPlanetData,67711,0,4,Organic,00224639,ResOrgExoticPolymerFaunaHerbivore,Polymer,Exotic
Muphrid,Muphrid V-a,Moon,0005E367,MuphridV-aPlanetData,67711,5,17,Inorganic,000057CB,ResInorgCommonNickel,Nickel,Common
Muphrid,Muphrid V-a,Moon,0005E367,MuphridV-aPlanetData,67711,5,17,Inorganic,000083EC,ResInorgCommonWater_L,Water,Common
Muphrid,Muphrid V-b,Moon,0005E369,MuphridV-bPlanetData,67711,5,19,Inorganic,000057D5,ResInorgCommonChlorine_G,Chlorine,Common
Muphrid,Muphrid V-b,Moon,0005E369,MuphridV-bPlanetData,67711,5,19,Inorganic,000057CF,ResInorgCommonCopper,Copper,Common
Muphrid,Muphrid V-b,Moon,0005E369,MuphridV-bPlanetData,67711,5,19,Inorganic,000057C1,ResInorgCommonLead,Lead,Common
Muphrid,Muphrid V-b,Moon,0005E369,MuphridV-bPlanetData,67711,5,19,Inorganic,000083EC,ResInorgCommonWater_L,Water,Common
Muphrid,Muphrid V-b,Moon,0005E369,MuphridV-bPlanetData,67711,5,19,Inorganic,000057D7,ResInorgUncommonChlorosilanes_L,Chlorosilanes,Uncommon
Muphrid,Muphrid V-b,Moon,0005E369,MuphridV-bPlanetData,67711,5,19,Inorganic,000057D0,ResInorgUncommonFluorine_G,Fluorine,Uncommon
Muphrid,Muphrid V-b,Moon,0005E369,MuphridV-bPlanetData,67711,5,19,Inorganic,000057C4,ResInorgUncommonTungsten,Tungsten,Uncommon
Muphrid,Muphrid V-b,Moon,0005E369,MuphridV-bPlanetData,67711,5,19,Inorganic,000057DC,ResInorgExoticXenon_G,Xenon,Exotic
Muphrid,Muphrid V-b,Moon,0005E369,MuphridV-bPlanetData,67711,5,19,Organic,00224642,ResOrgCommonFiberFaunaHerbivore,Fiber,Common
Muphrid,Muphrid V-b,Moon,0005E369,MuphridV-bPlanetData,67711,5,19,Organic,0029F3FD,ResOrgCommonMetabolicAgent,MetabolicAgent,Common
Muphrid,Muphrid V-b,Moon,0005E369,MuphridV-bPlanetData,67711,5,19,Organic,00224640,ResOrgCommonNutrientFaunaHerbivore,Nutrient,Common
Muphrid,Muphrid V-b,Moon,0005E369,MuphridV-bPlanetData,67711,5,19,Organic,0007782D,ResOrgCommonSealant,Sealant,Common
Muphrid,Muphrid V-b,Moon,0005E369,MuphridV-bPlanetData,67711,5,19,Organic,000777FA,ResOrgCommonStructural,Structural,Common
Muphrid,Muphrid V-b,Moon,0005E369,MuphridV-bPlanetData,67711,5,19,Organic,00077823,ResOrgCommonToxin,Toxin,Common
Muphrid,Muphrid V-b,Moon,0005E369,MuphridV-bPlanetData,67711,5,19,Organic,0022465C,ResOrgUncommonOrnamentalFaunaCarnivore,Ornamental,Uncommon
Muphrid,Muphrid V-b,Moon,0005E369,MuphridV-bPlanetData,67711,5,19,Organic,00224635,ResOrgRareAnalgesicFaunaHerbivore,Analgesic,Rare
Muphrid,Muphrid V-c,Moon,0005E368,MuphridV-cPlanetData,67711,5,18,Inorganic,000057CB,ResInorgCommonNickel,Nickel,Common
Muphrid,Muphrid V-c,Moon,0005E368,MuphridV-cPlanetData,67711,5,18,Inorganic,000083EC,ResInorgCommonWater_L,Water,Common
Muphrid,Muphrid V-c,Moon,0005E368,MuphridV-cPlanetData,67711,5,18,Inorganic,000057CE,ResInorgUncommonCobalt,Cobalt,Uncommon
Muphrid,Muphrid V-d,Moon,0005E366,MuphridV-dPlanetData,67711,5,16,Inorganic,000057D6,ResInorgCommonAluminum,Aluminum,Common
Muphrid,Muphrid V-d,Moon,0005E366,MuphridV-dPlanetData,67711,5,16,Inorganic,000057EA,ResInorgCommonArgon_G,Argon,Common
Muphrid,Muphrid V-d,Moon,0005E366,MuphridV-dPlanetData,67711,5,16,Inorganic,000057D5,ResInorgCommonChlorine_G,Chlorine,Common
Muphrid,Muphrid V-d,Moon,0005E366,MuphridV-dPlanetData,67711,5,16,Inorganic,000057F5,ResInorgCommonHelium3_G,Helium3,Common
Muphrid,Muphrid V-d,Moon,0005E366,MuphridV-dPlanetData,67711,5,16,Inorganic,000057CB,ResInorgCommonNickel,Nickel,Common
Muphrid,Muphrid V-d,Moon,0005E366,MuphridV-dPlanetData,67711,5,16,Inorganic,000083EC,ResInorgCommonWater_L,Water,Common
Muphrid,Muphrid V-d,Moon,0005E366,MuphridV-dPlanetData,67711,5,16,Inorganic,000057E7,ResInorgUncommonBenzene_G,Benzene,Uncommon
Muphrid,Muphrid V-d,Moon,0005E366,MuphridV-dPlanetData,67711,5,16,Inorganic,000057CE,ResInorgUncommonCobalt,Cobalt,Uncommon
Muphrid,Muphrid VI-a,Moon,0005E36E,MuphridVI-aPlanetData,67711,6,23,Inorganic,000057EA,ResInorgCommonArgon_G,Argon,Common
Muphrid,Muphrid VI-a,Moon,0005E36E,MuphridVI-aPlanetData,67711,6,23,Inorganic,000083EC,ResInorgCommonWater_L,Water,Common
Muphrid,Muphrid VI-a,Moon,0005E36E,MuphridVI-aPlanetData,67711,6,23,Inorganic,000057E7,ResInorgUncommonBenzene_G,Benzene,Uncommon
Muphrid,Muphrid VI-b,Moon,0005E36B,MuphridVI-bPlanetData,67711,6,20,Inorganic,000057C7,ResInorgCommonIron,Iron,Common
Muphrid,Muphrid VI-b,Moon,0005E36B,MuphridVI-bPlanetData,67711,6,20,Inorganic,000057C1,ResInorgCommonLead,Lead,Common
Muphrid,Muphrid VI-b,Moon,0005E36B,MuphridVI-bPlanetData,67711,6,20,Inorganic,0027C499,ResInorgRareMercury_L,Mercury,Rare
Muphrid,Muphrid VI-c,Moon,0005E36C,MuphridVI-cPlanetData,67711,6,21,Inorganic,000057D6,ResInorgCommonAluminum,Aluminum,Common
Muphrid,Muphrid VI-c,Moon,0005E36C,MuphridVI-cPlanetData,67711,6,21,Inorganic,000057F5,ResInorgCommonHelium3_G,Helium3,Common
Muphrid,Muphrid VI-d,Moon,0005E36D,MuphridVI-dPlanetData,67711,6,22,Inorganic,000057CF,ResInorgCommonCopper,Copper,Common
Muphrid,Muphrid VI-d,Moon,0005E36D,MuphridVI-dPlanetData,67711,6,22,Inorganic,000083EC,ResInorgCommonWater_L,Water,Common
Muphrid,Muphrid VI-d,Moon,0005E36D,MuphridVI-dPlanetData,67711,6,22,Inorganic,000057D0,ResInorgUncommonFluorine_G,Fluorine,Uncommon
Muphrid,Muphrid VI-d,Moon,0005E36D,MuphridVI-dPlanetData,67711,6,22,Inorganic,000057D3,ResInorgExoticAntimony,Antimony,Exotic
Muphrid,Muphrid VII-a,Moon,0005E372,MuphridVII-aPlanetData,67711,7,26,Inorganic,000057CF,ResInorgCommonCopper,Copper,Common
Muphrid,Muphrid VII-a,Moon,0005E372,MuphridVII-aPlanetData,67711,7,26,Inorganic,000083EC,ResInorgCommonWater_L,Water,Common
Muphrid,Muphrid VII-a,Moon,0005E372,MuphridVII-aPlanetData,67711,7,26,Inorganic,000057D3,ResInorgExoticAntimony,Antimony,Exotic
Muphrid,Muphrid VII-b,Moon,0005E371,MuphridVII-bPlanetData,67711,7,25,Inorganic,000057CF,ResInorgCommonCopper,Copper,Common
Muphrid,Muphrid VII-b,Moon,0005E371,MuphridVII-bPlanetData,67711,7,25,Inorganic,000057C7,ResInorgCommonIron,Iron,Common
Muphrid,Muphrid VII-b,Moon,0005E371,MuphridVII-bPlanetData,67711,7,25,Inorganic,000057CB,ResInorgCommonNickel,Nickel,Common
Muphrid,Muphrid VII-b,Moon,0005E371,MuphridVII-bPlanetData,67711,7,25,Inorganic,000057EB,ResInorgCommonUranium,Uranium,Common
Muphrid,Muphrid VII-b,Moon,0005E371,MuphridVII-bPlanetData,67711,7,25,Inorganic,000083EC,ResInorgCommonWater_L,Water,Common
Muphrid,Muphrid VII-b,Moon,0005E371,MuphridVII-bPlanetData,67711,7,25,Inorganic,000057CE,ResInorgUncommonCobalt,Cobalt,Uncommon
Muphrid,Muphrid VII-b,Moon,0005E371,MuphridVII-bPlanetData,67711,7,25,Inorganic,000057D0,ResInorgUncommonFluorine_G,Fluorine,Uncommon
Muphrid,Muphrid VII-b,Moon,0005E371,MuphridVII-bPlanetData,67711,7,25,Inorganic,000057D3,ResInorgExoticAntimony,Antimony,Exotic
Muphrid,Muphrid VII-c,Moon,0005E370,MuphridVII-cPlanetData,67711,7,24,Inorganic,000057CF,ResInorgCommonCopper,Copper,Common
Muphrid,Muphrid VII-c,Moon,0005E370,MuphridVII-cPlanetData,67711,7,24,Inorganic,000083EC,ResInorgCommonWater_L,Water,Common
Muphrid,Muphrid VII-c,Moon,0005E370,MuphridVII-cPlanetData,67711,7,24,Inorganic,000057D4,ResInorgExoticIonicLiquids_L,IonicLiquids,Exotic
Muphrid,Muphrid VIII-a,Moon,0005E376,MuphridVIII-aPlanetData,67711,8,29,Inorganic,000057C1,ResInorgCommonLead,Lead,Common
Muphrid,Muphrid VIII-a,Moon,0005E376,MuphridVIII-aPlanetData,67711,8,29,Inorganic,000057CB,ResInorgCommonNickel,Nickel,Common
Muphrid,Muphrid VIII-a,Moon,0005E376,MuphridVIII-aPlanetData,67711,8,29,Inorganic,000057EB,ResInorgCommonUranium,Uranium,Common
Muphrid,Muphrid VIII-a,Moon,0005E376,MuphridVIII-aPlanetData,67711,8,29,Inorganic,000083EC,ResInorgCommonWater_L,Water,Common
Muphrid,Muphrid VIII-a,Moon,0005E376,MuphridVIII-aPlanetData,67711,8,29,Inorganic,000057C3,ResInorgUncommonSilver,Silver,Uncommon
Muphrid,Muphrid VIII-a,Moon,0005E376,MuphridVIII-aPlanetData,67711,8,29,Inorganic,000057CC,ResInorgRarePlatinum,Platinum,Rare
Muphrid,Muphrid VIII-a,Moon,0005E376,MuphridVIII-aPlanetData,67711,8,29,Inorganic,000057ED,ResInorgRareVanadium,Vanadium,Rare
Muphrid,Muphrid VIII-b,Moon,0005E375,MuphridVIII-bPlanetData,67711,8,28,Inorganic,000057D5,ResInorgCommonChlorine_G,Chlorine,Common
Muphrid,Muphrid VIII-b,Moon,0005E375,MuphridVIII-bPlanetData,67711,8,28,Inorganic,000083EC,ResInorgCommonWater_L,Water,Common
Muphrid,Muphrid VIII-b,Moon,0005E375,MuphridVIII-bPlanetData,67711,8,28,Inorganic,000057D7,ResInorgUncommonChlorosilanes_L,Chlorosilanes,Uncommon
Muphrid,Muphrid VIII-b,Moon,0005E375,MuphridVIII-bPlanetData,67711,8,28,Inorganic,000057E0,ResInorgExoticCaesium_L,Caesium,Exotic
Muphrid,Muphrid VIII-c,Moon,0005E374,MuphridVIII-cPlanetData,67711,8,27,Inorganic,000057CF,ResInorgCommonCopper,Copper,Common
Muphrid,Muphrid VIII-c,Moon,0005E374,MuphridVIII-cPlanetData,67711,8,27,Inorganic,000057C1,ResInorgCommonLead,Lead,Common
Muphrid,Muphrid VIII-c,Moon,0005E374,MuphridVIII-cPlanetData,67711,8,27,Inorganic,000057CB,ResInorgCommonNickel,Nickel,Common
Muphrid,Muphrid VIII-c,Moon,0005E374,MuphridVIII-cPlanetData,67711,8,27,Inorganic,000083EC,ResInorgCommonWater_L,Water,Common
Muphrid,Muphrid VIII-c,Moon,0005E374,MuphridVIII-cPlanetData,67711,8,27,Inorganic,000057CE,ResInorgUncommonCobalt,Cobalt,Uncommon
Muphrid,Muphrid VIII-c,Moon,0005E374,MuphridVIII-cPlanetData,67711,8,27,Inorganic,000057C4,ResInorgUncommonTungsten,Tungsten,Uncommon
Muphrid,Muphrid VIII-d,Moon,0005E377,MuphridVIII-dPlanetData,67711,8,30,Inorganic,000057F5,ResInorgCommonHelium3_G,Helium3,Common
Muphrid,Muphrid VIII-d,Moon,0005E377,MuphridVIII-dPlanetData,67711,8,30,Inorganic,000057C7,ResInorgCommonIron,Iron,Common
Muphrid,Muphrid VIII-d,Moon,0005E377,MuphridVIII-dPlanetData,67711,8,30,Inorganic,000057CB,ResInorgCommonNickel,Nickel,Common
Muphrid,Muphrid VIII-d,Moon,0005E377,MuphridVIII-dPlanetData,67711,8,30,Inorganic,000083EC,ResInorgCommonWater_L,Water,Common
Muphrid,Muphrid VIII-d,Moon,0005E377,MuphridVIII-dPlanetData,67711,8,30,Inorganic,000057CE,ResInorgUncommonCobalt,Cobalt,Uncommon
Narion,Andraphon,Moon,0005E557,AndraphonPlanetData,88327,2,9,Inorganic,000057D6,ResInorgCommonAluminum,Aluminum,Common
Narion,Andraphon,Moon,0005E557,AndraphonPlanetData,88327,2,9,Inorganic,000057F5,ResInorgCommonHelium3_G,Helium3,Common
Narion,Andraphon,Moon,0005E557,AndraphonPlanetData,88327,2,9,Inorganic,000057C7,ResInorgCommonIron,Iron,Common
Narion,Andraphon,Moon,0005E557,AndraphonPlanetData,88327,2,9,Inorganic,000057D8,ResInorgUncommonBeryllium,Beryllium,Uncommon
Narion,Andraphon,Moon,0005E557,AndraphonPlanetData,88327,2,9,Inorganic,000057E2,ResInorgExoticEuropium,Europium,Exotic
Narion,Cruth,Planet,0005E561,CruthPlanetData,88327,0,7,Inorganic,000057CF,ResInorgCommonCopper,Copper,Common
Narion,Cruth,Planet,0005E561,CruthPlanetData,88327,0,7,Inorganic,000083EC,ResInorgCommonWater_L,Water,Common
Narion,Cruth,Planet,0005E561,CruthPlanetData,88327,0,7,Inorganic,000057D0,ResInorgUncommonFluorine_G,Fluorine,Uncommon
Narion,Cruth,Planet,0005E561,CruthPlanetData,88327,0,7,Inorganic,000057D2,ResInorgRareGold,Gold,Rare
Narion,Cruth,Planet,0005E561,CruthPlanetData,88327,0,7,Inorganic,000057D3,ResInorgExoticAntimony,Antimony,Exotic
Narion,Dalvik,Moon,0005E55D,DalvikPlanetData,88327,5,12,Inorganic,000057D5,ResInorgCommonChlorine_G,Chlorine,Common
Narion,Dalvik,Moon,0005E55D,DalvikPlanetData,88327,5,12,Inorganic,000083EC,ResInorgCommonWater_L,Water,Common
Narion,Dalvik,Moon,0005E55D,DalvikPlanetData,88327,5,12,Inorganic,000057D7,ResInorgUncommonChlorosilanes_L,Chlorosilanes,Uncommon
Narion,Dalvik,Moon,0005E55D,DalvikPlanetData,88327,5,12,Inorganic,000057E0,ResInorgExoticCaesium_L,Caesium,Exotic
Narion,Danra,Planet,0005E558,DanraPlanetData,88327,0,3,Inorganic,000057D6,ResInorgCommonAluminum,Aluminum,Common
Narion,Danra,Planet,0005E558,DanraPlanetData,88327,0,3,Inorganic,000057F5,ResInorgCommonHelium3_G,Helium3,Common
Narion,Danra,Planet,0005E558,DanraPlanetData,88327,0,3,Inorganic,000057EB,ResInorgCommonUranium,Uranium,Common
Narion,Danra,Planet,0005E558,DanraPlanetData,88327,0,3,Inorganic,000057EC,ResInorgUncommonIridium,Iridium,Uncommon
Narion,Grimsey,Moon,0005E55E,XandarPlanetData,88327,5,13,Inorganic,000057EB,ResInorgCommonUranium,Uranium,Common
Narion,Grimsey,Moon,0005E55E,XandarPlanetData,88327,5,13,Inorganic,000057EC,ResInorgUncommonIridium,Iridium,Uncommon
Narion,Grimsey,Moon,0005E55E,XandarPlanetData,88327,5,13,Inorganic,000057ED,ResInorgRareVanadium,Vanadium,Rare
Narion,Grimsey,Moon,0005E55E,XandarPlanetData,88327,5,13,Inorganic,000057EE,ResInorgExoticPlutonium,Plutonium,Exotic
Narion,Gryphus,Moon,0005E559,GryphusPlanetData,88327,3,8,Inorganic,000057D6,ResInorgCommonAluminum,Aluminum,Common
Narion,Gryphus,Moon,0005E559,GryphusPlanetData,88327,3,8,Inorganic,000057F5,ResInorgCommonHelium3_G,Helium3,Common
Narion,Gryphus,Moon,0005E559,GryphusPlanetData,88327,3,8,Inorganic,000057DB,ResInorgRareNeodymium,Neodymium,Rare
Narion,Gryphus,Moon,0005E559,GryphusPlanetData,88327,3,8,Inorganic,000057E2,ResInorgExoticEuropium,Europium,Exotic
Narion,Hyperia,Moon,0005E55B,HyperiaPlanetData,88327,4,11,Inorganic,000057D6,ResInorgCommonAluminum,Aluminum,Common
Narion,Hyperia,Moon,0005E55B,HyperiaPlanetData,88327,4,11,Inorganic,000057F5,ResInorgCommonHelium3_G,Helium3,Common
Narion,Hyperia,Moon,0005E55B,HyperiaPlanetData,88327,4,11,Inorganic,000057D8,ResInorgUncommonBeryllium,Beryllium,Uncommon
Narion,Hyperia,Moon,0005E55B,HyperiaPlanetData,88327,4,11,Inorganic,000057DB,ResInorgRareNeodymium,Neodymium,Rare
Narion,Kreet,Moon,0003F59F,KreetPlanetData,88327,6,15,Inorganic,000057EA,ResInorgCommonArgon_G,Argon,Common
Narion,Kreet,Moon,0003F59F,KreetPlanetData,88327,6,15,Inorganic,000057C7,ResInorgCommonIron,Iron,Common
Narion,Kreet,Moon,0003F59F,KreetPlanetData,88327,6,15,Inorganic,000057C1,ResInorgCommonLead,Lead,Common
Narion,Kreet,Moon,0003F59F,KreetPlanetData,88327,6,15,Inorganic,000083EC,ResInorgCommonWater_L,Water,Common
Narion,Kreet,Moon,0003F59F,KreetPlanetData,88327,6,15,Inorganic,000057C9,ResInorgUncommonAlkanes_G,Alkanes,Uncommon
Narion,Kreet,Moon,0003F59F,KreetPlanetData,88327,6,15,Inorganic,000057C3,ResInorgUncommonSilver,Silver,Uncommon
Narion,Kreet,Moon,0003F59F,KreetPlanetData,88327,6,15,Inorganic,000057E9,ResInorgExoticNeon_G,Neon,Exotic
Narion,Kreet,Moon,0003F59F,KreetPlanetData,88327,6,15,Organic,00077821,ResOrgCommonFiber,Fiber,Common
Narion,Kreet,Moon,0003F59F,KreetPlanetData,88327,6,15,Organic,0022465F,ResOrgCommonFiberFaunaCarnivore,Fiber,Common
Narion,Kreet,Moon,0003F59F,KreetPlanetData,88327,6,15,Organic,000777E6,ResOrgCommonNutrient,Nutrient,Common
Narion,Kreet,Moon,0003F59F,KreetPlanetData,88327,6,15,Organic,00224640,ResOrgCommonNutrientFaunaHerbivore,Nutrient,Common
Narion,Kreet,Moon,0003F59F,KreetPlanetData,88327,6,15,Organic,002246D8,ResOrgUncommonAntimicrobialFaunaHerbivore,Antimicrobial,Uncommon
Narion,Magreth,Planet,0005E55A,MagrethPlanetData,88327,0,4,Inorganic,000057D6,ResInorgCommonAluminum,Aluminum,Common
Narion,Magreth,Planet,0005E55A,MagrethPlanetData,88327,0,4,Inorganic,000057F5,ResInorgCommonHelium3_G,Helium3,Common
Narion,Magreth,Planet,0005E55A,MagrethPlanetData,88327,0,4,Inorganic,000057C1,ResInorgCommonLead,Lead,Common
Narion,Niira,Planet,0005E555,NiiraPlanetData,88327,0,1,Inorganic,000057EA,ResInorgCommonArgon_G,Argon,Common
Narion,Niira,Planet,0005E555,NiiraPlanetData,88327,0,1,Inorganic,000057CF,ResInorgCommonCopper,Copper,Common
Narion,Niira,Planet,0005E555,NiiraPlanetData,88327,0,1,Inorganic,000057CB,ResInorgCommonNickel,Nickel,Common
Narion,Niira,Planet,0005E555,NiiraPlanetData,88327,0,1,Inorganic,000083EC,ResInorgCommonWater_L,Water,Common
Narion,Niira,Planet,0005E555,NiiraPlanetData,88327,0,1,Inorganic,000057E7,ResInorgUncommonBenzene_G,Benzene,Uncommon
Narion,Niira,Planet,0005E555,NiiraPlanetData,88327,0,1,Inorganic,000057D0,ResInorgUncommonFluorine_G,Fluorine,Uncommon
Narion,Niira,Planet,0005E555,NiiraPlanetData,88327,0,1,Inorganic,000057D4,ResInorgExoticIonicLiquids_L,IonicLiquids,Exotic
Narion,Niira,Planet,0005E555,NiiraPlanetData,88327,0,1,Organic,0022465E,ResOrgCommonMetabolicAgentFaunaCarnivore,MetabolicAgent,Common
Narion,Niira,Planet,0005E555,NiiraPlanetData,88327,0,1,Organic,00224640,ResOrgCommonNutrientFaunaHerbivore,Nutrient,Common
Narion,Niira,Planet,0005E555,NiiraPlanetData,88327,0,1,Organic,0007782D,ResOrgCommonSealant,Sealant,Common
Narion,Niira,Planet,0005E555,NiiraPlanetData,88327,0,1,Organic,00224649,ResOrgCommonStructuralFaunaCarnivore,Structural,Common
Narion,Niira,Planet,0005E555,NiiraPlanetData,88327,0,1,Organic,00077823,ResOrgCommonToxin,Toxin,Common
Narion,Niira,Planet,0005E555,NiiraPlanetData,88327,0,1,Organic,0022462D,ResOrgUncommonSpiceFaunaHerbivore,Spice,Uncommon
Narion,Podius,Moon,0003F59D,PodiusPlanetData,88327,3,10,Inorganic,000057F5,ResInorgCommonHelium3_G,Helium3,Common
Narion,Podius,Moon,0003F59D,PodiusPlanetData,88327,3,10,Inorganic,000057C7,ResInorgCommonIron,Iron,Common
Narion,Sumati,Planet,0005E556,SumatiPlanetData,88327,0,2,Inorganic,000057D5,ResInorgCommonChlorine_G,Chlorine,Common
Narion,Sumati,Planet,0005E556,SumatiPlanetData,88327,0,2,Inorganic,000057CF,ResInorgCommonCopper,Copper,Common
Narion,Sumati,Planet,0005E556,SumatiPlanetData,88327,0,2,Inorganic,000057C1,ResInorgCommonLead,Lead,Common
Narion,Sumati,Planet,0005E556,SumatiPlanetData,88327,0,2,Inorganic,000083EC,ResInorgCommonWater_L,Water,Common
Narion,Sumati,Planet,0005E556,SumatiPlanetData,88327,0,2,Inorganic,000057D7,ResInorgUncommonChlorosilanes_L,Chlorosilanes,Uncommon
Narion,Sumati,Planet,0005E556,SumatiPlanetData,88327,0,2,Inorganic,000057D0,ResInorgUncommonFluorine_G,Fluorine,Uncommon
Narion,Sumati,Planet,0005E556,SumatiPlanetData,88327,0,2,Inorganic,000057D1,ResInorgRareTetrafluorides_G,Tetrafluorides,Rare
Narion,Sumati,Planet,0005E556,SumatiPlanetData,88327,0,2,Organic,000777E6,ResOrgCommonNutrient,Nutrient,Common
Narion,Sumati,Planet,0005E556,SumatiPlanetData,88327,0,2,Organic,00224640,ResOrgCommonNutrientFaunaHerbivore,Nutrient,Common
Narion,Sumati,Planet,0005E556,SumatiPlanetData,88327,0,2,Organic,0007782D,ResOrgCommonSealant,Sealant,Common
Narion,Sumati,Planet,0005E556,SumatiPlanetData,88327,0,2,Organic,0022465B,ResOrgCommonToxinFaunaCarnivore,Toxin,Common
Narion,Sumati,Planet,0005E556,SumatiPlanetData,88327,0,2,Organic,00224631,ResOrgUncommonCosmeticFaunaHerbivore,Cosmetic,Uncommon
Narion,Sumati,Planet,0005E556,SumatiPlanetData,88327,0,2,Organic,0029F40C,ResOrgExoticHypercatalyst,Hypercatalyst,Exotic
Narion,Sumati,Planet,0005E556,SumatiPlanetData,88327,0,2,Organic,0022463C,ResOrgExoticHypercatalystFaunaHerbivore,Hypercatalyst,Exotic
Narion,Vectera,Moon,0003F59E,VecteraPlanetData,88327,6,14,Inorganic,000057D6,ResInorgCommonAluminum,Aluminum,Common
Narion,Vectera,Moon,0003F59E,VecteraPlanetData,88327,6,14,Inorganic,000057EA,ResInorgCommonArgon_G,Argon,Common
Narion,Vectera,Moon,0003F59E,VecteraPlanetData,88327,6,14,Inorganic,000057CB,ResInorgCommonNickel,Nickel,Common
Narion,Vectera,Moon,0003F59E,VecteraPlanetData,88327,6,14,Inorganic,000083EC,ResInorgCommonWater_L,Water,Common
Narion,Vectera,Moon,0003F59E,VecteraPlanetData,88327,6,14,Inorganic,000057E7,ResInorgUncommonBenzene_G,Benzene,Uncommon
Nemeria,Nemeria I,Planet,0005E135,NemeriaIPlanetData,84604,0,1,Inorganic,000057EA,ResInorgCommonArgon_G,Argon,Common
Nemeria,Nemeria I,Planet,0005E135,NemeriaIPlanetData,84604,0,1,Inorganic,000057D5,ResInorgCommonChlorine_G,Chlorine,Common
Nemeria,Nemeria I,Planet,0005E135,NemeriaIPlanetData,84604,0,1,Inorganic,000057C1,ResInorgCommonLead,Lead,Common
Nemeria,Nemeria I,Planet,0005E135,NemeriaIPlanetData,84604,0,1,Inorganic,000057CB,ResInorgCommonNickel,Nickel,Common
Nemeria,Nemeria I,Planet,0005E135,NemeriaIPlanetData,84604,0,1,Inorganic,000083EC,ResInorgCommonWater_L,Water,Common
Nemeria,Nemeria I,Planet,0005E135,NemeriaIPlanetData,84604,0,1,Inorganic,000057C3,ResInorgUncommonSilver,Silver,Uncommon
Nemeria,Nemeria I,Planet,0005E135,NemeriaIPlanetData,84604,0,1,Inorganic,000057E8,ResInorgRareCarboxylicAcids_L,CarboxylicAcids,Rare
Nemeria,Nemeria I,Planet,0005E135,NemeriaIPlanetData,84604,0,1,Organic,00077821,ResOrgCommonFiber,Fiber,Common
Nemeria,Nemeria I,Planet,0005E135,NemeriaIPlanetData,84604,0,1,Organic,000777E6,ResOrgCommonNutrient,Nutrient,Common
Nemeria,Nemeria I,Planet,0005E135,NemeriaIPlanetData,84604,0,1,Organic,0007782D,ResOrgCommonSealant,Sealant,Common
Nemeria,Nemeria I,Planet,0005E135,NemeriaIPlanetData,84604,0,1,Organic,000777FA,ResOrgCommonStructural,Structural,Common
Nemeria,Nemeria II,Planet,0005E136,NemeriaIIPlanetData,84604,0,2,Inorganic,000057EA,ResInorgCommonArgon_G,Argon,Common
Nemeria,Nemeria II,Planet,0005E136,NemeriaIIPlanetData,84604,0,2,Inorganic,000057D5,ResInorgCommonChlorine_G,Chlorine,Common
Nemeria,Nemeria II,Planet,0005E136,NemeriaIIPlanetData,84604,0,2,Inorganic,000057C7,ResInorgCommonIron,Iron,Common
Nemeria,Nemeria II,Planet,0005E136,NemeriaIIPlanetData,84604,0,2,Inorganic,000057C1,ResInorgCommonLead,Lead,Common
Nemeria,Nemeria II,Planet,0005E136,NemeriaIIPlanetData,84604,0,2,Inorganic,000083EC,ResInorgCommonWater_L,Water,Common
Nemeria,Nemeria II,Planet,0005E136,NemeriaIIPlanetData,84604,0,2,Inorganic,000057E7,ResInorgUncommonBenzene_G,Benzene,Uncommon
Nemeria,Nemeria II,Planet,0005E136,NemeriaIIPlanetData,84604,0,2,Inorganic,000057C4,ResInorgUncommonTungsten,Tungsten,Uncommon
Nemeria,Nemeria II,Planet,0005E136,NemeriaIIPlanetData,84604,0,2,Inorganic,000057E9,ResInorgExoticNeon_G,Neon,Exotic
Nemeria,Nemeria II,Planet,0005E136,NemeriaIIPlanetData,84604,0,2,Organic,00077821,ResOrgCommonFiber,Fiber,Common
Nemeria,Nemeria II,Planet,0005E136,NemeriaIIPlanetData,84604,0,2,Organic,00224641,ResOrgCommonMetabolicAgentFaunaHerbivore,MetabolicAgent,Common
Nemeria,Nemeria II,Planet,0005E136,NemeriaIIPlanetData,84604,0,2,Organic,000777E6,ResOrgCommonNutrient,Nutrient,Common
Nemeria,Nemeria II,Planet,0005E136,NemeriaIIPlanetData,84604,0,2,Organic,000777FA,ResOrgCommonStructural,Structural,Common
Nemeria,Nemeria II,Planet,0005E136,NemeriaIIPlanetData,84604,0,2,Organic,0022463E,ResOrgCommonToxinFaunaHerbivore,Toxin,Common
Nemeria,Nemeria II,Planet,0005E136,NemeriaIIPlanetData,84604,0,2,Organic,00224654,ResOrgRareAdhesiveFaunaCarnivore,Adhesive,Rare
Nemeria,Nemeria II,Planet,0005E136,NemeriaIIPlanetData,84604,0,2,Organic,00224639,ResOrgExoticPolymerFaunaHerbivore,Polymer,Exotic
Nemeria,Nemeria II-a,Moon,0005E137,NemeriaII-aPlanetData,84604,2,9,Inorganic,000057D6,ResInorgCommonAluminum,Aluminum,Common
Nemeria,Nemeria II-a,Moon,0005E137,NemeriaII-aPlanetData,84604,2,9,Inorganic,000057F5,ResInorgCommonHelium3_G,Helium3,Common
Nemeria,Nemeria II-a,Moon,0005E137,NemeriaII-aPlanetData,84604,2,9,Inorganic,000057D8,ResInorgUncommonBeryllium,Beryllium,Uncommon
Nemeria,Nemeria II-b,Moon,0005E138,NemeriaII-bPlanetData,84604,2,10,Inorganic,000057C7,ResInorgCommonIron,Iron,Common
Nemeria,Nemeria II-b,Moon,0005E138,NemeriaII-bPlanetData,84604,2,10,Inorganic,000057C1,ResInorgCommonLead,Lead,Common
Nemeria,Nemeria II-b,Moon,0005E138,NemeriaII-bPlanetData,84604,2,10,Inorganic,000083EC,ResInorgCommonWater_L,Water,Common
Nemeria,Nemeria II-b,Moon,0005E138,NemeriaII-bPlanetData,84604,2,10,Inorganic,000057C9,ResInorgUncommonAlkanes_G,Alkanes,Uncommon
Nemeria,Nemeria III,Planet,0005E139,NemeriaIIIPlanetData,84604,0,3,Inorganic,000057D6,ResInorgCommonAluminum,Aluminum,Common
Nemeria,Nemeria III,Planet,0005E139,NemeriaIIIPlanetData,84604,0,3,Inorganic,000057F5,ResInorgCommonHelium3_G,Helium3,Common
Nemeria,Nemeria III,Planet,0005E139,NemeriaIIIPlanetData,84604,0,3,Inorganic,000057D8,ResInorgUncommonBeryllium,Beryllium,Uncommon
Nemeria,Nemeria III-a,Moon,0005E13A,NemeriaIII-aPlanetData,84604,3,11,Inorganic,000057F5,ResInorgCommonHelium3_G,Helium3,Common
Nemeria,Nemeria III-a,Moon,0005E13A,NemeriaIII-aPlanetData,84604,3,11,Inorganic,000057C7,ResInorgCommonIron,Iron,Common
Nemeria,Nemeria IV-a,Moon,0005E13C,NemeriaIV-aPlanetData,84604,4,12,Inorganic,000057D6,ResInorgCommonAluminum,Aluminum,Common
Nemeria,Nemeria IV-a,Moon,0005E13C,NemeriaIV-aPlanetData,84604,4,12,Inorganic,000057EA,ResInorgCommonArgon_G,Argon,Common
Nemeria,Nemeria IV-a,Moon,0005E13C,NemeriaIV-aPlanetData,84604,4,12,Inorganic,000057CF,ResInorgCommonCopper,Copper,Common
Nemeria,Nemeria IV-a,Moon,0005E13C,NemeriaIV-aPlanetData,84604,4,12,Inorganic,000057C1,ResInorgCommonLead,Lead,Common
Nemeria,Nemeria IV-a,Moon,0005E13C,NemeriaIV-aPlanetData,84604,4,12,Inorganic,000083EC,ResInorgCommonWater_L,Water,Common
Nemeria,Nemeria IV-a,Moon,0005E13C,NemeriaIV-aPlanetData,84604,4,12,Inorganic,000057E7,ResInorgUncommonBenzene_G,Benzene,Uncommon
Nemeria,Nemeria IV-a,Moon,0005E13C,NemeriaIV-aPlanetData,84604,4,12,Inorganic,000057D0,ResInorgUncommonFluorine_G,Fluorine,Uncommon
Nemeria,Nemeria IV-a,Moon,0005E13C,NemeriaIV-aPlanetData,84604,4,12,Inorganic,000057D3,ResInorgExoticAntimony,Antimony,Exotic
Nemeria,Nemeria IV-a,Moon,0005E13C,NemeriaIV-aPlanetData,84604,4,12,Organic,00077821,ResOrgCommonFiber,Fiber,Common
Nemeria,Nemeria IV-a,Moon,0005E13C,NemeriaIV-aPlanetData,84604,4,12,Organic,0029F3FD,ResOrgCommonMetabolicAgent,MetabolicAgent,Common
Nemeria,Nemeria IV-a,Moon,0005E13C,NemeriaIV-aPlanetData,84604,4,12,Organic,000777E6,ResOrgCommonNutrient,Nutrient,Common
Nemeria,Nemeria IV-a,Moon,0005E13C,NemeriaIV-aPlanetData,84604,4,12,Organic,0007782D,ResOrgCommonSealant,Sealant,Common
Nemeria,Nemeria IV-a,Moon,0005E13C,NemeriaIV-aPlanetData,84604,4,12,Organic,000777FA,ResOrgCommonStructural,Structural,Common
Nemeria,Nemeria IV-a,Moon,0005E13C,NemeriaIV-aPlanetData,84604,4,12,Organic,00077823,ResOrgCommonToxin,Toxin,Common
Nemeria,Nemeria IV-a,Moon,0005E13C,NemeriaIV-aPlanetData,84604,4,12,Organic,002246D8,ResOrgUncommonAntimicrobialFaunaHerbivore,Antimicrobial,Uncommon
Nemeria,Nemeria IV-a,Moon,0005E13C,NemeriaIV-aPlanetData,84604,4,12,Organic,0022463F,ResOrgUncommonOrnamentalFaunaHerbivore,Ornamental,Uncommon
Nemeria,Nemeria IV-a,Moon,0005E13C,NemeriaIV-aPlanetData,84604,4,12,Organic,0022464F,ResOrgRareSedativeFaunaCarnivore,Sedative,Rare
Nemeria,Nemeria IV-b,Moon,0005E13D,NemeriaIV-bPlanetData,84604,4,13,Inorganic,000057C1,ResInorgCommonLead,Lead,Common
Nemeria,Nemeria IV-b,Moon,0005E13D,NemeriaIV-bPlanetData,84604,4,13,Inorganic,000057CB,ResInorgCommonNickel,Nickel,Common
Nemeria,Nemeria IV-b,Moon,0005E13D,NemeriaIV-bPlanetData,84604,4,13,Inorganic,000057EB,ResInorgCommonUranium,Uranium,Common
Nemeria,Nemeria IV-b,Moon,0005E13D,NemeriaIV-bPlanetData,84604,4,13,Inorganic,000083EC,ResInorgCommonWater_L,Water,Common
Nemeria,Nemeria IV-b,Moon,0005E13D,NemeriaIV-bPlanetData,84604,4,13,Inorganic,000057CE,ResInorgUncommonCobalt,Cobalt,Uncommon
Nemeria,Nemeria IV-b,Moon,0005E13D,NemeriaIV-bPlanetData,84604,4,13,Inorganic,000057ED,ResInorgRareVanadium,Vanadium,Rare
Nemeria,Nemeria IV-b,Moon,0005E13D,NemeriaIV-bPlanetData,84604,4,13,Inorganic,000057C2,ResInorgExoticDysprosium,Dysprosium,Exotic
Nemeria,Nemeria IV-b,Moon,0005E13D,NemeriaIV-bPlanetData,84604,4,13,Inorganic,000057CD,ResInorgExoticPalladium,Palladium,Exotic
Nemeria,Nemeria V-a,Moon,0005E147,NemeriaV-aPlanetData,84604,5,15,Inorganic,000057EA,ResInorgCommonArgon_G,Argon,Common
Nemeria,Nemeria V-a,Moon,0005E147,NemeriaV-aPlanetData,84604,5,15,Inorganic,000083EC,ResInorgCommonWater_L,Water,Common
Nemeria,Nemeria V-a,Moon,0005E147,NemeriaV-aPlanetData,84604,5,15,Inorganic,000057E7,ResInorgUncommonBenzene_G,Benzene,Uncommon
Nemeria,Nemeria V-b,Moon,0005E148,NemeriaV-bPlanetData,84604,5,16,Inorganic,000057EA,ResInorgCommonArgon_G,Argon,Common
Nemeria,Nemeria V-b,Moon,0005E148,NemeriaV-bPlanetData,84604,5,16,Inorganic,000083EC,ResInorgCommonWater_L,Water,Common
Nemeria,Nemeria V-b,Moon,0005E148,NemeriaV-bPlanetData,84604,5,16,Inorganic,000057E7,ResInorgUncommonBenzene_G,Benzene,Uncommon
Nemeria,Nemeria V-c,Moon,0005E13F,NemeriaV-cPlanetData,84604,5,14,Inorganic,000057CF,ResInorgCommonCopper,Copper,Common
Nemeria,Nemeria V-c,Moon,0005E13F,NemeriaV-cPlanetData,84604,5,14,Inorganic,000057F5,ResInorgCommonHelium3_G,Helium3,Common
Nemeria,Nemeria V-c,Moon,0005E13F,NemeriaV-cPlanetData,84604,5,14,Inorganic,000057C7,ResInorgCommonIron,Iron,Common
Nemeria,Nemeria V-c,Moon,0005E13F,NemeriaV-cPlanetData,84604,5,14,Inorganic,000057EB,ResInorgCommonUranium,Uranium,Common
Nemeria,Nemeria V-c,Moon,0005E13F,NemeriaV-cPlanetData,84604,5,14,Inorganic,000083EC,ResInorgCommonWater_L,Water,Common
Nemeria,Nemeria V-c,Moon,0005E13F,NemeriaV-cPlanetData,84604,5,14,Inorganic,000057C9,ResInorgUncommonAlkanes_G,Alkanes,Uncommon
Nemeria,Nemeria V-c,Moon,0005E13F,NemeriaV-cPlanetData,84604,5,14,Inorganic,000057D1,ResInorgRareTetrafluorides_G,Tetrafluorides,Rare
Nemeria,Nemeria V-c,Moon,0005E13F,NemeriaV-cPlanetData,84604,5,14,Inorganic,000057ED,ResInorgRareVanadium,Vanadium,Rare
Nemeria,Nemeria VI-a,Moon,0005E14C,NemeriaVI-aPlanetData,84604,6,19,Inorganic,000057D6,ResInorgCommonAluminum,Aluminum,Common
Nemeria,Nemeria VI-a,Moon,0005E14C,NemeriaVI-aPlanetData,84604,6,19,Inorganic,000057F5,ResInorgCommonHelium3_G,Helium3,Common
Nemeria,Nemeria VI-b,Moon,0005E14B,NemeriaVI-bPlanetData,84604,6,18,Inorganic,000057CF,ResInorgCommonCopper,Copper,Common
Nemeria,Nemeria VI-b,Moon,0005E14B,NemeriaVI-bPlanetData,84604,6,18,Inorganic,000057C7,ResInorgCommonIron,Iron,Common
Nemeria,Nemeria VI-b,Moon,0005E14B,NemeriaVI-bPlanetData,84604,6,18,Inorganic,000057C1,ResInorgCommonLead,Lead,Common
Nemeria,Nemeria VI-b,Moon,0005E14B,NemeriaVI-bPlanetData,84604,6,18,Inorganic,000083EC,ResInorgCommonWater_L,Water,Common
Nemeria,Nemeria VI-b,Moon,0005E14B,NemeriaVI-bPlanetData,84604,6,18,Inorganic,000057C9,ResInorgUncommonAlkanes_G,Alkanes,Uncommon
Nemeria,Nemeria VI-b,Moon,0005E14B,NemeriaVI-bPlanetData,84604,6,18,Inorganic,000057D0,ResInorgUncommonFluorine_G,Fluorine,Uncommon
Nemeria,Nemeria VI-b,Moon,0005E14B,NemeriaVI-bPlanetData,84604,6,18,Inorganic,000057C4,ResInorgUncommonTungsten,Tungsten,Uncommon
Nemeria,Nemeria VI-b,Moon,0005E14B,NemeriaVI-bPlanetData,84604,6,18,Inorganic,000057CA,ResInorgExoticYtterbium,Ytterbium,Exotic
Nemeria,Nemeria VI-c,Moon,0005E14D,NemeriaVI-cPlanetData,84604,6,20,Inorganic,000057CF,ResInorgCommonCopper,Copper,Common
Nemeria,Nemeria VI-c,Moon,0005E14D,NemeriaVI-cPlanetData,84604,6,20,Inorganic,000083EC,ResInorgCommonWater_L,Water,Common
Nemeria,Nemeria VI-c,Moon,0005E14D,NemeriaVI-cPlanetData,84604,6,20,Inorganic,000057D0,ResInorgUncommonFluorine_G,Fluorine,Uncommon
Nemeria,Nemeria VI-d,Moon,0005E14A,NemeriaVI-dPlanetData,84604,6,17,Inorganic,000057CF,ResInorgCommonCopper,Copper,Common
Nemeria,Nemeria VI-d,Moon,0005E14A,NemeriaVI-dPlanetData,84604,6,17,Inorganic,000083EC,ResInorgCommonWater_L,Water,Common
Nemeria,Nemeria VI-d,Moon,0005E14A,NemeriaVI-dPlanetData,84604,6,17,Inorganic,000057D0,ResInorgUncommonFluorine_G,Fluorine,Uncommon
Nemeria,Nemeria VI-d,Moon,0005E14A,NemeriaVI-dPlanetData,84604,6,17,Inorganic,000057D2,ResInorgRareGold,Gold,Rare
Nemeria,Nemeria VI-d,Moon,0005E14A,NemeriaVI-dPlanetData,84604,6,17,Inorganic,000057D3,ResInorgExoticAntimony,Antimony,Exotic
Nemeria,Nemeria VII,Planet,0005E14E,NemeriaVIIPlanetData,84604,0,7,Inorganic,000057D5,ResInorgCommonChlorine_G,Chlorine,Common
Nemeria,Nemeria VII,Planet,0005E14E,NemeriaVIIPlanetData,84604,0,7,Inorganic,000083EC,ResInorgCommonWater_L,Water,Common
Newton,Newton I,Planet,0005E06A,NewtonIPlanetData,91756,0,1,Inorganic,000057D6,ResInorgCommonAluminum,Aluminum,Common
Newton,Newton I,Planet,0005E06A,NewtonIPlanetData,91756,0,1,Inorganic,000057F5,ResInorgCommonHelium3_G,Helium3,Common
Newton,Newton I-a,Moon,0005E06B,NewtonI-aPlanetData,91756,1,8,Inorganic,000057D6,ResInorgCommonAluminum,Aluminum,Common
Newton,Newton I-a,Moon,0005E06B,NewtonI-aPlanetData,91756,1,8,Inorganic,000057F5,ResInorgCommonHelium3_G,Helium3,Common
Newton,Newton II,Planet,0005E06C,NewtonIIPlanetData,91756,0,2,Inorganic,000057D6,ResInorgCommonAluminum,Aluminum,Common
Newton,Newton II,Planet,0005E06C,NewtonIIPlanetData,91756,0,2,Inorganic,000057CF,ResInorgCommonCopper,Copper,Common
Newton,Newton II,Planet,0005E06C,NewtonIIPlanetData,91756,0,2,Inorganic,000057C7,ResInorgCommonIron,Iron,Common
Newton,Newton II,Planet,0005E06C,NewtonIIPlanetData,91756,0,2,Inorganic,000057EB,ResInorgCommonUranium,Uranium,Common
Newton,Newton II,Planet,0005E06C,NewtonIIPlanetData,91756,0,2,Inorganic,000083EC,ResInorgCommonWater_L,Water,Common
Newton,Newton II,Planet,0005E06C,NewtonIIPlanetData,91756,0,2,Inorganic,000057C9,ResInorgUncommonAlkanes_G,Alkanes,Uncommon
Newton,Newton II,Planet,0005E06C,NewtonIIPlanetData,91756,0,2,Inorganic,000057D1,ResInorgRareTetrafluorides_G,Tetrafluorides,Rare
Newton,Newton II,Planet,0005E06C,NewtonIIPlanetData,91756,0,2,Inorganic,000057ED,ResInorgRareVanadium,Vanadium,Rare
Newton,Newton II,Planet,0005E06C,NewtonIIPlanetData,91756,0,2,Organic,00077821,ResOrgCommonFiber,Fiber,Common
Newton,Newton II,Planet,0005E06C,NewtonIIPlanetData,91756,0,2,Organic,0029F3FD,ResOrgCommonMetabolicAgent,MetabolicAgent,Common
Newton,Newton II,Planet,0005E06C,NewtonIIPlanetData,91756,0,2,Organic,000777E6,ResOrgCommonNutrient,Nutrient,Common
Newton,Newton II,Planet,0005E06C,NewtonIIPlanetData,91756,0,2,Organic,00224640,ResOrgCommonNutrientFaunaHerbivore,Nutrient,Common
Newton,Newton II,Planet,0005E06C,NewtonIIPlanetData,91756,0,2,Organic,0022462E,ResOrgCommonSealantFaunaHerbivore,Sealant,Common
Newton,Newton II,Planet,0005E06C,NewtonIIPlanetData,91756,0,2,Organic,000777FA,ResOrgCommonStructural,Structural,Common
Newton,Newton II,Planet,0005E06C,NewtonIIPlanetData,91756,0,2,Organic,0022463E,ResOrgCommonToxinFaunaHerbivore,Toxin,Common
Newton,Newton II,Planet,0005E06C,NewtonIIPlanetData,91756,0,2,Organic,002246D7,ResOrgUncommonAntimicrobialFaunaCarnivore,Antimicrobial,Uncommon
Newton,Newton II,Planet,0005E06C,NewtonIIPlanetData,91756,0,2,Organic,0022464D,ResOrgUncommonMembraneFaunaCarnivore,Membrane,Uncommon
Newton,Newton II,Planet,0005E06C,NewtonIIPlanetData,91756,0,2,Organic,0029F401,ResOrgUncommonPigment,Pigment,Uncommon
Newton,Newton II,Planet,0005E06C,NewtonIIPlanetData,91756,0,2,Organic,00224654,ResOrgRareAdhesiveFaunaCarnivore,Adhesive,Rare
Newton,Newton II,Planet,0005E06C,NewtonIIPlanetData,91756,0,2,Organic,00224633,ResOrgRareHallucinogenFaunaHerbivore,Hallucinogen,Rare
Newton,Newton II,Planet,0005E06C,NewtonIIPlanetData,91756,0,2,Organic,0022463C,ResOrgExoticHypercatalystFaunaHerbivore,Hypercatalyst,Exotic
Newton,Newton II-a,Moon,0005E06D,NewtonII-aPlanetData,91756,2,9,Inorganic,000057D6,ResInorgCommonAluminum,Aluminum,Common
Newton,Newton II-a,Moon,0005E06D,NewtonII-aPlanetData,91756,2,9,Inorganic,000057F5,ResInorgCommonHelium3_G,Helium3,Common
Newton,Newton II-a,Moon,0005E06D,NewtonII-aPlanetData,91756,2,9,Inorganic,000057D8,ResInorgUncommonBeryllium,Beryllium,Uncommon
Newton,Newton II-b,Moon,0005E06E,NewtonII-bPlanetData,91756,2,10,Inorganic,000057F5,ResInorgCommonHelium3_G,Helium3,Common
Newton,Newton II-b,Moon,0005E06E,NewtonII-bPlanetData,91756,2,10,Inorganic,000057C7,ResInorgCommonIron,Iron,Common
Newton,Newton III,Planet,0005E06F,NewtonIIIPlanetData,91756,0,3,Inorganic,000057D5,ResInorgCommonChlorine_G,Chlorine,Common
Newton,Newton III,Planet,0005E06F,NewtonIIIPlanetData,91756,0,3,Inorganic,000057CF,ResInorgCommonCopper,Copper,Common
Newton,Newton III,Planet,0005E06F,NewtonIIIPlanetData,91756,0,3,Inorganic,000057C1,ResInorgCommonLead,Lead,Common
Newton,Newton III,Planet,0005E06F,NewtonIIIPlanetData,91756,0,3,Inorganic,000057EB,ResInorgCommonUranium,Uranium,Common
Newton,Newton III,Planet,0005E06F,NewtonIIIPlanetData,91756,0,3,Inorganic,000083EC,ResInorgCommonWater_L,Water,Common
Newton,Newton III,Planet,0005E06F,NewtonIIIPlanetData,91756,0,3,Inorganic,000057C4,ResInorgUncommonTungsten,Tungsten,Uncommon
Newton,Newton III,Planet,0005E06F,NewtonIIIPlanetData,91756,0,3,Inorganic,000057D2,ResInorgRareGold,Gold,Rare
Newton,Newton III,Planet,0005E06F,NewtonIIIPlanetData,91756,0,3,Inorganic,000057DA,ResInorgRareLithium,Lithium,Rare
Newton,Newton III,Planet,0005E06F,NewtonIIIPlanetData,91756,0,3,Organic,000777E6,ResOrgCommonNutrient,Nutrient,Common
Newton,Newton III,Planet,0005E06F,NewtonIIIPlanetData,91756,0,3,Organic,00224640,ResOrgCommonNutrientFaunaHerbivore,Nutrient,Common
Newton,Newton III,Planet,0005E06F,NewtonIIIPlanetData,91756,0,3,Organic,0022462E,ResOrgCommonSealantFaunaHerbivore,Sealant,Common
Newton,Newton III,Planet,0005E06F,NewtonIIIPlanetData,91756,0,3,Organic,000777FA,ResOrgCommonStructural,Structural,Common
Newton,Newton III,Planet,0005E06F,NewtonIIIPlanetData,91756,0,3,Organic,00077823,ResOrgCommonToxin,Toxin,Common
Newton,Newton III,Planet,0005E06F,NewtonIIIPlanetData,91756,0,3,Organic,0022464A,ResOrgUncommonSpiceFaunaCarnivore,Spice,Uncommon
Newton,Newton IV,Planet,0005E070,NewtonIVPlanetData,91756,0,4,Inorganic,000057D5,ResInorgCommonChlorine_G,Chlorine,Common
Newton,Newton IV,Planet,0005E070,NewtonIVPlanetData,91756,0,4,Inorganic,000057CB,ResInorgCommonNickel,Nickel,Common
Newton,Newton IV,Planet,0005E070,NewtonIVPlanetData,91756,0,4,Inorganic,000083EC,ResInorgCommonWater_L,Water,Common
Newton,Newton IV,Planet,0005E070,NewtonIVPlanetData,91756,0,4,Inorganic,000057D7,ResInorgUncommonChlorosilanes_L,Chlorosilanes,Uncommon
Newton,Newton IV,Planet,0005E070,NewtonIVPlanetData,91756,0,4,Inorganic,000057CC,ResInorgRarePlatinum,Platinum,Rare
Newton,Newton V-a,Moon,0005E074,NewtonV-aPlanetData,91756,5,13,Inorganic,000057C1,ResInorgCommonLead,Lead,Common
Newton,Newton V-a,Moon,0005E074,NewtonV-aPlanetData,91756,5,13,Inorganic,000083EC,ResInorgCommonWater_L,Water,Common
Newton,Newton V-b,Moon,0005E073,NewtonV-bPlanetData,91756,5,12,Inorganic,000057D5,ResInorgCommonChlorine_G,Chlorine,Common
Newton,Newton V-b,Moon,0005E073,NewtonV-bPlanetData,91756,5,12,Inorganic,000057CF,ResInorgCommonCopper,Copper,Common
Newton,Newton V-b,Moon,0005E073,NewtonV-bPlanetData,91756,5,12,Inorganic,000057C1,ResInorgCommonLead,Lead,Common
Newton,Newton V-b,Moon,0005E073,NewtonV-bPlanetData,91756,5,12,Inorganic,000083EC,ResInorgCommonWater_L,Water,Common
Newton,Newton V-b,Moon,0005E073,NewtonV-bPlanetData,91756,5,12,Inorganic,000057D0,ResInorgUncommonFluorine_G,Fluorine,Uncommon
Newton,Newton V-b,Moon,0005E073,NewtonV-bPlanetData,91756,5,12,Inorganic,000057C4,ResInorgUncommonTungsten,Tungsten,Uncommon
Newton,Newton V-b,Moon,0005E073,NewtonV-bPlanetData,91756,5,12,Inorganic,000057D2,ResInorgRareGold,Gold,Rare
Newton,Newton V-b,Moon,0005E073,NewtonV-bPlanetData,91756,5,12,Inorganic,000057C6,ResInorgRareTitanium,Titanium,Rare
Newton,Newton V-c,Moon,0005E072,NewtonV-cPlanetData,91756,5,11,Inorganic,000057C1,ResInorgCommonLead,Lead,Common
Newton,Newton V-c,Moon,0005E072,NewtonV-cPlanetData,91756,5,11,Inorganic,000083EC,ResInorgCommonWater_L,Water,Common
Newton,Newton VI,Planet,0005E075,NewtonVIPlanetData,91756,0,6,Inorganic,000057F5,ResInorgCommonHelium3_G,Helium3,Common
Newton,Newton VI,Planet,0005E075,NewtonVIPlanetData,91756,0,6,Inorganic,000057C7,ResInorgCommonIron,Iron,Common
Nikola,Nikola I,Planet,0005DF5F,NikolaIPlanetData,119217,0,1,Inorganic,000057D6,ResInorgCommonAluminum,Aluminum,Common
Nikola,Nikola I,Planet,0005DF5F,NikolaIPlanetData,119217,0,1,Inorganic,000057EA,ResInorgCommonArgon_G,Argon,Common
Nikola,Nikola I,Planet,0005DF5F,NikolaIPlanetData,119217,0,1,Inorganic,000057C7,ResInorgCommonIron,Iron,Common
Nikola,Nikola I,Planet,0005DF5F,NikolaIPlanetData,119217,0,1,Inorganic,000083EC,ResInorgCommonWater_L,Water,Common
Nikola,Nikola I,Planet,0005DF5F,NikolaIPlanetData,119217,0,1,Inorganic,000057C9,ResInorgUncommonAlkanes_G,Alkanes,Uncommon
Nikola,Nikola I,Planet,0005DF5F,NikolaIPlanetData,119217,0,1,Inorganic,000057D8,ResInorgUncommonBeryllium,Beryllium,Uncommon
Nikola,Nikola I,Planet,0005DF5F,NikolaIPlanetData,119217,0,1,Inorganic,000057E8,ResInorgRareCarboxylicAcids_L,CarboxylicAcids,Rare
Nikola,Nikola I,Planet,0005DF5F,NikolaIPlanetData,119217,0,1,Inorganic,000057C8,ResInorgRareTantalum,Tantalum,Rare
Nikola,Nikola II,Planet,0005DF60,NikolaIIPlanetData,119217,0,2,Inorganic,000057EA,ResInorgCommonArgon_G,Argon,Common
Nikola,Nikola II,Planet,0005DF60,NikolaIIPlanetData,119217,0,2,Inorganic,000057C1,ResInorgCommonLead,Lead,Common
Nikola,Nikola II,Planet,0005DF60,NikolaIIPlanetData,119217,0,2,Inorganic,000057CB,ResInorgCommonNickel,Nickel,Common
Nikola,Nikola II,Planet,0005DF60,NikolaIIPlanetData,119217,0,2,Inorganic,000057EB,ResInorgCommonUranium,Uranium,Common
Nikola,Nikola II,Planet,0005DF60,NikolaIIPlanetData,119217,0,2,Inorganic,000083EC,ResInorgCommonWater_L,Water,Common
Nikola,Nikola II,Planet,0005DF60,NikolaIIPlanetData,119217,0,2,Inorganic,000057C4,ResInorgUncommonTungsten,Tungsten,Uncommon
Nikola,Nikola II,Planet,0005DF60,NikolaIIPlanetData,119217,0,2,Inorganic,000057EE,ResInorgExoticPlutonium,Plutonium,Exotic
Nikola,Nikola II-a,Moon,0005DF61,NikolaII-aPlanetData,119217,2,12,Inorganic,000057F5,ResInorgCommonHelium3_G,Helium3,Common
Nikola,Nikola II-a,Moon,0005DF61,NikolaII-aPlanetData,119217,2,12,Inorganic,000057C7,ResInorgCommonIron,Iron,Common
Nikola,Nikola III,Planet,0005DF62,NikolaIIIPlanetData,119217,0,3,Inorganic,000057CF,ResInorgCommonCopper,Copper,Common
Nikola,Nikola III,Planet,0005DF62,NikolaIIIPlanetData,119217,0,3,Inorganic,000057C7,ResInorgCommonIron,Iron,Common
Nikola,Nikola III,Planet,0005DF62,NikolaIIIPlanetData,119217,0,3,Inorganic,000057CB,ResInorgCommonNickel,Nickel,Common
Nikola,Nikola III,Planet,0005DF62,NikolaIIIPlanetData,119217,0,3,Inorganic,000057EB,ResInorgCommonUranium,Uranium,Common
Nikola,Nikola III,Planet,0005DF62,NikolaIIIPlanetData,119217,0,3,Inorganic,000083EC,ResInorgCommonWater_L,Water,Common
Nikola,Nikola III,Planet,0005DF62,NikolaIIIPlanetData,119217,0,3,Inorganic,000057C9,ResInorgUncommonAlkanes_G,Alkanes,Uncommon
Nikola,Nikola III,Planet,0005DF62,NikolaIIIPlanetData,119217,0,3,Inorganic,000057CE,ResInorgUncommonCobalt,Cobalt,Uncommon
Nikola,Nikola III,Planet,0005DF62,NikolaIIIPlanetData,119217,0,3,Inorganic,000057C8,ResInorgRareTantalum,Tantalum,Rare
Nikola,Nikola III-a,Moon,0005DF63,NikolaIII-aPlanetData,119217,3,13,Inorganic,000057D6,ResInorgCommonAluminum,Aluminum,Common
Nikola,Nikola III-a,Moon,0005DF63,NikolaIII-aPlanetData,119217,3,13,Inorganic,000057F5,ResInorgCommonHelium3_G,Helium3,Common
Nikola,Nikola III-b,Moon,0005DF64,NikolaIII-bPlanetData,119217,3,14,Inorganic,000057D6,ResInorgCommonAluminum,Aluminum,Common
Nikola,Nikola III-b,Moon,0005DF64,NikolaIII-bPlanetData,119217,3,14,Inorganic,000057F5,ResInorgCommonHelium3_G,Helium3,Common
Nikola,Nikola III-b,Moon,0005DF64,NikolaIII-bPlanetData,119217,3,14,Inorganic,000057D8,ResInorgUncommonBeryllium,Beryllium,Uncommon
Nikola,Nikola IV,Planet,0005DF65,NikolaIVPlanetData,119217,0,4,Inorganic,000057D6,ResInorgCommonAluminum,Aluminum,Common
Nikola,Nikola IV,Planet,0005DF65,NikolaIVPlanetData,119217,0,4,Inorganic,000057F5,ResInorgCommonHelium3_G,Helium3,Common
Nikola,Nikola IV,Planet,0005DF65,NikolaIVPlanetData,119217,0,4,Inorganic,000057D8,ResInorgUncommonBeryllium,Beryllium,Uncommon
Nikola,Nikola IV,Planet,0005DF65,NikolaIVPlanetData,119217,0,4,Inorganic,000057DB,ResInorgRareNeodymium,Neodymium,Rare
Nikola,Nikola IV-a,Moon,0005DF66,NikolaIV-aPlanetData,119217,4,15,Inorganic,000057F5,ResInorgCommonHelium3_G,Helium3,Common
Nikola,Nikola IV-a,Moon,0005DF66,NikolaIV-aPlanetData,119217,4,15,Inorganic,000057C7,ResInorgCommonIron,Iron,Common
Nikola,Nikola IX,Planet,0005DF6F,NikolaIXPlanetData,119217,0,9,Inorganic,000057D6,ResInorgCommonAluminum,Aluminum,Common
Nikola,Nikola IX,Planet,0005DF6F,NikolaIXPlanetData,119217,0,9,Inorganic,000057F5,ResInorgCommonHelium3_G,Helium3,Common
Nikola,Nikola V,Planet,0005DF67,NikolaVPlanetData,119217,0,5,Inorganic,000057D6,ResInorgCommonAluminum,Aluminum,Common
Nikola,Nikola V,Planet,0005DF67,NikolaVPlanetData,119217,0,5,Inorganic,000057F5,ResInorgCommonHelium3_G,Helium3,Common
Nikola,Nikola V,Planet,0005DF67,NikolaVPlanetData,119217,0,5,Inorganic,000057D8,ResInorgUncommonBeryllium,Beryllium,Uncommon
Nikola,Nikola V,Planet,0005DF67,NikolaVPlanetData,119217,0,5,Inorganic,000057DB,ResInorgRareNeodymium,Neodymium,Rare
Nikola,Nikola VI,Planet,0005DF68,NikolaVIPlanetData,119217,0,6,Inorganic,000057D6,ResInorgCommonAluminum,Aluminum,Common
Nikola,Nikola VI,Planet,0005DF68,NikolaVIPlanetData,119217,0,6,Inorganic,000057F5,ResInorgCommonHelium3_G,Helium3,Common
Nikola,Nikola VI,Planet,0005DF68,NikolaVIPlanetData,119217,0,6,Inorganic,000057D8,ResInorgUncommonBeryllium,Beryllium,Uncommon
Nikola,Nikola VI-a,Moon,0005DF69,NikolaVI-aPlanetData,119217,6,16,Inorganic,000057F5,ResInorgCommonHelium3_G,Helium3,Common
Nikola,Nikola VI-a,Moon,0005DF69,NikolaVI-aPlanetData,119217,6,16,Inorganic,000057C7,ResInorgCommonIron,Iron,Common
Nikola,Nikola VI-b,Moon,0005DF6A,NikolaVI-bPlanetData,119217,6,17,Inorganic,000057D6,ResInorgCommonAluminum,Aluminum,Common
Nikola,Nikola VI-b,Moon,0005DF6A,NikolaVI-bPlanetData,119217,6,17,Inorganic,000057F5,ResInorgCommonHelium3_G,Helium3,Common
Nikola,Nikola VI-b,Moon,0005DF6A,NikolaVI-bPlanetData,119217,6,17,Inorganic,000057D8,ResInorgUncommonBeryllium,Beryllium,Uncommon
Nikola,Nikola VI-b,Moon,0005DF6A,NikolaVI-bPlanetData,119217,6,17,Inorganic,000057DB,ResInorgRareNeodymium,Neodymium,Rare
Nikola,Nikola VII-a,Moon,0005DF6C,NikolaVII-aPlanetData,119217,7,19,Inorganic,000057EA,ResInorgCommonArgon_G,Argon,Common
Nikola,Nikola VII-a,Moon,0005DF6C,NikolaVII-aPlanetData,119217,7,19,Inorganic,000057CB,ResInorgCommonNickel,Nickel,Common
Nikola,Nikola VII-a,Moon,0005DF6C,NikolaVII-aPlanetData,119217,7,19,Inorganic,000057EB,ResInorgCommonUranium,Uranium,Common
Nikola,Nikola VII-a,Moon,0005DF6C,NikolaVII-aPlanetData,119217,7,19,Inorganic,000083EC,ResInorgCommonWater_L,Water,Common
Nikola,Nikola VII-a,Moon,0005DF6C,NikolaVII-aPlanetData,119217,7,19,Inorganic,000057CE,ResInorgUncommonCobalt,Cobalt,Uncommon
Nikola,Nikola VII-a,Moon,0005DF6C,NikolaVII-aPlanetData,119217,7,19,Inorganic,000057EC,ResInorgUncommonIridium,Iridium,Uncommon
Nikola,Nikola VII-a,Moon,0005DF6C,NikolaVII-aPlanetData,119217,7,19,Inorganic,000057CC,ResInorgRarePlatinum,Platinum,Rare
Nikola,Nikola VIII,Planet,0005DF6D,NikolaVIIIPlanetData,119217,0,8,Inorganic,000057D6,ResInorgCommonAluminum,Aluminum,Common
Nikola,Nikola VIII,Planet,0005DF6D,NikolaVIIIPlanetData,119217,0,8,Inorganic,000057F5,ResInorgCommonHelium3_G,Helium3,Common
Nikola,Nikola VIII-a,Moon,0005DF6E,NikolaVIII-aPlanetData,119217,8,18,Inorganic,000057CF,ResInorgCommonCopper,Copper,Common
Nikola,Nikola VIII-a,Moon,0005DF6E,NikolaVIII-aPlanetData,119217,8,18,Inorganic,000083EC,ResInorgCommonWater_L,Water,Common
Nikola,Nikola X-a,Moon,0005DF71,NikolaX-aPlanetData,119217,10,20,Inorganic,000057D5,ResInorgCommonChlorine_G,Chlorine,Common
Nikola,Nikola X-a,Moon,0005DF71,NikolaX-aPlanetData,119217,10,20,Inorganic,000083EC,ResInorgCommonWater_L,Water,Common
Nirah,Delah,Planet,0005E599,DelahPlanetData,77172,0,2,Inorganic,000057F5,ResInorgCommonHelium3_G,Helium3,Common
Nirah,Delah,Planet,0005E599,DelahPlanetData,77172,0,2,Inorganic,000057C7,ResInorgCommonIron,Iron,Common
Nirah,Delah,Planet,0005E599,DelahPlanetData,77172,0,2,Inorganic,000057EB,ResInorgCommonUranium,Uranium,Common
Nirah,Delah,Planet,0005E599,DelahPlanetData,77172,0,2,Inorganic,000057C9,ResInorgUncommonAlkanes_G,Alkanes,Uncommon
Nirah,Delah,Planet,0005E599,DelahPlanetData,77172,0,2,Inorganic,000057EC,ResInorgUncommonIridium,Iridium,Uncommon
Nirah,Delah,Planet,0005E599,DelahPlanetData,77172,0,2,Inorganic,000057C8,ResInorgRareTantalum,Tantalum,Rare
Nirah,Ka'zaal,Moon,0005E59B,KazaalPlanetData,77172,4,5,Inorganic,000057CF,ResInorgCommonCopper,Copper,Common
Nirah,Ka'zaal,Moon,0005E59B,KazaalPlanetData,77172,4,5,Inorganic,000057CB,ResInorgCommonNickel,Nickel,Common
Nirah,Ka'zaal,Moon,0005E59B,KazaalPlanetData,77172,4,5,Inorganic,000083EC,ResInorgCommonWater_L,Water,Common
Nirah,Ka'zaal,Moon,0005E59B,KazaalPlanetData,77172,4,5,Organic,00077821,ResOrgCommonFiber,Fiber,Common
Nirah,Ka'zaal,Moon,0005E59B,KazaalPlanetData,77172,4,5,Organic,0029F3FD,ResOrgCommonMetabolicAgent,MetabolicAgent,Common
Nirah,Ka'zaal,Moon,0005E59B,KazaalPlanetData,77172,4,5,Organic,000777E6,ResOrgCommonNutrient,Nutrient,Common
Nirah,Ka'zaal,Moon,0005E59B,KazaalPlanetData,77172,4,5,Organic,0022464B,ResOrgCommonSealantFaunaCarnivore,Sealant,Common
Nirah,Ka'zaal,Moon,0005E59B,KazaalPlanetData,77172,4,5,Organic,000777FA,ResOrgCommonStructural,Structural,Common
Nirah,Ka'zaal,Moon,0005E59B,KazaalPlanetData,77172,4,5,Organic,00077823,ResOrgCommonToxin,Toxin,Common
Nirah,Ka'zaal,Moon,0005E59B,KazaalPlanetData,77172,4,5,Organic,0022463E,ResOrgCommonToxinFaunaHerbivore,Toxin,Common
Nirah,Ka'zaal,Moon,0005E59B,KazaalPlanetData,77172,4,5,Organic,00224630,ResOrgUncommonMembraneFaunaHerbivore,Membrane,Uncommon
Nirah,Ka'zaal,Moon,0005E59B,KazaalPlanetData,77172,4,5,Organic,0022462F,ResOrgUncommonPigmentFaunaHerbivore,Pigment,Uncommon
Nirah,Ka'zaal,Moon,0005E59B,KazaalPlanetData,77172,4,5,Organic,00224634,ResOrgRareAromaticFaunaHerbivore,Aromatic,Rare
Nirah,Ka'zaal,Moon,0005E59B,KazaalPlanetData,77172,4,5,Organic,00224655,ResOrgExoticSolventFaunaCarnivore,Solvent,Exotic
Nirah,Lontrah,Planet,0005E598,LontrahPlanetData,77172,0,1,Inorganic,000057D6,ResInorgCommonAluminum,Aluminum,Common
Nirah,Lontrah,Planet,0005E598,LontrahPlanetData,77172,0,1,Inorganic,000057F5,ResInorgCommonHelium3_G,Helium3,Common
Nirah,Lontrah,Planet,0005E598,LontrahPlanetData,77172,0,1,Inorganic,000057CB,ResInorgCommonNickel,Nickel,Common
Nirah,Lontrah,Planet,0005E598,LontrahPlanetData,77172,0,1,Inorganic,000057EB,ResInorgCommonUranium,Uranium,Common
Nirah,Lontrah,Planet,0005E598,LontrahPlanetData,77172,0,1,Inorganic,000057D8,ResInorgUncommonBeryllium,Beryllium,Uncommon
Nirah,N'raal,Moon,0005E59D,NraalPlanetData,77172,6,7,Inorganic,000057C1,ResInorgCommonLead,Lead,Common
Nirah,N'raal,Moon,0005E59D,NraalPlanetData,77172,6,7,Inorganic,000083EC,ResInorgCommonWater_L,Water,Common
Nirah,N'raal,Moon,0005E59D,NraalPlanetData,77172,6,7,Inorganic,000057C4,ResInorgUncommonTungsten,Tungsten,Uncommon
Nirah,Umanah,Planet,0005E59E,UmanahPlanetData,77172,0,8,Inorganic,000057C1,ResInorgCommonLead,Lead,Common
Nirah,Umanah,Planet,0005E59E,UmanahPlanetData,77172,0,8,Inorganic,000083EC,ResInorgCommonWater_L,Water,Common
Nirvana,Nirvana I,Planet,0005E42C,NirvanaIPlanetData,58401,0,1,Inorganic,000057C1,ResInorgCommonLead,Lead,Common
Nirvana,Nirvana I,Planet,0005E42C,NirvanaIPlanetData,58401,0,1,Inorganic,000057EB,ResInorgCommonUranium,Uranium,Common
Nirvana,Nirvana I,Planet,0005E42C,NirvanaIPlanetData,58401,0,1,Inorganic,000057EC,ResInorgUncommonIridium,Iridium,Uncommon
Nirvana,Nirvana I,Planet,0005E42C,NirvanaIPlanetData,58401,0,1,Inorganic,000057C3,ResInorgUncommonSilver,Silver,Uncommon
Nirvana,Nirvana I,Planet,0005E42C,NirvanaIPlanetData,58401,0,1,Inorganic,000057ED,ResInorgRareVanadium,Vanadium,Rare
Nirvana,Nirvana II,Planet,0005E42D,NirvanaIIPlanetData,58401,0,2,Inorganic,000057CF,ResInorgCommonCopper,Copper,Common
Nirvana,Nirvana II,Planet,0005E42D,NirvanaIIPlanetData,58401,0,2,Inorganic,000057C7,ResInorgCommonIron,Iron,Common
Nirvana,Nirvana II,Planet,0005E42D,NirvanaIIPlanetData,58401,0,2,Inorganic,000057EB,ResInorgCommonUranium,Uranium,Common
Nirvana,Nirvana II,Planet,0005E42D,NirvanaIIPlanetData,58401,0,2,Inorganic,000083EC,ResInorgCommonWater_L,Water,Common
Nirvana,Nirvana II,Planet,0005E42D,NirvanaIIPlanetData,58401,0,2,Inorganic,000057D0,ResInorgUncommonFluorine_G,Fluorine,Uncommon
Nirvana,Nirvana II,Planet,0005E42D,NirvanaIIPlanetData,58401,0,2,Inorganic,000057D1,ResInorgRareTetrafluorides_G,Tetrafluorides,Rare
Nirvana,Nirvana II,Planet,0005E42D,NirvanaIIPlanetData,58401,0,2,Inorganic,000057ED,ResInorgRareVanadium,Vanadium,Rare
Nirvana,Nirvana II,Planet,0005E42D,NirvanaIIPlanetData,58401,0,2,Inorganic,000057D4,ResInorgExoticIonicLiquids_L,IonicLiquids,Exotic
Nirvana,Nirvana II,Planet,0005E42D,NirvanaIIPlanetData,58401,0,2,Organic,00077821,ResOrgCommonFiber,Fiber,Common
Nirvana,Nirvana II,Planet,0005E42D,NirvanaIIPlanetData,58401,0,2,Organic,00224641,ResOrgCommonMetabolicAgentFaunaHerbivore,MetabolicAgent,Common
Nirvana,Nirvana II,Planet,0005E42D,NirvanaIIPlanetData,58401,0,2,Organic,000777E6,ResOrgCommonNutrient,Nutrient,Common
Nirvana,Nirvana II,Planet,0005E42D,NirvanaIIPlanetData,58401,0,2,Organic,00224640,ResOrgCommonNutrientFaunaHerbivore,Nutrient,Common
Nirvana,Nirvana II,Planet,0005E42D,NirvanaIIPlanetData,58401,0,2,Organic,0022462E,ResOrgCommonSealantFaunaHerbivore,Sealant,Common
Nirvana,Nirvana II,Planet,0005E42D,NirvanaIIPlanetData,58401,0,2,Organic,000777FA,ResOrgCommonStructural,Structural,Common
Nirvana,Nirvana II,Planet,0005E42D,NirvanaIIPlanetData,58401,0,2,Organic,00077823,ResOrgCommonToxin,Toxin,Common
Nirvana,Nirvana II,Planet,0005E42D,NirvanaIIPlanetData,58401,0,2,Organic,00224631,ResOrgUncommonCosmeticFaunaHerbivore,Cosmetic,Uncommon
Nirvana,Nirvana II,Planet,0005E42D,NirvanaIIPlanetData,58401,0,2,Organic,0022462D,ResOrgUncommonSpiceFaunaHerbivore,Spice,Uncommon
Nirvana,Nirvana II,Planet,0005E42D,NirvanaIIPlanetData,58401,0,2,Organic,00224653,ResOrgRareAminoAcidsFaunaCarnivore,AminoAcids,Rare
Nirvana,Nirvana II,Planet,0005E42D,NirvanaIIPlanetData,58401,0,2,Organic,00224651,ResOrgRareAromaticFaunaCarnivore,Aromatic,Rare
Nirvana,Nirvana II,Planet,0005E42D,NirvanaIIPlanetData,58401,0,2,Organic,00224657,ResOrgExoticStimulantFaunaCarnivore,Stimulant,Exotic
Nirvana,Nirvana II-a,Moon,0005E42E,NirvanaII-aPlanetData,58401,2,6,Inorganic,000057F5,ResInorgCommonHelium3_G,Helium3,Common
Nirvana,Nirvana II-a,Moon,0005E42E,NirvanaII-aPlanetData,58401,2,6,Inorganic,000057C7,ResInorgCommonIron,Iron,Common
Nirvana,Nirvana II-a,Moon,0005E42E,NirvanaII-aPlanetData,58401,2,6,Inorganic,000057C9,ResInorgUncommonAlkanes_G,Alkanes,Uncommon
Nirvana,Nirvana III,Planet,0005E42F,NirvanaIIIPlanetData,58401,0,3,Inorganic,000057D5,ResInorgCommonChlorine_G,Chlorine,Common
Nirvana,Nirvana III,Planet,0005E42F,NirvanaIIIPlanetData,58401,0,3,Inorganic,000057CB,ResInorgCommonNickel,Nickel,Common
Nirvana,Nirvana III,Planet,0005E42F,NirvanaIIIPlanetData,58401,0,3,Inorganic,000057EB,ResInorgCommonUranium,Uranium,Common
Nirvana,Nirvana III,Planet,0005E42F,NirvanaIIIPlanetData,58401,0,3,Inorganic,000083EC,ResInorgCommonWater_L,Water,Common
Nirvana,Nirvana III,Planet,0005E42F,NirvanaIIIPlanetData,58401,0,3,Inorganic,000057D7,ResInorgUncommonChlorosilanes_L,Chlorosilanes,Uncommon
Nirvana,Nirvana III,Planet,0005E42F,NirvanaIIIPlanetData,58401,0,3,Inorganic,000057EC,ResInorgUncommonIridium,Iridium,Uncommon
Nirvana,Nirvana III,Planet,0005E42F,NirvanaIIIPlanetData,58401,0,3,Inorganic,000057ED,ResInorgRareVanadium,Vanadium,Rare
Nirvana,Nirvana III-a,Moon,0005E430,NirvanaIII-aPlanetData,58401,3,7,Inorganic,000057D6,ResInorgCommonAluminum,Aluminum,Common
Nirvana,Nirvana III-a,Moon,0005E430,NirvanaIII-aPlanetData,58401,3,7,Inorganic,000057F5,ResInorgCommonHelium3_G,Helium3,Common
Nirvana,Nirvana III-a,Moon,0005E430,NirvanaIII-aPlanetData,58401,3,7,Inorganic,000057D8,ResInorgUncommonBeryllium,Beryllium,Uncommon
Nirvana,Nirvana IV-a,Moon,0005E432,NirvanaIV-aPlanetData,58401,4,8,Inorganic,000057CF,ResInorgCommonCopper,Copper,Common
Nirvana,Nirvana IV-a,Moon,0005E432,NirvanaIV-aPlanetData,58401,4,8,Inorganic,000083EC,ResInorgCommonWater_L,Water,Common
Oborum Prime,Oborum I,Planet,0005E182,OborumIPlanetData,119220,0,37,Inorganic,000057D5,ResInorgCommonChlorine_G,Chlorine,Common
Oborum Prime,Oborum I,Planet,0005E182,OborumIPlanetData,119220,0,37,Inorganic,000057CF,ResInorgCommonCopper,Copper,Common
Oborum Prime,Oborum I,Planet,0005E182,OborumIPlanetData,119220,0,37,Inorganic,000083EC,ResInorgCommonWater_L,Water,Common
Oborum Prime,Oborum I,Planet,0005E182,OborumIPlanetData,119220,0,37,Inorganic,000057D7,ResInorgUncommonChlorosilanes_L,Chlorosilanes,Uncommon
Oborum Prime,Oborum I,Planet,0005E182,OborumIPlanetData,119220,0,37,Inorganic,000057D2,ResInorgRareGold,Gold,Rare
Oborum Prime,Oborum I,Planet,0005E182,OborumIPlanetData,119220,0,37,Organic,00077821,ResOrgCommonFiber,Fiber,Common
Oborum Prime,Oborum I,Planet,0005E182,OborumIPlanetData,119220,0,37,Organic,0029F3FD,ResOrgCommonMetabolicAgent,MetabolicAgent,Common
Oborum Prime,Oborum I,Planet,0005E182,OborumIPlanetData,119220,0,37,Organic,000777E6,ResOrgCommonNutrient,Nutrient,Common
Oborum Prime,Oborum I,Planet,0005E182,OborumIPlanetData,119220,0,37,Organic,0022464B,ResOrgCommonSealantFaunaCarnivore,Sealant,Common
Oborum Prime,Oborum I,Planet,0005E182,OborumIPlanetData,119220,0,37,Organic,0022462E,ResOrgCommonSealantFaunaHerbivore,Sealant,Common
Oborum Prime,Oborum I,Planet,0005E182,OborumIPlanetData,119220,0,37,Organic,000777FA,ResOrgCommonStructural,Structural,Common
Oborum Prime,Oborum I,Planet,0005E182,OborumIPlanetData,119220,0,37,Organic,0022465B,ResOrgCommonToxinFaunaCarnivore,Toxin,Common
Oborum Prime,Oborum I,Planet,0005E182,OborumIPlanetData,119220,0,37,Organic,002246D8,ResOrgUncommonAntimicrobialFaunaHerbivore,Antimicrobial,Uncommon
Oborum Prime,Oborum I,Planet,0005E182,OborumIPlanetData,119220,0,37,Organic,0007782C,ResOrgUncommonMembrane,Membrane,Uncommon
Oborum Prime,Oborum I,Planet,0005E182,OborumIPlanetData,119220,0,37,Organic,00224630,ResOrgUncommonMembraneFaunaHerbivore,Membrane,Uncommon
Oborum Prime,Oborum I,Planet,0005E182,OborumIPlanetData,119220,0,37,Organic,0022463F,ResOrgUncommonOrnamentalFaunaHerbivore,Ornamental,Uncommon
Oborum Prime,Oborum I,Planet,0005E182,OborumIPlanetData,119220,0,37,Organic,0022462F,ResOrgUncommonPigmentFaunaHerbivore,Pigment,Uncommon
Oborum Prime,Oborum I,Planet,0005E182,OborumIPlanetData,119220,0,37,Organic,00224659,ResOrgExoticHypercatalystFaunaCarnivore,Hypercatalyst,Exotic
Oborum Prime,Oborum II-a,Moon,0005E184,OborumII-aPlanetData,119220,38,39,Inorganic,000057D5,ResInorgCommonChlorine_G,Chlorine,Common
Oborum Prime,Oborum II-a,Moon,0005E184,OborumII-aPlanetData,119220,38,39,Inorganic,000057C7,ResInorgCommonIron,Iron,Common
Oborum Prime,Oborum II-a,Moon,0005E184,OborumII-aPlanetData,119220,38,39,Inorganic,000057C1,ResInorgCommonLead,Lead,Common
Oborum Prime,Oborum II-a,Moon,0005E184,OborumII-aPlanetData,119220,38,39,Inorganic,000057CB,ResInorgCommonNickel,Nickel,Common
Oborum Prime,Oborum II-a,Moon,0005E184,OborumII-aPlanetData,119220,38,39,Inorganic,000083EC,ResInorgCommonWater_L,Water,Common
Oborum Prime,Oborum II-a,Moon,0005E184,OborumII-aPlanetData,119220,38,39,Inorganic,000057C3,ResInorgUncommonSilver,Silver,Uncommon
Oborum Prime,Oborum II-a,Moon,0005E184,OborumII-aPlanetData,119220,38,39,Inorganic,000057CC,ResInorgRarePlatinum,Platinum,Rare
Oborum Prime,Oborum II-a,Moon,0005E184,OborumII-aPlanetData,119220,38,39,Inorganic,000057C8,ResInorgRareTantalum,Tantalum,Rare
Oborum Prime,Oborum II-b,Moon,0005E18D,OborumII-bPlanetData,119220,38,40,Inorganic,000057EA,ResInorgCommonArgon_G,Argon,Common
Oborum Prime,Oborum II-b,Moon,0005E18D,OborumII-bPlanetData,119220,38,40,Inorganic,000083EC,ResInorgCommonWater_L,Water,Common
Oborum Prime,Oborum III-a,Moon,0005E187,OborumIII-aPlanetData,119220,41,42,Inorganic,000057CF,ResInorgCommonCopper,Copper,Common
Oborum Prime,Oborum III-a,Moon,0005E187,OborumIII-aPlanetData,119220,41,42,Inorganic,000083EC,ResInorgCommonWater_L,Water,Common
Oborum Prime,Oborum III-b,Moon,0005E189,OborumIII-bPlanetData,119220,41,44,Inorganic,000057D6,ResInorgCommonAluminum,Aluminum,Common
Oborum Prime,Oborum III-b,Moon,0005E189,OborumIII-bPlanetData,119220,41,44,Inorganic,000057F5,ResInorgCommonHelium3_G,Helium3,Common
Oborum Prime,Oborum III-b,Moon,0005E189,OborumIII-bPlanetData,119220,41,44,Inorganic,000057DB,ResInorgRareNeodymium,Neodymium,Rare
Oborum Prime,Oborum III-c,Moon,0005E188,OborumIII-cPlanetData,119220,41,43,Inorganic,000057EA,ResInorgCommonArgon_G,Argon,Common
Oborum Prime,Oborum III-c,Moon,0005E188,OborumIII-cPlanetData,119220,41,43,Inorganic,000083EC,ResInorgCommonWater_L,Water,Common
Oborum Prime,Oborum III-d,Moon,0005E18A,OborumIII-dPlanetData,119220,41,45,Inorganic,000057CF,ResInorgCommonCopper,Copper,Common
Oborum Prime,Oborum III-d,Moon,0005E18A,OborumIII-dPlanetData,119220,41,45,Inorganic,000083EC,ResInorgCommonWater_L,Water,Common
Oborum Prime,Oborum III-d,Moon,0005E18A,OborumIII-dPlanetData,119220,41,45,Inorganic,000057D1,ResInorgRareTetrafluorides_G,Tetrafluorides,Rare
Oborum Proxima,Oborum Proxima I,Planet,0005E17F,OborumProximaIPlanetData,119144,0,1,Inorganic,000057D5,ResInorgCommonChlorine_G,Chlorine,Common
Oborum Proxima,Oborum Proxima I,Planet,0005E17F,OborumProximaIPlanetData,119144,0,1,Inorganic,000057C1,ResInorgCommonLead,Lead,Common
Oborum Proxima,Oborum Proxima I,Planet,0005E17F,OborumProximaIPlanetData,119144,0,1,Inorganic,000083EC,ResInorgCommonWater_L,Water,Common
Olympus,Ananke,Planet,0005E299,AnankePlanetData,72957,0,4,Inorganic,000057D6,ResInorgCommonAluminum,Aluminum,Common
Olympus,Ananke,Planet,0005E299,AnankePlanetData,72957,0,4,Inorganic,000057F5,ResInorgCommonHelium3_G,Helium3,Common
Olympus,Ananke,Planet,0005E299,AnankePlanetData,72957,0,4,Inorganic,000057E2,ResInorgExoticEuropium,Europium,Exotic
Olympus,Cybele,Moon,0005E29F,CybelePlanetData,72957,6,13,Inorganic,000057D6,ResInorgCommonAluminum,Aluminum,Common
Olympus,Cybele,Moon,0005E29F,CybelePlanetData,72957,6,13,Inorganic,000057F5,ResInorgCommonHelium3_G,Helium3,Common
Olympus,Dionysus,Moon,0005E29D,DionysusPlanetData,72957,6,11,Inorganic,000057D5,ResInorgCommonChlorine_G,Chlorine,Common
Olympus,Dionysus,Moon,0005E29D,DionysusPlanetData,72957,6,11,Inorganic,000057C7,ResInorgCommonIron,Iron,Common
Olympus,Dionysus,Moon,0005E29D,DionysusPlanetData,72957,6,11,Inorganic,000057C1,ResInorgCommonLead,Lead,Common
Olympus,Dionysus,Moon,0005E29D,DionysusPlanetData,72957,6,11,Inorganic,000057CB,ResInorgCommonNickel,Nickel,Common
Olympus,Dionysus,Moon,0005E29D,DionysusPlanetData,72957,6,11,Inorganic,000057EB,ResInorgCommonUranium,Uranium,Common
Olympus,Dionysus,Moon,0005E29D,DionysusPlanetData,72957,6,11,Inorganic,000083EC,ResInorgCommonWater_L,Water,Common
Olympus,Dionysus,Moon,0005E29D,DionysusPlanetData,72957,6,11,Inorganic,000057C9,ResInorgUncommonAlkanes_G,Alkanes,Uncommon
Olympus,Erebus,Planet,0005E296,ErebusPlanetData,72957,0,3,Inorganic,000057C7,ResInorgCommonIron,Iron,Common
Olympus,Erebus,Planet,0005E296,ErebusPlanetData,72957,0,3,Inorganic,000057EB,ResInorgCommonUranium,Uranium,Common
Olympus,Erebus,Planet,0005E296,ErebusPlanetData,72957,0,3,Inorganic,000057C9,ResInorgUncommonAlkanes_G,Alkanes,Uncommon
Olympus,Hypnos,Moon,0005E29B,HypnosPlanetData,72957,5,10,Inorganic,000057EA,ResInorgCommonArgon_G,Argon,Common
Olympus,Hypnos,Moon,0005E29B,HypnosPlanetData,72957,5,10,Inorganic,000083EC,ResInorgCommonWater_L,Water,Common
Olympus,Hypnos,Moon,0005E29B,HypnosPlanetData,72957,5,10,Inorganic,000057E7,ResInorgUncommonBenzene_G,Benzene,Uncommon
Olympus,Mithras,Moon,0005E29E,MithrasPlanetData,72957,6,12,Inorganic,000057CB,ResInorgCommonNickel,Nickel,Common
Olympus,Mithras,Moon,0005E29E,MithrasPlanetData,72957,6,12,Inorganic,000083EC,ResInorgCommonWater_L,Water,Common
Olympus,Mithras,Moon,0005E29E,MithrasPlanetData,72957,6,12,Inorganic,000057CE,ResInorgUncommonCobalt,Cobalt,Uncommon
Olympus,Mithras,Moon,0005E29E,MithrasPlanetData,72957,6,12,Inorganic,000057CD,ResInorgExoticPalladium,Palladium,Exotic
Olympus,Nesoi,Planet,0005E294,NesoiPlanetData,72957,0,1,Inorganic,000057EA,ResInorgCommonArgon_G,Argon,Common
Olympus,Nesoi,Planet,0005E294,NesoiPlanetData,72957,0,1,Inorganic,000057C7,ResInorgCommonIron,Iron,Common
Olympus,Nesoi,Planet,0005E294,NesoiPlanetData,72957,0,1,Inorganic,000057EB,ResInorgCommonUranium,Uranium,Common
Olympus,Nesoi,Planet,0005E294,NesoiPlanetData,72957,0,1,Inorganic,000083EC,ResInorgCommonWater_L,Water,Common
Olympus,Nesoi,Planet,0005E294,NesoiPlanetData,72957,0,1,Inorganic,000057E7,ResInorgUncommonBenzene_G,Benzene,Uncommon
Olympus,Nesoi,Planet,0005E294,NesoiPlanetData,72957,0,1,Inorganic,000057EC,ResInorgUncommonIridium,Iridium,Uncommon
Olympus,Nesoi,Planet,0005E294,NesoiPlanetData,72957,0,1,Inorganic,000057E8,ResInorgRareCarboxylicAcids_L,CarboxylicAcids,Rare
Olympus,Nesoi,Planet,0005E294,NesoiPlanetData,72957,0,1,Inorganic,000057C8,ResInorgRareTantalum,Tantalum,Rare
Olympus,Nesoi,Planet,0005E294,NesoiPlanetData,72957,0,1,Organic,00224642,ResOrgCommonFiberFaunaHerbivore,Fiber,Common
Olympus,Nesoi,Planet,0005E294,NesoiPlanetData,72957,0,1,Organic,0029F3FD,ResOrgCommonMetabolicAgent,MetabolicAgent,Common
Olympus,Nesoi,Planet,0005E294,NesoiPlanetData,72957,0,1,Organic,000777E6,ResOrgCommonNutrient,Nutrient,Common
Olympus,Nesoi,Planet,0005E294,NesoiPlanetData,72957,0,1,Organic,0007782D,ResOrgCommonSealant,Sealant,Common
Olympus,Nesoi,Planet,0005E294,NesoiPlanetData,72957,0,1,Organic,000777FA,ResOrgCommonStructural,Structural,Common
Olympus,Nesoi,Planet,0005E294,NesoiPlanetData,72957,0,1,Organic,00077823,ResOrgCommonToxin,Toxin,Common
Olympus,Nesoi,Planet,0005E294,NesoiPlanetData,72957,0,1,Organic,0022463E,ResOrgCommonToxinFaunaHerbivore,Toxin,Common
Olympus,Nesoi,Planet,0005E294,NesoiPlanetData,72957,0,1,Organic,002246D8,ResOrgUncommonAntimicrobialFaunaHerbivore,Antimicrobial,Uncommon
Olympus,Nesoi,Planet,0005E294,NesoiPlanetData,72957,0,1,Organic,0022464D,ResOrgUncommonMembraneFaunaCarnivore,Membrane,Uncommon
Olympus,Nesoi,Planet,0005E294,NesoiPlanetData,72957,0,1,Organic,0022463F,ResOrgUncommonOrnamentalFaunaHerbivore,Ornamental,Uncommon
Olympus,Nesoi,Planet,0005E294,NesoiPlanetData,72957,0,1,Organic,0022462F,ResOrgUncommonPigmentFaunaHerbivore,Pigment,Uncommon
Olympus,Nesoi,Planet,0005E294,NesoiPlanetData,72957,0,1,Organic,00224654,ResOrgRareAdhesiveFaunaCarnivore,Adhesive,Rare
Olympus,Nesoi,Planet,0005E294,NesoiPlanetData,72957,0,1,Organic,0022464F,ResOrgRareSedativeFaunaCarnivore,Sedative,Rare
Olympus,Orphius,Moon,0005E2A0,OrphiusPlanetData,72957,6,14,Inorganic,000057F5,ResInorgCommonHelium3_G,Helium3,Common
Olympus,Orphius,Moon,0005E2A0,OrphiusPlanetData,72957,6,14,Inorganic,000057C7,ResInorgCommonIron,Iron,Common
Olympus,Ourea,Planet,0005E295,OureaPlanetData,72957,0,2,Inorganic,000057EA,ResInorgCommonArgon_G,Argon,Common
Olympus,Ourea,Planet,0005E295,OureaPlanetData,72957,0,2,Inorganic,000057CF,ResInorgCommonCopper,Copper,Common
Olympus,Ourea,Planet,0005E295,OureaPlanetData,72957,0,2,Inorganic,000057EB,ResInorgCommonUranium,Uranium,Common
Olympus,Ourea,Planet,0005E295,OureaPlanetData,72957,0,2,Inorganic,000083EC,ResInorgCommonWater_L,Water,Common
Olympus,Ourea,Planet,0005E295,OureaPlanetData,72957,0,2,Inorganic,000057E7,ResInorgUncommonBenzene_G,Benzene,Uncommon
Olympus,Ourea,Planet,0005E295,OureaPlanetData,72957,0,2,Inorganic,000057EC,ResInorgUncommonIridium,Iridium,Uncommon
Olympus,Ourea,Planet,0005E295,OureaPlanetData,72957,0,2,Inorganic,000057E8,ResInorgRareCarboxylicAcids_L,CarboxylicAcids,Rare
Olympus,Ourea,Planet,0005E295,OureaPlanetData,72957,0,2,Inorganic,000057ED,ResInorgRareVanadium,Vanadium,Rare
Olympus,Pontus,Moon,0005E297,PontusPlanetData,72957,3,8,Inorganic,000057D6,ResInorgCommonAluminum,Aluminum,Common
Olympus,Pontus,Moon,0005E297,PontusPlanetData,72957,3,8,Inorganic,000057F5,ResInorgCommonHelium3_G,Helium3,Common
Olympus,Pontus,Moon,0005E297,PontusPlanetData,72957,3,8,Inorganic,000057D8,ResInorgUncommonBeryllium,Beryllium,Uncommon
Olympus,Thalassa,Moon,0005E298,ThalassaPlanetData,72957,3,9,Inorganic,000057D6,ResInorgCommonAluminum,Aluminum,Common
Olympus,Thalassa,Moon,0005E298,ThalassaPlanetData,72957,3,9,Inorganic,000057F5,ResInorgCommonHelium3_G,Helium3,Common
Ophion,Ophion I-a,Moon,0005E5A2,OphionI-aPlanetData,74309,1,2,Inorganic,000057CF,ResInorgCommonCopper,Copper,Common
Ophion,Ophion I-a,Moon,0005E5A2,OphionI-aPlanetData,74309,1,2,Inorganic,000083EC,ResInorgCommonWater_L,Water,Common
Ophion,Ophion I-a,Moon,0005E5A2,OphionI-aPlanetData,74309,1,2,Inorganic,000057D0,ResInorgUncommonFluorine_G,Fluorine,Uncommon
Piazzi,Piazzi I,Planet,0005E023,PiazziIPlanetData,103879,0,1,Inorganic,000057C1,ResInorgCommonLead,Lead,Common
Piazzi,Piazzi I,Planet,0005E023,PiazziIPlanetData,103879,0,1,Organic,00077821,ResOrgCommonFiber,Fiber,Common
Piazzi,Piazzi I,Planet,0005E023,PiazziIPlanetData,103879,0,1,Organic,00077823,ResOrgCommonToxin,Toxin,Common
Piazzi,Piazzi I,Planet,0005E023,PiazziIPlanetData,103879,0,1,Organic,00077822,ResOrgUncommonOrnamental,Ornamental,Uncommon
Piazzi,Piazzi I,Planet,0005E023,PiazziIPlanetData,103879,0,1,Organic,0029F401,ResOrgUncommonPigment,Pigment,Uncommon
Piazzi,Piazzi II,Planet,0005E024,PiazziIIPlanetData,103879,0,2,Inorganic,000057D5,ResInorgCommonChlorine_G,Chlorine,Common
Piazzi,Piazzi II,Planet,0005E024,PiazziIIPlanetData,103879,0,2,Inorganic,000057CF,ResInorgCommonCopper,Copper,Common
Piazzi,Piazzi II,Planet,0005E024,PiazziIIPlanetData,103879,0,2,Inorganic,000057CB,ResInorgCommonNickel,Nickel,Common
Piazzi,Piazzi II,Planet,0005E024,PiazziIIPlanetData,103879,0,2,Inorganic,000083EC,ResInorgCommonWater_L,Water,Common
Piazzi,Piazzi II,Planet,0005E024,PiazziIIPlanetData,103879,0,2,Inorganic,000057CE,ResInorgUncommonCobalt,Cobalt,Uncommon
Piazzi,Piazzi II,Planet,0005E024,PiazziIIPlanetData,103879,0,2,Inorganic,000057D0,ResInorgUncommonFluorine_G,Fluorine,Uncommon
Piazzi,Piazzi II,Planet,0005E024,PiazziIIPlanetData,103879,0,2,Inorganic,000057CC,ResInorgRarePlatinum,Platinum,Rare
Piazzi,Piazzi II,Planet,0005E024,PiazziIIPlanetData,103879,0,2,Inorganic,000057CD,ResInorgExoticPalladium,Palladium,Exotic
Piazzi,Piazzi III,Planet,0005E025,PiazziIIIPlanetData,103879,0,3,Inorganic,000057D6,ResInorgCommonAluminum,Aluminum,Common
Piazzi,Piazzi III,Planet,0005E025,PiazziIIIPlanetData,103879,0,3,Inorganic,000057F5,ResInorgCommonHelium3_G,Helium3,Common
Piazzi,Piazzi III-a,Moon,0005E026,PiazziIII-aPlanetData,103879,3,10,Inorganic,000057D6,ResInorgCommonAluminum,Aluminum,Common
Piazzi,Piazzi III-a,Moon,0005E026,PiazziIII-aPlanetData,103879,3,10,Inorganic,000057F5,ResInorgCommonHelium3_G,Helium3,Common
Piazzi,Piazzi III-b,Moon,0005E027,PiazziIII-bPlanetData,103879,3,11,Inorganic,000057D6,ResInorgCommonAluminum,Aluminum,Common
Piazzi,Piazzi III-b,Moon,0005E027,PiazziIII-bPlanetData,103879,3,11,Inorganic,000057F5,ResInorgCommonHelium3_G,Helium3,Common
Piazzi,Piazzi III-b,Moon,0005E027,PiazziIII-bPlanetData,103879,3,11,Inorganic,000057D8,ResInorgUncommonBeryllium,Beryllium,Uncommon
Piazzi,Piazzi III-b,Moon,0005E027,PiazziIII-bPlanetData,103879,3,11,Inorganic,000057DB,ResInorgRareNeodymium,Neodymium,Rare
Piazzi,Piazzi IV-a,Moon,0005E02A,PiazziIV-aPlanetData,103879,4,13,Inorganic,000057D6,ResInorgCommonAluminum,Aluminum,Common
Piazzi,Piazzi IV-a,Moon,0005E02A,PiazziIV-aPlanetData,103879,4,13,Inorganic,000057F5,ResInorgCommonHelium3_G,Helium3,Common
Piazzi,Piazzi IV-a,Moon,0005E02A,PiazziIV-aPlanetData,103879,4,13,Inorganic,000057D8,ResInorgUncommonBeryllium,Beryllium,Uncommon
Piazzi,Piazzi IV-a,Moon,0005E02A,PiazziIV-aPlanetData,103879,4,13,Inorganic,000057E2,ResInorgExoticEuropium,Europium,Exotic
Piazzi,Piazzi IV-b,Moon,0005E02B,PiazziIV-bPlanetData,103879,4,14,Inorganic,000057F5,ResInorgCommonHelium3_G,Helium3,Common
Piazzi,Piazzi IV-b,Moon,0005E02B,PiazziIV-bPlanetData,103879,4,14,Inorganic,000057C7,ResInorgCommonIron,Iron,Common
Piazzi,Piazzi IV-c,Moon,0005E029,PiazziIV-cPlanetData,103879,4,12,Inorganic,000057D5,ResInorgCommonChlorine_G,Chlorine,Common
Piazzi,Piazzi IV-c,Moon,0005E029,PiazziIV-cPlanetData,103879,4,12,Inorganic,000057CF,ResInorgCommonCopper,Copper,Common
Piazzi,Piazzi IV-c,Moon,0005E029,PiazziIV-cPlanetData,103879,4,12,Inorganic,000057CB,ResInorgCommonNickel,Nickel,Common
Piazzi,Piazzi IV-c,Moon,0005E029,PiazziIV-cPlanetData,103879,4,12,Inorganic,000083EC,ResInorgCommonWater_L,Water,Common
Piazzi,Piazzi IV-c,Moon,0005E029,PiazziIV-cPlanetData,103879,4,12,Inorganic,000057D7,ResInorgUncommonChlorosilanes_L,Chlorosilanes,Uncommon
Piazzi,Piazzi IV-c,Moon,0005E029,PiazziIV-cPlanetData,103879,4,12,Inorganic,000057D0,ResInorgUncommonFluorine_G,Fluorine,Uncommon
Piazzi,Piazzi IV-c,Moon,0005E029,PiazziIV-cPlanetData,103879,4,12,Inorganic,000057CD,ResInorgExoticPalladium,Palladium,Exotic
Piazzi,Piazzi IV-c,Moon,0005E029,PiazziIV-cPlanetData,103879,4,12,Inorganic,000057DC,ResInorgExoticXenon_G,Xenon,Exotic
Piazzi,Piazzi IV-c,Moon,0005E029,PiazziIV-cPlanetData,103879,4,12,Organic,000777E6,ResOrgCommonNutrient,Nutrient,Common
Piazzi,Piazzi IV-c,Moon,0005E029,PiazziIV-cPlanetData,103879,4,12,Organic,0022462E,ResOrgCommonSealantFaunaHerbivore,Sealant,Common
Piazzi,Piazzi IV-c,Moon,0005E029,PiazziIV-cPlanetData,103879,4,12,Organic,000777FA,ResOrgCommonStructural,Structural,Common
Piazzi,Piazzi IV-c,Moon,0005E029,PiazziIV-cPlanetData,103879,4,12,Organic,0022465B,ResOrgCommonToxinFaunaCarnivore,Toxin,Common
Piazzi,Piazzi IV-c,Moon,0005E029,PiazziIV-cPlanetData,103879,4,12,Organic,00077820,ResOrgUncommonAntimicrobial,Antimicrobial,Uncommon
Piazzi,Piazzi IV-c,Moon,0005E029,PiazziIV-cPlanetData,103879,4,12,Organic,002246D8,ResOrgUncommonAntimicrobialFaunaHerbivore,Antimicrobial,Uncommon
Piazzi,Piazzi IV-c,Moon,0005E029,PiazziIV-cPlanetData,103879,4,12,Organic,00224655,ResOrgExoticSolventFaunaCarnivore,Solvent,Exotic
Piazzi,Piazzi V,Planet,0005E02C,PiazziVPlanetData,103879,0,5,Inorganic,000057F5,ResInorgCommonHelium3_G,Helium3,Common
Piazzi,Piazzi V,Planet,0005E02C,PiazziVPlanetData,103879,0,5,Inorganic,000057C7,ResInorgCommonIron,Iron,Common
Piazzi,Piazzi V,Planet,0005E02C,PiazziVPlanetData,103879,0,5,Inorganic,000057C9,ResInorgUncommonAlkanes_G,Alkanes,Uncommon
Piazzi,Piazzi V-a,Moon,0005E02D,PiazziV-aPlanetData,103879,5,15,Inorganic,000057F5,ResInorgCommonHelium3_G,Helium3,Common
Piazzi,Piazzi V-a,Moon,0005E02D,PiazziV-aPlanetData,103879,5,15,Inorganic,000057C7,ResInorgCommonIron,Iron,Common
Piazzi,Piazzi V-b,Moon,0005E02E,PiazziV-bPlanetData,103879,5,16,Inorganic,000057D6,ResInorgCommonAluminum,Aluminum,Common
Piazzi,Piazzi V-b,Moon,0005E02E,PiazziV-bPlanetData,103879,5,16,Inorganic,000057F5,ResInorgCommonHelium3_G,Helium3,Common
Piazzi,Piazzi V-b,Moon,0005E02E,PiazziV-bPlanetData,103879,5,16,Inorganic,000057D8,ResInorgUncommonBeryllium,Beryllium,Uncommon
Piazzi,Piazzi V-b,Moon,0005E02E,PiazziV-bPlanetData,103879,5,16,Inorganic,000057DB,ResInorgRareNeodymium,Neodymium,Rare
Piazzi,Piazzi V-c,Moon,0005E02F,PiazziV-cPlanetData,103879,5,17,Inorganic,000057D6,ResInorgCommonAluminum,Aluminum,Common
Piazzi,Piazzi V-c,Moon,0005E02F,PiazziV-cPlanetData,103879,5,17,Inorganic,000057F5,ResInorgCommonHelium3_G,Helium3,Common
Piazzi,Piazzi V-c,Moon,0005E02F,PiazziV-cPlanetData,103879,5,17,Inorganic,000057D8,ResInorgUncommonBeryllium,Beryllium,Uncommon
Piazzi,Piazzi V-c,Moon,0005E02F,PiazziV-cPlanetData,103879,5,17,Inorganic,000057E2,ResInorgExoticEuropium,Europium,Exotic
Piazzi,Piazzi VI,Planet,0005E030,PiazziVIPlanetData,103879,0,6,Inorganic,000057D6,ResInorgCommonAluminum,Aluminum,Common
Piazzi,Piazzi VI,Planet,0005E030,PiazziVIPlanetData,103879,0,6,Inorganic,000057F5,ResInorgCommonHelium3_G,Helium3,Common
Piazzi,Piazzi VI-a,Moon,0005E032,PiazziVI-aPlanetData,103879,6,19,Inorganic,000057D6,ResInorgCommonAluminum,Aluminum,Common
Piazzi,Piazzi VI-a,Moon,0005E032,PiazziVI-aPlanetData,103879,6,19,Inorganic,000057F5,ResInorgCommonHelium3_G,Helium3,Common
Piazzi,Piazzi VI-a,Moon,0005E032,PiazziVI-aPlanetData,103879,6,19,Inorganic,000057D8,ResInorgUncommonBeryllium,Beryllium,Uncommon
Piazzi,Piazzi VI-a,Moon,0005E032,PiazziVI-aPlanetData,103879,6,19,Inorganic,000057E2,ResInorgExoticEuropium,Europium,Exotic
Piazzi,Piazzi VI-b,Moon,0005E031,PiazziVI-bPlanetData,103879,6,18,Inorganic,000057D6,ResInorgCommonAluminum,Aluminum,Common
Piazzi,Piazzi VI-b,Moon,0005E031,PiazziVI-bPlanetData,103879,6,18,Inorganic,000057F5,ResInorgCommonHelium3_G,Helium3,Common
Piazzi,Piazzi VI-b,Moon,0005E031,PiazziVI-bPlanetData,103879,6,18,Inorganic,000057D8,ResInorgUncommonBeryllium,Beryllium,Uncommon
Piazzi,Piazzi VI-c,Moon,0005E033,PiazziVI-cPlanetData,103879,6,20,Inorganic,000057D5,ResInorgCommonChlorine_G,Chlorine,Common
Piazzi,Piazzi VI-c,Moon,0005E033,PiazziVI-cPlanetData,103879,6,20,Inorganic,000083EC,ResInorgCommonWater_L,Water,Common
Piazzi,Piazzi VI-c,Moon,0005E033,PiazziVI-cPlanetData,103879,6,20,Inorganic,000057D7,ResInorgUncommonChlorosilanes_L,Chlorosilanes,Uncommon
Piazzi,Piazzi VI-c,Moon,0005E033,PiazziVI-cPlanetData,103879,6,20,Inorganic,000057E0,ResInorgExoticCaesium_L,Caesium,Exotic
Piazzi,Piazzi VII-a,Moon,0005E035,PiazziVII-aPlanetData,103879,7,21,Inorganic,000057D5,ResInorgCommonChlorine_G,Chlorine,Common
Piazzi,Piazzi VII-a,Moon,0005E035,PiazziVII-aPlanetData,103879,7,21,Inorganic,000083EC,ResInorgCommonWater_L,Water,Common
Piazzi,Piazzi VII-b,Moon,0005E037,PiazziVII-bPlanetData,103879,7,23,Inorganic,000057CF,ResInorgCommonCopper,Copper,Common
Piazzi,Piazzi VII-b,Moon,0005E037,PiazziVII-bPlanetData,103879,7,23,Inorganic,000083EC,ResInorgCommonWater_L,Water,Common
Piazzi,Piazzi VII-b,Moon,0005E037,PiazziVII-bPlanetData,103879,7,23,Inorganic,000057D2,ResInorgRareGold,Gold,Rare
Piazzi,Piazzi VII-c,Moon,0005E036,PiazziVII-cPlanetData,103879,7,22,Inorganic,000057CB,ResInorgCommonNickel,Nickel,Common
Piazzi,Piazzi VII-c,Moon,0005E036,PiazziVII-cPlanetData,103879,7,22,Inorganic,000083EC,ResInorgCommonWater_L,Water,Common
Piazzi,Piazzi VII-c,Moon,0005E036,PiazziVII-cPlanetData,103879,7,22,Inorganic,000057CE,ResInorgUncommonCobalt,Cobalt,Uncommon
Porrima,Porrima I,Planet,0005E3E3,PorrimaIPlanetData,61748,0,1,Inorganic,000057F5,ResInorgCommonHelium3_G,Helium3,Common
Porrima,Porrima I,Planet,0005E3E3,PorrimaIPlanetData,61748,0,1,Inorganic,000057C7,ResInorgCommonIron,Iron,Common
Porrima,Porrima I-a,Moon,0005E3E4,PorrimaI-aPlanetData,61748,1,8,Inorganic,000057F5,ResInorgCommonHelium3_G,Helium3,Common
Porrima,Porrima I-a,Moon,0005E3E4,PorrimaI-aPlanetData,61748,1,8,Inorganic,000057C7,ResInorgCommonIron,Iron,Common
Porrima,Porrima I-a,Moon,0005E3E4,PorrimaI-aPlanetData,61748,1,8,Inorganic,000057C9,ResInorgUncommonAlkanes_G,Alkanes,Uncommon
Porrima,Porrima I-b,Moon,0005E3E5,PorrimaI-bPlanetData,61748,1,9,Inorganic,000057D6,ResInorgCommonAluminum,Aluminum,Common
Porrima,Porrima I-b,Moon,0005E3E5,PorrimaI-bPlanetData,61748,1,9,Inorganic,000057F5,ResInorgCommonHelium3_G,Helium3,Common
Porrima,Porrima I-b,Moon,0005E3E5,PorrimaI-bPlanetData,61748,1,9,Inorganic,000057D8,ResInorgUncommonBeryllium,Beryllium,Uncommon
Porrima,Porrima I-b,Moon,0005E3E5,PorrimaI-bPlanetData,61748,1,9,Inorganic,000057E2,ResInorgExoticEuropium,Europium,Exotic
Porrima,Porrima II,Planet,0005E3E6,PorrimaIIPlanetData,61748,0,2,Inorganic,000057D5,ResInorgCommonChlorine_G,Chlorine,Common
Porrima,Porrima II,Planet,0005E3E6,PorrimaIIPlanetData,61748,0,2,Inorganic,000083EC,ResInorgCommonWater_L,Water,Common
Porrima,Porrima II,Planet,0005E3E6,PorrimaIIPlanetData,61748,0,2,Inorganic,000057DA,ResInorgRareLithium,Lithium,Rare
Porrima,Porrima II,Planet,0005E3E6,PorrimaIIPlanetData,61748,0,2,Inorganic,000057E0,ResInorgExoticCaesium_L,Caesium,Exotic
Porrima,Porrima II,Planet,0005E3E6,PorrimaIIPlanetData,61748,0,2,Organic,00077821,ResOrgCommonFiber,Fiber,Common
Porrima,Porrima II,Planet,0005E3E6,PorrimaIIPlanetData,61748,0,2,Organic,0022465F,ResOrgCommonFiberFaunaCarnivore,Fiber,Common
Porrima,Porrima II,Planet,0005E3E6,PorrimaIIPlanetData,61748,0,2,Organic,00224640,ResOrgCommonNutrientFaunaHerbivore,Nutrient,Common
Porrima,Porrima II,Planet,0005E3E6,PorrimaIIPlanetData,61748,0,2,Organic,0007782D,ResOrgCommonSealant,Sealant,Common
Porrima,Porrima II,Planet,0005E3E6,PorrimaIIPlanetData,61748,0,2,Organic,0022462C,ResOrgCommonStructuralFaunaHerbivore,Structural,Common
Porrima,Porrima II,Planet,0005E3E6,PorrimaIIPlanetData,61748,0,2,Organic,0007782E,ResOrgUncommonSpice,Spice,Uncommon
Porrima,Porrima II,Planet,0005E3E6,PorrimaIIPlanetData,61748,0,2,Organic,0022464A,ResOrgUncommonSpiceFaunaCarnivore,Spice,Uncommon
Porrima,Porrima II,Planet,0005E3E6,PorrimaIIPlanetData,61748,0,2,Organic,0022462D,ResOrgUncommonSpiceFaunaHerbivore,Spice,Uncommon
Porrima,Porrima II,Planet,0005E3E6,PorrimaIIPlanetData,61748,0,2,Organic,000777FB,ResOrgRareAromatic,Aromatic,Rare
Porrima,Porrima II,Planet,0005E3E6,PorrimaIIPlanetData,61748,0,2,Organic,00224634,ResOrgRareAromaticFaunaHerbivore,Aromatic,Rare
Porrima,Porrima II-b,Moon,0005E3E9,PorrimaII-bPlanetData,61748,2,12,Inorganic,000057D6,ResInorgCommonAluminum,Aluminum,Common
Porrima,Porrima II-b,Moon,0005E3E9,PorrimaII-bPlanetData,61748,2,12,Inorganic,000057F5,ResInorgCommonHelium3_G,Helium3,Common
Porrima,Porrima II-c,Moon,0005E3E7,PorrimaII-cPlanetData,61748,2,10,Inorganic,000057D5,ResInorgCommonChlorine_G,Chlorine,Common
Porrima,Porrima II-c,Moon,0005E3E7,PorrimaII-cPlanetData,61748,2,10,Inorganic,000057C1,ResInorgCommonLead,Lead,Common
Porrima,Porrima III,Planet,0005E3EA,PorrimaIIIPlanetData,61748,0,3,Inorganic,000057D6,ResInorgCommonAluminum,Aluminum,Common
Porrima,Porrima III,Planet,0005E3EA,PorrimaIIIPlanetData,61748,0,3,Inorganic,000057D5,ResInorgCommonChlorine_G,Chlorine,Common
Porrima,Porrima III,Planet,0005E3EA,PorrimaIIIPlanetData,61748,0,3,Inorganic,000057F5,ResInorgCommonHelium3_G,Helium3,Common
Porrima,Porrima III,Planet,0005E3EA,PorrimaIIIPlanetData,61748,0,3,Inorganic,000083EC,ResInorgCommonWater_L,Water,Common
Porrima,Porrima III,Planet,0005E3EA,PorrimaIIIPlanetData,61748,0,3,Inorganic,000057DA,ResInorgRareLithium,Lithium,Rare
Porrima,Porrima III,Planet,0005E3EA,PorrimaIIIPlanetData,61748,0,3,Organic,00077821,ResOrgCommonFiber,Fiber,Common
Porrima,Porrima III,Planet,0005E3EA,PorrimaIIIPlanetData,61748,0,3,Organic,00224641,ResOrgCommonMetabolicAgentFaunaHerbivore,MetabolicAgent,Common
Porrima,Porrima III,Planet,0005E3EA,PorrimaIIIPlanetData,61748,0,3,Organic,000777E6,ResOrgCommonNutrient,Nutrient,Common
Porrima,Porrima III,Planet,0005E3EA,PorrimaIIIPlanetData,61748,0,3,Organic,0022462E,ResOrgCommonSealantFaunaHerbivore,Sealant,Common
Porrima,Porrima III,Planet,0005E3EA,PorrimaIIIPlanetData,61748,0,3,Organic,000777FA,ResOrgCommonStructural,Structural,Common
Porrima,Porrima III,Planet,0005E3EA,PorrimaIIIPlanetData,61748,0,3,Organic,00077823,ResOrgCommonToxin,Toxin,Common
Porrima,Porrima III,Planet,0005E3EA,PorrimaIIIPlanetData,61748,0,3,Organic,00224631,ResOrgUncommonCosmeticFaunaHerbivore,Cosmetic,Uncommon
Porrima,Porrima III,Planet,0005E3EA,PorrimaIIIPlanetData,61748,0,3,Organic,00224652,ResOrgRareAnalgesicFaunaCarnivore,Analgesic,Rare
Porrima,Porrima III-a,Moon,0005E3EB,PorrimaIII-aPlanetData,61748,3,13,Inorganic,000057D6,ResInorgCommonAluminum,Aluminum,Common
Porrima,Porrima III-a,Moon,0005E3EB,PorrimaIII-aPlanetData,61748,3,13,Inorganic,000057F5,ResInorgCommonHelium3_G,Helium3,Common
Porrima,Porrima III-a,Moon,0005E3EB,PorrimaIII-aPlanetData,61748,3,13,Inorganic,000057E2,ResInorgExoticEuropium,Europium,Exotic
Porrima,Porrima III-b,Moon,0005E3EC,PorrimaIII-bPlanetData,61748,3,14,Inorganic,000057D6,ResInorgCommonAluminum,Aluminum,Common
Porrima,Porrima III-b,Moon,0005E3EC,PorrimaIII-bPlanetData,61748,3,14,Inorganic,000057F5,ResInorgCommonHelium3_G,Helium3,Common
Porrima,Porrima III-b,Moon,0005E3EC,PorrimaIII-bPlanetData,61748,3,14,Inorganic,000057D8,ResInorgUncommonBeryllium,Beryllium,Uncommon
Porrima,Porrima III-b,Moon,0005E3EC,PorrimaIII-bPlanetData,61748,3,14,Inorganic,000057DB,ResInorgRareNeodymium,Neodymium,Rare
Porrima,Porrima IV-a,Moon,0005E3EE,PorrimaIV-aPlanetData,61748,4,16,Inorganic,000057EA,ResInorgCommonArgon_G,Argon,Common
Porrima,Porrima IV-a,Moon,0005E3EE,PorrimaIV-aPlanetData,61748,4,16,Inorganic,000083EC,ResInorgCommonWater_L,Water,Common
Porrima,Porrima IV-a,Moon,0005E3EE,PorrimaIV-aPlanetData,61748,4,16,Inorganic,000057E7,ResInorgUncommonBenzene_G,Benzene,Uncommon
Porrima,Porrima IV-b,Moon,0005E3F1,PorrimaIV-bPlanetData,61748,4,19,Inorganic,000057EA,ResInorgCommonArgon_G,Argon,Common
Porrima,Porrima IV-b,Moon,0005E3F1,PorrimaIV-bPlanetData,61748,4,19,Inorganic,000083EC,ResInorgCommonWater_L,Water,Common
Porrima,Porrima IV-b,Moon,0005E3F1,PorrimaIV-bPlanetData,61748,4,19,Inorganic,000057E7,ResInorgUncommonBenzene_G,Benzene,Uncommon
Porrima,Porrima IV-c,Moon,0005E3EF,PorrimaIV-cPlanetData,61748,4,17,Inorganic,000057EA,ResInorgCommonArgon_G,Argon,Common
Porrima,Porrima IV-c,Moon,0005E3EF,PorrimaIV-cPlanetData,61748,4,17,Inorganic,000057D5,ResInorgCommonChlorine_G,Chlorine,Common
Porrima,Porrima IV-c,Moon,0005E3EF,PorrimaIV-cPlanetData,61748,4,17,Inorganic,000057C7,ResInorgCommonIron,Iron,Common
Porrima,Porrima IV-c,Moon,0005E3EF,PorrimaIV-cPlanetData,61748,4,17,Inorganic,000083EC,ResInorgCommonWater_L,Water,Common
Porrima,Porrima IV-c,Moon,0005E3EF,PorrimaIV-cPlanetData,61748,4,17,Inorganic,000057C9,ResInorgUncommonAlkanes_G,Alkanes,Uncommon
Porrima,Porrima IV-c,Moon,0005E3EF,PorrimaIV-cPlanetData,61748,4,17,Inorganic,000057D7,ResInorgUncommonChlorosilanes_L,Chlorosilanes,Uncommon
Porrima,Porrima IV-c,Moon,0005E3EF,PorrimaIV-cPlanetData,61748,4,17,Inorganic,000057E8,ResInorgRareCarboxylicAcids_L,CarboxylicAcids,Rare
Porrima,Porrima IV-c,Moon,0005E3EF,PorrimaIV-cPlanetData,61748,4,17,Inorganic,000057E9,ResInorgExoticNeon_G,Neon,Exotic
Porrima,Porrima IV-c,Moon,0005E3EF,PorrimaIV-cPlanetData,61748,4,17,Organic,00077821,ResOrgCommonFiber,Fiber,Common
Porrima,Porrima IV-c,Moon,0005E3EF,PorrimaIV-cPlanetData,61748,4,17,Organic,000777E6,ResOrgCommonNutrient,Nutrient,Common
Porrima,Porrima IV-c,Moon,0005E3EF,PorrimaIV-cPlanetData,61748,4,17,Organic,0022462E,ResOrgCommonSealantFaunaHerbivore,Sealant,Common
Porrima,Porrima IV-c,Moon,0005E3EF,PorrimaIV-cPlanetData,61748,4,17,Organic,002246D8,ResOrgUncommonAntimicrobialFaunaHerbivore,Antimicrobial,Uncommon
Porrima,Porrima IV-c,Moon,0005E3EF,PorrimaIV-cPlanetData,61748,4,17,Organic,000777F8,ResOrgUncommonCosmetic,Cosmetic,Uncommon
Porrima,Porrima IV-c,Moon,0005E3EF,PorrimaIV-cPlanetData,61748,4,17,Organic,0022464E,ResOrgUncommonCosmeticFaunaCarnivore,Cosmetic,Uncommon
Porrima,Porrima IV-d,Moon,0005E3F0,PorrimaIV-dPlanetData,61748,4,18,Inorganic,000057EA,ResInorgCommonArgon_G,Argon,Common
Porrima,Porrima IV-d,Moon,0005E3F0,PorrimaIV-dPlanetData,61748,4,18,Inorganic,000057C1,ResInorgCommonLead,Lead,Common
Porrima,Porrima IV-d,Moon,0005E3F0,PorrimaIV-dPlanetData,61748,4,18,Inorganic,000057CB,ResInorgCommonNickel,Nickel,Common
Porrima,Porrima IV-d,Moon,0005E3F0,PorrimaIV-dPlanetData,61748,4,18,Inorganic,000057EB,ResInorgCommonUranium,Uranium,Common
Porrima,Porrima IV-d,Moon,0005E3F0,PorrimaIV-dPlanetData,61748,4,18,Inorganic,000083EC,ResInorgCommonWater_L,Water,Common
Porrima,Porrima IV-d,Moon,0005E3F0,PorrimaIV-dPlanetData,61748,4,18,Inorganic,000057E8,ResInorgRareCarboxylicAcids_L,CarboxylicAcids,Rare
Porrima,Porrima IV-d,Moon,0005E3F0,PorrimaIV-dPlanetData,61748,4,18,Inorganic,000057E9,ResInorgExoticNeon_G,Neon,Exotic
Porrima,Porrima IV-d,Moon,0005E3F0,PorrimaIV-dPlanetData,61748,4,18,Inorganic,000057EE,ResInorgExoticPlutonium,Plutonium,Exotic
Porrima,Porrima V-a,Moon,0005E3F5,PorrimaV-aPlanetData,61748,5,22,Inorganic,000057EA,ResInorgCommonArgon_G,Argon,Common
Porrima,Porrima V-a,Moon,0005E3F5,PorrimaV-aPlanetData,61748,5,22,Inorganic,000057D5,ResInorgCommonChlorine_G,Chlorine,Common
Porrima,Porrima V-a,Moon,0005E3F5,PorrimaV-aPlanetData,61748,5,22,Inorganic,000057CF,ResInorgCommonCopper,Copper,Common
Porrima,Porrima V-a,Moon,0005E3F5,PorrimaV-aPlanetData,61748,5,22,Inorganic,000083EC,ResInorgCommonWater_L,Water,Common
Porrima,Porrima V-a,Moon,0005E3F5,PorrimaV-aPlanetData,61748,5,22,Inorganic,000057E7,ResInorgUncommonBenzene_G,Benzene,Uncommon
Porrima,Porrima V-a,Moon,0005E3F5,PorrimaV-aPlanetData,61748,5,22,Inorganic,000057D0,ResInorgUncommonFluorine_G,Fluorine,Uncommon
Porrima,Porrima V-a,Moon,0005E3F5,PorrimaV-aPlanetData,61748,5,22,Inorganic,000057DA,ResInorgRareLithium,Lithium,Rare
Porrima,Porrima V-a,Moon,0005E3F5,PorrimaV-aPlanetData,61748,5,22,Inorganic,000057E0,ResInorgExoticCaesium_L,Caesium,Exotic
Porrima,Porrima V-b,Moon,0005E3F4,PorrimaV-bPlanetData,61748,5,21,Inorganic,000057CF,ResInorgCommonCopper,Copper,Common
Porrima,Porrima V-b,Moon,0005E3F4,PorrimaV-bPlanetData,61748,5,21,Inorganic,000083EC,ResInorgCommonWater_L,Water,Common
Porrima,Porrima V-b,Moon,0005E3F4,PorrimaV-bPlanetData,61748,5,21,Inorganic,000057D0,ResInorgUncommonFluorine_G,Fluorine,Uncommon
Porrima,Porrima V-b,Moon,0005E3F4,PorrimaV-bPlanetData,61748,5,21,Inorganic,000057D2,ResInorgRareGold,Gold,Rare
Porrima,Porrima V-c,Moon,0005E3F3,PorrimaV-cPlanetData,61748,5,20,Inorganic,000057CF,ResInorgCommonCopper,Copper,Common
Porrima,Porrima V-c,Moon,0005E3F3,PorrimaV-cPlanetData,61748,5,20,Inorganic,000083EC,ResInorgCommonWater_L,Water,Common
Porrima,Porrima V-c,Moon,0005E3F3,PorrimaV-cPlanetData,61748,5,20,Inorganic,000057D2,ResInorgRareGold,Gold,Rare
Porrima,Porrima V-c,Moon,0005E3F3,PorrimaV-cPlanetData,61748,5,20,Inorganic,000057D3,ResInorgExoticAntimony,Antimony,Exotic
Porrima,Porrima VI,Planet,0005E3F6,PorrimaVIPlanetData,61748,0,6,Inorganic,000057D5,ResInorgCommonChlorine_G,Chlorine,Common
Porrima,Porrima VI,Planet,0005E3F6,PorrimaVIPlanetData,61748,0,6,Inorganic,000083EC,ResInorgCommonWater_L,Water,Common
Porrima,Porrima VI,Planet,0005E3F6,PorrimaVIPlanetData,61748,0,6,Inorganic,000057DA,ResInorgRareLithium,Lithium,Rare
Porrima,Porrima VI-a,Moon,0005E3F7,PorrimaVI-aPlanetData,61748,6,15,Inorganic,000057D5,ResInorgCommonChlorine_G,Chlorine,Common
Porrima,Porrima VI-a,Moon,0005E3F7,PorrimaVI-aPlanetData,61748,6,15,Inorganic,000083EC,ResInorgCommonWater_L,Water,Common
Porrima,Porrima VI-a,Moon,0005E3F7,PorrimaVI-aPlanetData,61748,6,15,Inorganic,000057D7,ResInorgUncommonChlorosilanes_L,Chlorosilanes,Uncommon
Procyon A,Procyon I,Planet,0005E4F3,ProcyonIPlanetData,37173,0,1,Inorganic,000057D5,ResInorgCommonChlorine_G,Chlorine,Common
Procyon A,Procyon I,Planet,0005E4F3,ProcyonIPlanetData,37173,0,1,Inorganic,000057CF,ResInorgCommonCopper,Copper,Common
Procyon A,Procyon I,Planet,0005E4F3,ProcyonIPlanetData,37173,0,1,Inorganic,000057C1,ResInorgCommonLead,Lead,Common
Procyon A,Procyon I,Planet,0005E4F3,ProcyonIPlanetData,37173,0,1,Inorganic,000057EB,ResInorgCommonUranium,Uranium,Common
Procyon A,Procyon I,Planet,0005E4F3,ProcyonIPlanetData,37173,0,1,Inorganic,000057D7,ResInorgUncommonChlorosilanes_L,Chlorosilanes,Uncommon
Procyon A,Procyon I,Planet,0005E4F3,ProcyonIPlanetData,37173,0,1,Inorganic,000057D0,ResInorgUncommonFluorine_G,Fluorine,Uncommon
Procyon A,Procyon I,Planet,0005E4F3,ProcyonIPlanetData,37173,0,1,Inorganic,000057EC,ResInorgUncommonIridium,Iridium,Uncommon
Procyon A,Procyon I,Planet,0005E4F3,ProcyonIPlanetData,37173,0,1,Inorganic,000057C4,ResInorgUncommonTungsten,Tungsten,Uncommon
Procyon A,Procyon II,Planet,0005E4F5,ProcyonIIPlanetData,37173,0,2,Inorganic,000057C1,ResInorgCommonLead,Lead,Common
Procyon A,Procyon II,Planet,0005E4F5,ProcyonIIPlanetData,37173,0,2,Inorganic,000057CB,ResInorgCommonNickel,Nickel,Common
Procyon A,Procyon II,Planet,0005E4F5,ProcyonIIPlanetData,37173,0,2,Inorganic,000057C6,ResInorgRareTitanium,Titanium,Rare
Procyon A,Procyon III,Planet,0005E4F6,ProcyonIIIPlanetData,37173,0,3,Inorganic,000057EA,ResInorgCommonArgon_G,Argon,Common
Procyon A,Procyon III,Planet,0005E4F6,ProcyonIIIPlanetData,37173,0,3,Inorganic,000057CF,ResInorgCommonCopper,Copper,Common
Procyon A,Procyon III,Planet,0005E4F6,ProcyonIIIPlanetData,37173,0,3,Inorganic,000083EC,ResInorgCommonWater_L,Water,Common
Procyon A,Procyon III,Planet,0005E4F6,ProcyonIIIPlanetData,37173,0,3,Inorganic,000057D0,ResInorgUncommonFluorine_G,Fluorine,Uncommon
Procyon A,Procyon III,Planet,0005E4F6,ProcyonIIIPlanetData,37173,0,3,Inorganic,000057D1,ResInorgRareTetrafluorides_G,Tetrafluorides,Rare
Procyon A,Procyon III,Planet,0005E4F6,ProcyonIIIPlanetData,37173,0,3,Inorganic,000057D4,ResInorgExoticIonicLiquids_L,IonicLiquids,Exotic
Procyon A,Procyon III,Planet,0005E4F6,ProcyonIIIPlanetData,37173,0,3,Inorganic,000057E9,ResInorgExoticNeon_G,Neon,Exotic
Procyon A,Procyon III,Planet,0005E4F6,ProcyonIIIPlanetData,37173,0,3,Organic,00077821,ResOrgCommonFiber,Fiber,Common
Procyon A,Procyon III,Planet,0005E4F6,ProcyonIIIPlanetData,37173,0,3,Organic,00224641,ResOrgCommonMetabolicAgentFaunaHerbivore,MetabolicAgent,Common
Procyon A,Procyon III,Planet,0005E4F6,ProcyonIIIPlanetData,37173,0,3,Organic,000777E6,ResOrgCommonNutrient,Nutrient,Common
Procyon A,Procyon III,Planet,0005E4F6,ProcyonIIIPlanetData,37173,0,3,Organic,0022465D,ResOrgCommonNutrientFaunaCarnivore,Nutrient,Common
Procyon A,Procyon III,Planet,0005E4F6,ProcyonIIIPlanetData,37173,0,3,Organic,0007782D,ResOrgCommonSealant,Sealant,Common
Procyon A,Procyon III,Planet,0005E4F6,ProcyonIIIPlanetData,37173,0,3,Organic,0022462E,ResOrgCommonSealantFaunaHerbivore,Sealant,Common
Procyon A,Procyon III,Planet,0005E4F6,ProcyonIIIPlanetData,37173,0,3,Organic,0022462C,ResOrgCommonStructuralFaunaHerbivore,Structural,Common
Procyon A,Procyon III,Planet,0005E4F6,ProcyonIIIPlanetData,37173,0,3,Organic,0022465B,ResOrgCommonToxinFaunaCarnivore,Toxin,Common
Procyon A,Procyon III,Planet,0005E4F6,ProcyonIIIPlanetData,37173,0,3,Organic,00077820,ResOrgUncommonAntimicrobial,Antimicrobial,Uncommon
Procyon A,Procyon III,Planet,0005E4F6,ProcyonIIIPlanetData,37173,0,3,Organic,002246D8,ResOrgUncommonAntimicrobialFaunaHerbivore,Antimicrobial,Uncommon
Procyon A,Procyon III,Planet,0005E4F6,ProcyonIIIPlanetData,37173,0,3,Organic,00077822,ResOrgUncommonOrnamental,Ornamental,Uncommon
Procyon A,Procyon III,Planet,0005E4F6,ProcyonIIIPlanetData,37173,0,3,Organic,0022464A,ResOrgUncommonSpiceFaunaCarnivore,Spice,Uncommon
Procyon A,Procyon III,Planet,0005E4F6,ProcyonIIIPlanetData,37173,0,3,Organic,00224637,ResOrgRareAdhesiveFaunaHerbivore,Adhesive,Rare
Procyon A,Procyon III,Planet,0005E4F6,ProcyonIIIPlanetData,37173,0,3,Organic,00224632,ResOrgRareSedativeFaunaHerbivore,Sedative,Rare
Procyon A,Procyon III,Planet,0005E4F6,ProcyonIIIPlanetData,37173,0,3,Organic,00224657,ResOrgExoticStimulantFaunaCarnivore,Stimulant,Exotic
Procyon A,Procyon III-a,Moon,0005E4F7,ProcyonIII-aPlanetData,37173,3,16,Inorganic,000057F5,ResInorgCommonHelium3_G,Helium3,Common
Procyon A,Procyon III-a,Moon,0005E4F7,ProcyonIII-aPlanetData,37173,3,16,Inorganic,000057C7,ResInorgCommonIron,Iron,Common
Procyon A,Procyon IV,Planet,0005E4F8,ProcyonIVPlanetData,37173,0,4,Inorganic,000057CB,ResInorgCommonNickel,Nickel,Common
Procyon A,Procyon IV,Planet,0005E4F8,ProcyonIVPlanetData,37173,0,4,Inorganic,000057EB,ResInorgCommonUranium,Uranium,Common
Procyon A,Procyon IV,Planet,0005E4F8,ProcyonIVPlanetData,37173,0,4,Inorganic,000083EC,ResInorgCommonWater_L,Water,Common
Procyon A,Procyon IV,Planet,0005E4F8,ProcyonIVPlanetData,37173,0,4,Inorganic,000057CE,ResInorgUncommonCobalt,Cobalt,Uncommon
Procyon A,Procyon IV-a,Moon,0005E4F9,ProcyonIV-aPlanetData,37173,4,9,Inorganic,000057D6,ResInorgCommonAluminum,Aluminum,Common
Procyon A,Procyon IV-a,Moon,0005E4F9,ProcyonIV-aPlanetData,37173,4,9,Inorganic,000057F5,ResInorgCommonHelium3_G,Helium3,Common
Procyon A,Procyon V-a,Moon,0005E4FD,ProcyonV-aPlanetData,37173,5,12,Inorganic,000057CB,ResInorgCommonNickel,Nickel,Common
Procyon A,Procyon V-a,Moon,0005E4FD,ProcyonV-aPlanetData,37173,5,12,Inorganic,000083EC,ResInorgCommonWater_L,Water,Common
Procyon A,Procyon V-a,Moon,0005E4FD,ProcyonV-aPlanetData,37173,5,12,Inorganic,000057CE,ResInorgUncommonCobalt,Cobalt,Uncommon
Procyon A,Procyon V-b,Moon,0005E4FC,ProcyonV-bPlanetData,37173,5,11,Inorganic,000057CB,ResInorgCommonNickel,Nickel,Common
Procyon A,Procyon V-b,Moon,0005E4FC,ProcyonV-bPlanetData,37173,5,11,Inorganic,000083EC,ResInorgCommonWater_L,Water,Common
Procyon A,Procyon V-c,Moon,0005E4FB,ProcyonV-cPlanetData,37173,5,10,Inorganic,000057EA,ResInorgCommonArgon_G,Argon,Common
Procyon A,Procyon V-c,Moon,0005E4FB,ProcyonV-cPlanetData,37173,5,10,Inorganic,000083EC,ResInorgCommonWater_L,Water,Common
Procyon A,Procyon V-c,Moon,0005E4FB,ProcyonV-cPlanetData,37173,5,10,Inorganic,000057E7,ResInorgUncommonBenzene_G,Benzene,Uncommon
Procyon A,Procyon V-c,Moon,0005E4FB,ProcyonV-cPlanetData,37173,5,10,Inorganic,000057E9,ResInorgExoticNeon_G,Neon,Exotic
Procyon A,Procyon VI-a,Moon,0005E501,ProcyonVI-aPlanetData,37173,6,15,Inorganic,000057CF,ResInorgCommonCopper,Copper,Common
Procyon A,Procyon VI-a,Moon,0005E501,ProcyonVI-aPlanetData,37173,6,15,Inorganic,000083EC,ResInorgCommonWater_L,Water,Common
Procyon A,Procyon VI-b,Moon,0005E4FF,ProcyonVI-bPlanetData,37173,6,13,Inorganic,000057EA,ResInorgCommonArgon_G,Argon,Common
Procyon A,Procyon VI-b,Moon,0005E4FF,ProcyonVI-bPlanetData,37173,6,13,Inorganic,000057C7,ResInorgCommonIron,Iron,Common
Procyon A,Procyon VI-b,Moon,0005E4FF,ProcyonVI-bPlanetData,37173,6,13,Inorganic,000057C1,ResInorgCommonLead,Lead,Common
Procyon A,Procyon VI-b,Moon,0005E4FF,ProcyonVI-bPlanetData,37173,6,13,Inorganic,000083EC,ResInorgCommonWater_L,Water,Common
Procyon A,Procyon VI-b,Moon,0005E4FF,ProcyonVI-bPlanetData,37173,6,13,Inorganic,000057E7,ResInorgUncommonBenzene_G,Benzene,Uncommon
Procyon A,Procyon VI-b,Moon,0005E4FF,ProcyonVI-bPlanetData,37173,6,13,Inorganic,000057E8,ResInorgRareCarboxylicAcids_L,CarboxylicAcids,Rare
Procyon A,Procyon VI-c,Moon,0005E500,ProcyonVI-cPlanetData,37173,6,14,Inorganic,000057CF,ResInorgCommonCopper,Copper,Common
Procyon A,Procyon VI-c,Moon,0005E500,ProcyonVI-cPlanetData,37173,6,14,Inorganic,000057C7,ResInorgCommonIron,Iron,Common
Procyon A,Procyon VI-c,Moon,0005E500,ProcyonVI-cPlanetData,37173,6,14,Inorganic,000057CB,ResInorgCommonNickel,Nickel,Common
Procyon A,Procyon VI-c,Moon,0005E500,ProcyonVI-cPlanetData,37173,6,14,Inorganic,000057EB,ResInorgCommonUranium,Uranium,Common
Procyon A,Procyon VI-c,Moon,0005E500,ProcyonVI-cPlanetData,37173,6,14,Inorganic,000083EC,ResInorgCommonWater_L,Water,Common
Procyon A,Procyon VI-c,Moon,0005E500,ProcyonVI-cPlanetData,37173,6,14,Inorganic,000057C9,ResInorgUncommonAlkanes_G,Alkanes,Uncommon
Procyon B,Procyon-B I,Planet,0021E060,Procyon-BIPlanetData,118493,0,1,Inorganic,000057D6,ResInorgCommonAluminum,Aluminum,Common
Procyon B,Procyon-B I,Planet,0021E060,Procyon-BIPlanetData,118493,0,1,Inorganic,000057F5,ResInorgCommonHelium3_G,Helium3,Common
Procyon B,Procyon-B I,Planet,0021E060,Procyon-BIPlanetData,118493,0,1,Inorganic,000057DB,ResInorgRareNeodymium,Neodymium,Rare
Proxima Ternion,Proxima Ternion I-a,Moon,0005DEFC,ProximaTernionI-aPlanetData,119059,1,8,Inorganic,000057D6,ResInorgCommonAluminum,Aluminum,Common
Proxima Ternion,Proxima Ternion I-a,Moon,0005DEFC,ProximaTernionI-aPlanetData,119059,1,8,Inorganic,000057F5,ResInorgCommonHelium3_G,Helium3,Common
Proxima Ternion,Proxima Ternion I-b,Moon,0005DEFD,ProximaTernionI-bPlanetData,119059,1,9,Inorganic,000057C1,ResInorgCommonLead,Lead,Common
Proxima Ternion,Proxima Ternion I-b,Moon,0005DEFD,ProximaTernionI-bPlanetData,119059,1,9,Inorganic,000057C3,ResInorgUncommonSilver,Silver,Uncommon
Proxima Ternion,Proxima Ternion I-c,Moon,0005DEFB,ProximaTernionI-cPlanetData,119059,1,7,Inorganic,000057F5,ResInorgCommonHelium3_G,Helium3,Common
Proxima Ternion,Proxima Ternion I-c,Moon,0005DEFB,ProximaTernionI-cPlanetData,119059,1,7,Inorganic,000057C7,ResInorgCommonIron,Iron,Common
Proxima Ternion,Proxima Ternion II,Planet,0005DEFE,ProximaTernionIIPlanetData,119059,0,2,Inorganic,000057EB,ResInorgCommonUranium,Uranium,Common
Proxima Ternion,Proxima Ternion III,Planet,0005DEFF,ProximaTernionIIIPlanetData,119059,0,3,Inorganic,000057D6,ResInorgCommonAluminum,Aluminum,Common
Proxima Ternion,Proxima Ternion III,Planet,0005DEFF,ProximaTernionIIIPlanetData,119059,0,3,Inorganic,000057D5,ResInorgCommonChlorine_G,Chlorine,Common
Proxima Ternion,Proxima Ternion III,Planet,0005DEFF,ProximaTernionIIIPlanetData,119059,0,3,Inorganic,000057CF,ResInorgCommonCopper,Copper,Common
Proxima Ternion,Proxima Ternion III,Planet,0005DEFF,ProximaTernionIIIPlanetData,119059,0,3,Inorganic,000057CB,ResInorgCommonNickel,Nickel,Common
Proxima Ternion,Proxima Ternion III,Planet,0005DEFF,ProximaTernionIIIPlanetData,119059,0,3,Inorganic,000083EC,ResInorgCommonWater_L,Water,Common
Proxima Ternion,Proxima Ternion III,Planet,0005DEFF,ProximaTernionIIIPlanetData,119059,0,3,Inorganic,000057D0,ResInorgUncommonFluorine_G,Fluorine,Uncommon
Proxima Ternion,Proxima Ternion III,Planet,0005DEFF,ProximaTernionIIIPlanetData,119059,0,3,Inorganic,000057E0,ResInorgExoticCaesium_L,Caesium,Exotic
Proxima Ternion,Proxima Ternion III,Planet,0005DEFF,ProximaTernionIIIPlanetData,119059,0,3,Organic,00077821,ResOrgCommonFiber,Fiber,Common
Proxima Ternion,Proxima Ternion III,Planet,0005DEFF,ProximaTernionIIIPlanetData,119059,0,3,Organic,00224641,ResOrgCommonMetabolicAgentFaunaHerbivore,MetabolicAgent,Common
Proxima Ternion,Proxima Ternion III,Planet,0005DEFF,ProximaTernionIIIPlanetData,119059,0,3,Organic,000777E6,ResOrgCommonNutrient,Nutrient,Common
Proxima Ternion,Proxima Ternion III,Planet,0005DEFF,ProximaTernionIIIPlanetData,119059,0,3,Organic,0007782D,ResOrgCommonSealant,Sealant,Common
Proxima Ternion,Proxima Ternion III,Planet,0005DEFF,ProximaTernionIIIPlanetData,119059,0,3,Organic,00224649,ResOrgCommonStructuralFaunaCarnivore,Structural,Common
Proxima Ternion,Proxima Ternion III,Planet,0005DEFF,ProximaTernionIIIPlanetData,119059,0,3,Organic,0022463E,ResOrgCommonToxinFaunaHerbivore,Toxin,Common
Proxima Ternion,Proxima Ternion III,Planet,0005DEFF,ProximaTernionIIIPlanetData,119059,0,3,Organic,0022463F,ResOrgUncommonOrnamentalFaunaHerbivore,Ornamental,Uncommon
Proxima Ternion,Proxima Ternion III,Planet,0005DEFF,ProximaTernionIIIPlanetData,119059,0,3,Organic,0007782B,ResOrgRareSedative,Sedative,Rare
Proxima Ternion,Proxima Ternion III,Planet,0005DEFF,ProximaTernionIIIPlanetData,119059,0,3,Organic,0022464F,ResOrgRareSedativeFaunaCarnivore,Sedative,Rare
Proxima Ternion,Proxima Ternion IV,Planet,0005DF00,ProximaTernionIVPlanetData,119059,0,4,Inorganic,000057D5,ResInorgCommonChlorine_G,Chlorine,Common
Proxima Ternion,Proxima Ternion IV,Planet,0005DF00,ProximaTernionIVPlanetData,119059,0,4,Inorganic,000057C7,ResInorgCommonIron,Iron,Common
Proxima Ternion,Proxima Ternion IV,Planet,0005DF00,ProximaTernionIVPlanetData,119059,0,4,Inorganic,000057EB,ResInorgCommonUranium,Uranium,Common
Proxima Ternion,Proxima Ternion IV,Planet,0005DF00,ProximaTernionIVPlanetData,119059,0,4,Inorganic,000083EC,ResInorgCommonWater_L,Water,Common
Proxima Ternion,Proxima Ternion IV,Planet,0005DF00,ProximaTernionIVPlanetData,119059,0,4,Inorganic,000057C9,ResInorgUncommonAlkanes_G,Alkanes,Uncommon
Proxima Ternion,Proxima Ternion IV,Planet,0005DF00,ProximaTernionIVPlanetData,119059,0,4,Inorganic,000057DA,ResInorgRareLithium,Lithium,Rare
Proxima Ternion,Proxima Ternion IV,Planet,0005DF00,ProximaTernionIVPlanetData,119059,0,4,Inorganic,000057EE,ResInorgExoticPlutonium,Plutonium,Exotic
Proxima Ternion,Proxima Ternion IV,Planet,0005DF00,ProximaTernionIVPlanetData,119059,0,4,Organic,00224649,ResOrgCommonStructuralFaunaCarnivore,Structural,Common
Proxima Ternion,Proxima Ternion IV,Planet,0005DF00,ProximaTernionIVPlanetData,119059,0,4,Organic,0022463E,ResOrgCommonToxinFaunaHerbivore,Toxin,Common
Proxima Ternion,Proxima Ternion IV-a,Moon,0005DF01,ProximaTernionIV-aPlanetData,119059,4,6,Inorganic,000057D6,ResInorgCommonAluminum,Aluminum,Common
Proxima Ternion,Proxima Ternion IV-a,Moon,0005DF01,ProximaTernionIV-aPlanetData,119059,4,6,Inorganic,000057F5,ResInorgCommonHelium3_G,Helium3,Common
Proxima Ternion,Proxima Ternion IV-a,Moon,0005DF01,ProximaTernionIV-aPlanetData,119059,4,6,Inorganic,000057E2,ResInorgExoticEuropium,Europium,Exotic
Pyraas,Pyraas I,Planet,0005DFC5,PyraasIPlanetData,68415,0,1,Inorganic,000057D6,ResInorgCommonAluminum,Aluminum,Common
Pyraas,Pyraas I,Planet,0005DFC5,PyraasIPlanetData,68415,0,1,Inorganic,000057F5,ResInorgCommonHelium3_G,Helium3,Common
Pyraas,Pyraas I,Planet,0005DFC5,PyraasIPlanetData,68415,0,1,Inorganic,000057D8,ResInorgUncommonBeryllium,Beryllium,Uncommon
Pyraas,Pyraas II,Planet,0005DFC6,PyraasIIPlanetData,68415,0,2,Inorganic,000057EA,ResInorgCommonArgon_G,Argon,Common
Pyraas,Pyraas II,Planet,0005DFC6,PyraasIIPlanetData,68415,0,2,Inorganic,000057D5,ResInorgCommonChlorine_G,Chlorine,Common
Pyraas,Pyraas II,Planet,0005DFC6,PyraasIIPlanetData,68415,0,2,Inorganic,000057C1,ResInorgCommonLead,Lead,Common
Pyraas,Pyraas II,Planet,0005DFC6,PyraasIIPlanetData,68415,0,2,Inorganic,000057EB,ResInorgCommonUranium,Uranium,Common
Pyraas,Pyraas II,Planet,0005DFC6,PyraasIIPlanetData,68415,0,2,Inorganic,000083EC,ResInorgCommonWater_L,Water,Common
Pyraas,Pyraas II,Planet,0005DFC6,PyraasIIPlanetData,68415,0,2,Inorganic,000057D7,ResInorgUncommonChlorosilanes_L,Chlorosilanes,Uncommon
Pyraas,Pyraas II,Planet,0005DFC6,PyraasIIPlanetData,68415,0,2,Inorganic,000057EC,ResInorgUncommonIridium,Iridium,Uncommon
Pyraas,Pyraas II,Planet,0005DFC6,PyraasIIPlanetData,68415,0,2,Inorganic,000057C6,ResInorgRareTitanium,Titanium,Rare
Pyraas,Pyraas II,Planet,0005DFC6,PyraasIIPlanetData,68415,0,2,Organic,00077821,ResOrgCommonFiber,Fiber,Common
Pyraas,Pyraas II,Planet,0005DFC6,PyraasIIPlanetData,68415,0,2,Organic,0029F3FD,ResOrgCommonMetabolicAgent,MetabolicAgent,Common
Pyraas,Pyraas II,Planet,0005DFC6,PyraasIIPlanetData,68415,0,2,Organic,00224641,ResOrgCommonMetabolicAgentFaunaHerbivore,MetabolicAgent,Common
Pyraas,Pyraas II,Planet,0005DFC6,PyraasIIPlanetData,68415,0,2,Organic,000777E6,ResOrgCommonNutrient,Nutrient,Common
Pyraas,Pyraas II,Planet,0005DFC6,PyraasIIPlanetData,68415,0,2,Organic,00224640,ResOrgCommonNutrientFaunaHerbivore,Nutrient,Common
Pyraas,Pyraas II,Planet,0005DFC6,PyraasIIPlanetData,68415,0,2,Organic,0007782D,ResOrgCommonSealant,Sealant,Common
Pyraas,Pyraas II,Planet,0005DFC6,PyraasIIPlanetData,68415,0,2,Organic,0022462C,ResOrgCommonStructuralFaunaHerbivore,Structural,Common
Pyraas,Pyraas II,Planet,0005DFC6,PyraasIIPlanetData,68415,0,2,Organic,00077823,ResOrgCommonToxin,Toxin,Common
Pyraas,Pyraas II,Planet,0005DFC6,PyraasIIPlanetData,68415,0,2,Organic,002246D8,ResOrgUncommonAntimicrobialFaunaHerbivore,Antimicrobial,Uncommon
Pyraas,Pyraas II,Planet,0005DFC6,PyraasIIPlanetData,68415,0,2,Organic,00224631,ResOrgUncommonCosmeticFaunaHerbivore,Cosmetic,Uncommon
Pyraas,Pyraas II,Planet,0005DFC6,PyraasIIPlanetData,68415,0,2,Organic,0022464D,ResOrgUncommonMembraneFaunaCarnivore,Membrane,Uncommon
Pyraas,Pyraas II,Planet,0005DFC6,PyraasIIPlanetData,68415,0,2,Organic,00077822,ResOrgUncommonOrnamental,Ornamental,Uncommon
Pyraas,Pyraas II,Planet,0005DFC6,PyraasIIPlanetData,68415,0,2,Organic,0007782E,ResOrgUncommonSpice,Spice,Uncommon
Pyraas,Pyraas II,Planet,0005DFC6,PyraasIIPlanetData,68415,0,2,Organic,00224654,ResOrgRareAdhesiveFaunaCarnivore,Adhesive,Rare
Pyraas,Pyraas II,Planet,0005DFC6,PyraasIIPlanetData,68415,0,2,Organic,0029F403,ResOrgRareHallucinogen,Hallucinogen,Rare
Pyraas,Pyraas II,Planet,0005DFC6,PyraasIIPlanetData,68415,0,2,Organic,00224655,ResOrgExoticSolventFaunaCarnivore,Solvent,Exotic
Pyraas,Pyraas II-a,Moon,0005DFC7,PyraasII-aPlanetData,68415,2,11,Inorganic,000057D6,ResInorgCommonAluminum,Aluminum,Common
Pyraas,Pyraas II-a,Moon,0005DFC7,PyraasII-aPlanetData,68415,2,11,Inorganic,000057F5,ResInorgCommonHelium3_G,Helium3,Common
Pyraas,Pyraas II-a,Moon,0005DFC7,PyraasII-aPlanetData,68415,2,11,Inorganic,000057D8,ResInorgUncommonBeryllium,Beryllium,Uncommon
Pyraas,Pyraas III,Planet,0005DFC8,PyraasIIIPlanetData,68415,0,3,Inorganic,000057D5,ResInorgCommonChlorine_G,Chlorine,Common
Pyraas,Pyraas III,Planet,0005DFC8,PyraasIIIPlanetData,68415,0,3,Inorganic,000057CB,ResInorgCommonNickel,Nickel,Common
Pyraas,Pyraas III,Planet,0005DFC8,PyraasIIIPlanetData,68415,0,3,Inorganic,000057EB,ResInorgCommonUranium,Uranium,Common
Pyraas,Pyraas III,Planet,0005DFC8,PyraasIIIPlanetData,68415,0,3,Inorganic,000083EC,ResInorgCommonWater_L,Water,Common
Pyraas,Pyraas III,Planet,0005DFC8,PyraasIIIPlanetData,68415,0,3,Inorganic,000057D7,ResInorgUncommonChlorosilanes_L,Chlorosilanes,Uncommon
Pyraas,Pyraas III,Planet,0005DFC8,PyraasIIIPlanetData,68415,0,3,Inorganic,000057CE,ResInorgUncommonCobalt,Cobalt,Uncommon
Pyraas,Pyraas III,Planet,0005DFC8,PyraasIIIPlanetData,68415,0,3,Inorganic,000057ED,ResInorgRareVanadium,Vanadium,Rare
Pyraas,Pyraas III,Planet,0005DFC8,PyraasIIIPlanetData,68415,0,3,Inorganic,000057E0,ResInorgExoticCaesium_L,Caesium,Exotic
Pyraas,Pyraas III-a,Moon,0005DFCA,PyraasIII-aPlanetData,68415,3,12,Inorganic,000057D6,ResInorgCommonAluminum,Aluminum,Common
Pyraas,Pyraas III-a,Moon,0005DFCA,PyraasIII-aPlanetData,68415,3,12,Inorganic,000057F5,ResInorgCommonHelium3_G,Helium3,Common
Pyraas,Pyraas III-a,Moon,0005DFCA,PyraasIII-aPlanetData,68415,3,12,Inorganic,000057D8,ResInorgUncommonBeryllium,Beryllium,Uncommon
Pyraas,Pyraas III-b,Moon,0005DFC9,PyraasIII-bPlanetData,68415,3,23,Inorganic,000057D6,ResInorgCommonAluminum,Aluminum,Common
Pyraas,Pyraas III-b,Moon,0005DFC9,PyraasIII-bPlanetData,68415,3,23,Inorganic,000057F5,ResInorgCommonHelium3_G,Helium3,Common
Pyraas,Pyraas IV,Planet,0005DFCB,PyraasIVPlanetData,68415,0,4,Inorganic,000057D5,ResInorgCommonChlorine_G,Chlorine,Common
Pyraas,Pyraas IV,Planet,0005DFCB,PyraasIVPlanetData,68415,0,4,Inorganic,000057C7,ResInorgCommonIron,Iron,Common
Pyraas,Pyraas IV,Planet,0005DFCB,PyraasIVPlanetData,68415,0,4,Inorganic,000057CB,ResInorgCommonNickel,Nickel,Common
Pyraas,Pyraas IV,Planet,0005DFCB,PyraasIVPlanetData,68415,0,4,Inorganic,000057EB,ResInorgCommonUranium,Uranium,Common
Pyraas,Pyraas IV,Planet,0005DFCB,PyraasIVPlanetData,68415,0,4,Inorganic,000083EC,ResInorgCommonWater_L,Water,Common
Pyraas,Pyraas IV,Planet,0005DFCB,PyraasIVPlanetData,68415,0,4,Inorganic,000057C9,ResInorgUncommonAlkanes_G,Alkanes,Uncommon
Pyraas,Pyraas IV,Planet,0005DFCB,PyraasIVPlanetData,68415,0,4,Inorganic,000057D7,ResInorgUncommonChlorosilanes_L,Chlorosilanes,Uncommon
Pyraas,Pyraas IV,Planet,0005DFCB,PyraasIVPlanetData,68415,0,4,Inorganic,000057CC,ResInorgRarePlatinum,Platinum,Rare
Pyraas,Pyraas V,Planet,0005DFCC,PyraasVPlanetData,68415,0,5,Inorganic,000057CF,ResInorgCommonCopper,Copper,Common
Pyraas,Pyraas V,Planet,0005DFCC,PyraasVPlanetData,68415,0,5,Inorganic,000057C1,ResInorgCommonLead,Lead,Common
Pyraas,Pyraas V,Planet,0005DFCC,PyraasVPlanetData,68415,0,5,Inorganic,000083EC,ResInorgCommonWater_L,Water,Common
Pyraas,Pyraas VI-a,Moon,0005DFCE,PyraasVI-aPlanetData,68415,6,19,Inorganic,000057D5,ResInorgCommonChlorine_G,Chlorine,Common
Pyraas,Pyraas VI-a,Moon,0005DFCE,PyraasVI-aPlanetData,68415,6,19,Inorganic,000057C7,ResInorgCommonIron,Iron,Common
Pyraas,Pyraas VI-a,Moon,0005DFCE,PyraasVI-aPlanetData,68415,6,19,Inorganic,000057CB,ResInorgCommonNickel,Nickel,Common
Pyraas,Pyraas VI-a,Moon,0005DFCE,PyraasVI-aPlanetData,68415,6,19,Inorganic,000057EB,ResInorgCommonUranium,Uranium,Common
Pyraas,Pyraas VI-a,Moon,0005DFCE,PyraasVI-aPlanetData,68415,6,19,Inorganic,000083EC,ResInorgCommonWater_L,Water,Common
Pyraas,Pyraas VI-a,Moon,0005DFCE,PyraasVI-aPlanetData,68415,6,19,Inorganic,000057C9,ResInorgUncommonAlkanes_G,Alkanes,Uncommon
Pyraas,Pyraas VI-a,Moon,0005DFCE,PyraasVI-aPlanetData,68415,6,19,Inorganic,000057EC,ResInorgUncommonIridium,Iridium,Uncommon
Pyraas,Pyraas VI-a,Moon,0005DFCE,PyraasVI-aPlanetData,68415,6,19,Inorganic,000057DA,ResInorgRareLithium,Lithium,Rare
Pyraas,Pyraas VI-b,Moon,0005DFD1,PyraasVI-bPlanetData,68415,6,22,Inorganic,000057CB,ResInorgCommonNickel,Nickel,Common
Pyraas,Pyraas VI-b,Moon,0005DFD1,PyraasVI-bPlanetData,68415,6,22,Inorganic,000083EC,ResInorgCommonWater_L,Water,Common
Pyraas,Pyraas VI-b,Moon,0005DFD1,PyraasVI-bPlanetData,68415,6,22,Inorganic,000057CE,ResInorgUncommonCobalt,Cobalt,Uncommon
Pyraas,Pyraas VI-c,Moon,0005DFCF,PyraasVI-cPlanetData,68415,6,20,Inorganic,000057C1,ResInorgCommonLead,Lead,Common
Pyraas,Pyraas VI-c,Moon,0005DFCF,PyraasVI-cPlanetData,68415,6,20,Inorganic,000083EC,ResInorgCommonWater_L,Water,Common
Pyraas,Pyraas VI-d,Moon,0005DFD0,PyraasVI-dPlanetData,68415,6,21,Inorganic,000057C1,ResInorgCommonLead,Lead,Common
Pyraas,Pyraas VI-d,Moon,0005DFD0,PyraasVI-dPlanetData,68415,6,21,Inorganic,000083EC,ResInorgCommonWater_L,Water,Common
Pyraas,Pyraas VII,Planet,0005DFD2,PyraasVIIPlanetData,68415,0,7,Inorganic,000057CF,ResInorgCommonCopper,Copper,Common
Pyraas,Pyraas VII,Planet,0005DFD2,PyraasVIIPlanetData,68415,0,7,Inorganic,000057C7,ResInorgCommonIron,Iron,Common
Pyraas,Pyraas VII,Planet,0005DFD2,PyraasVIIPlanetData,68415,0,7,Inorganic,000057EB,ResInorgCommonUranium,Uranium,Common
Pyraas,Pyraas VII,Planet,0005DFD2,PyraasVIIPlanetData,68415,0,7,Inorganic,000083EC,ResInorgCommonWater_L,Water,Common
Pyraas,Pyraas VII,Planet,0005DFD2,PyraasVIIPlanetData,68415,0,7,Inorganic,000057C9,ResInorgUncommonAlkanes_G,Alkanes,Uncommon
Pyraas,Pyraas VII,Planet,0005DFD2,PyraasVIIPlanetData,68415,0,7,Inorganic,000057D0,ResInorgUncommonFluorine_G,Fluorine,Uncommon
Pyraas,Pyraas VII,Planet,0005DFD2,PyraasVIIPlanetData,68415,0,7,Inorganic,000057EC,ResInorgUncommonIridium,Iridium,Uncommon
Pyraas,Pyraas VII,Planet,0005DFD2,PyraasVIIPlanetData,68415,0,7,Inorganic,000057ED,ResInorgRareVanadium,Vanadium,Rare
Pyraas,Pyraas VII-a,Moon,0005DFD3,PyraasVII-aPlanetData,68415,7,13,Inorganic,000057CF,ResInorgCommonCopper,Copper,Common
Pyraas,Pyraas VII-a,Moon,0005DFD3,PyraasVII-aPlanetData,68415,7,13,Inorganic,000083EC,ResInorgCommonWater_L,Water,Common
Pyraas,Pyraas VII-a,Moon,0005DFD3,PyraasVII-aPlanetData,68415,7,13,Inorganic,000057D0,ResInorgUncommonFluorine_G,Fluorine,Uncommon
Pyraas,Pyraas VII-a,Moon,0005DFD3,PyraasVII-aPlanetData,68415,7,13,Inorganic,000057D4,ResInorgExoticIonicLiquids_L,IonicLiquids,Exotic
Pyraas,Pyraas VII-b,Moon,0005DFD4,PyraasVII-bPlanetData,68415,7,14,Inorganic,000057EA,ResInorgCommonArgon_G,Argon,Common
Pyraas,Pyraas VII-b,Moon,0005DFD4,PyraasVII-bPlanetData,68415,7,14,Inorganic,000057D5,ResInorgCommonChlorine_G,Chlorine,Common
Pyraas,Pyraas VII-b,Moon,0005DFD4,PyraasVII-bPlanetData,68415,7,14,Inorganic,000083EC,ResInorgCommonWater_L,Water,Common
Pyraas,Pyraas VII-b,Moon,0005DFD4,PyraasVII-bPlanetData,68415,7,14,Inorganic,000057D7,ResInorgUncommonChlorosilanes_L,Chlorosilanes,Uncommon
Pyraas,Pyraas VII-b,Moon,0005DFD4,PyraasVII-bPlanetData,68415,7,14,Inorganic,000057DA,ResInorgRareLithium,Lithium,Rare
Pyraas,Pyraas VII-b,Moon,0005DFD4,PyraasVII-bPlanetData,68415,7,14,Organic,0007782D,ResOrgCommonSealant,Sealant,Common
Pyraas,Pyraas VII-b,Moon,0005DFD4,PyraasVII-bPlanetData,68415,7,14,Organic,000777F8,ResOrgUncommonCosmetic,Cosmetic,Uncommon
Pyraas,Pyraas VIII-a,Moon,0005DFD9,PyraasVIII-aPlanetData,68415,8,18,Inorganic,000057D6,ResInorgCommonAluminum,Aluminum,Common
Pyraas,Pyraas VIII-a,Moon,0005DFD9,PyraasVIII-aPlanetData,68415,8,18,Inorganic,000057D5,ResInorgCommonChlorine_G,Chlorine,Common
Pyraas,Pyraas VIII-a,Moon,0005DFD9,PyraasVIII-aPlanetData,68415,8,18,Inorganic,000057F5,ResInorgCommonHelium3_G,Helium3,Common
Pyraas,Pyraas VIII-a,Moon,0005DFD9,PyraasVIII-aPlanetData,68415,8,18,Inorganic,000057C7,ResInorgCommonIron,Iron,Common
Pyraas,Pyraas VIII-a,Moon,0005DFD9,PyraasVIII-aPlanetData,68415,8,18,Inorganic,000057C1,ResInorgCommonLead,Lead,Common
Pyraas,Pyraas VIII-a,Moon,0005DFD9,PyraasVIII-aPlanetData,68415,8,18,Inorganic,000057CB,ResInorgCommonNickel,Nickel,Common
Pyraas,Pyraas VIII-a,Moon,0005DFD9,PyraasVIII-aPlanetData,68415,8,18,Inorganic,000083EC,ResInorgCommonWater_L,Water,Common
Pyraas,Pyraas VIII-a,Moon,0005DFD9,PyraasVIII-aPlanetData,68415,8,18,Inorganic,000057D7,ResInorgUncommonChlorosilanes_L,Chlorosilanes,Uncommon
Pyraas,Pyraas VIII-a,Moon,0005DFD9,PyraasVIII-aPlanetData,68415,8,18,Organic,0022464B,ResOrgCommonSealantFaunaCarnivore,Sealant,Common
Pyraas,Pyraas VIII-a,Moon,0005DFD9,PyraasVIII-aPlanetData,68415,8,18,Organic,00224632,ResOrgRareSedativeFaunaHerbivore,Sedative,Rare
Pyraas,Pyraas VIII-b,Moon,0005DFD8,PyraasVIII-bPlanetData,68415,8,17,Inorganic,000057D6,ResInorgCommonAluminum,Aluminum,Common
Pyraas,Pyraas VIII-b,Moon,0005DFD8,PyraasVIII-bPlanetData,68415,8,17,Inorganic,000057F5,ResInorgCommonHelium3_G,Helium3,Common
Pyraas,Pyraas VIII-b,Moon,0005DFD8,PyraasVIII-bPlanetData,68415,8,17,Inorganic,000057DB,ResInorgRareNeodymium,Neodymium,Rare
Pyraas,Pyraas VIII-c,Moon,0005DFD6,PyraasVIII-cPlanetData,68415,8,15,Inorganic,000057CF,ResInorgCommonCopper,Copper,Common
Pyraas,Pyraas VIII-c,Moon,0005DFD6,PyraasVIII-cPlanetData,68415,8,15,Inorganic,000083EC,ResInorgCommonWater_L,Water,Common
Pyraas,Pyraas VIII-c,Moon,0005DFD6,PyraasVIII-cPlanetData,68415,8,15,Inorganic,000057D2,ResInorgRareGold,Gold,Rare
Pyraas,Pyraas VIII-d,Moon,0005DFD7,PyraasVIII-dPlanetData,68415,8,16,Inorganic,000057CF,ResInorgCommonCopper,Copper,Common
Pyraas,Pyraas VIII-d,Moon,0005DFD7,PyraasVIII-dPlanetData,68415,8,16,Inorganic,000083EC,ResInorgCommonWater_L,Water,Common
Rana,Rana I,Planet,0005DF97,RanaIPlanetData,69766,0,1,Inorganic,000057C7,ResInorgCommonIron,Iron,Common
Rana,Rana I,Planet,0005DF97,RanaIPlanetData,69766,0,1,Inorganic,000057C1,ResInorgCommonLead,Lead,Common
Rana,Rana I,Planet,0005DF97,RanaIPlanetData,69766,0,1,Inorganic,000057EB,ResInorgCommonUranium,Uranium,Common
Rana,Rana I,Planet,0005DF97,RanaIPlanetData,69766,0,1,Inorganic,000057C9,ResInorgUncommonAlkanes_G,Alkanes,Uncommon
Rana,Rana I,Planet,0005DF97,RanaIPlanetData,69766,0,1,Inorganic,000057C4,ResInorgUncommonTungsten,Tungsten,Uncommon
Rana,Rana I,Planet,0005DF97,RanaIPlanetData,69766,0,1,Inorganic,000057C8,ResInorgRareTantalum,Tantalum,Rare
Rana,Rana I,Planet,0005DF97,RanaIPlanetData,69766,0,1,Inorganic,000057C6,ResInorgRareTitanium,Titanium,Rare
Rana,Rana I,Planet,0005DF97,RanaIPlanetData,69766,0,1,Inorganic,000057ED,ResInorgRareVanadium,Vanadium,Rare
Rana,Rana I-a,Moon,0005DF9A,RanaI-aPlanetData,69766,1,13,Inorganic,000057D6,ResInorgCommonAluminum,Aluminum,Common
Rana,Rana I-a,Moon,0005DF9A,RanaI-aPlanetData,69766,1,13,Inorganic,000057F5,ResInorgCommonHelium3_G,Helium3,Common
Rana,Rana I-b,Moon,0005DF98,RanaI-bPlanetData,69766,1,11,Inorganic,000057F5,ResInorgCommonHelium3_G,Helium3,Common
Rana,Rana I-b,Moon,0005DF98,RanaI-bPlanetData,69766,1,11,Inorganic,000057C7,ResInorgCommonIron,Iron,Common
Rana,Rana I-c,Moon,0005DF99,RanaI-cPlanetData,69766,1,12,Inorganic,000057D6,ResInorgCommonAluminum,Aluminum,Common
Rana,Rana I-c,Moon,0005DF99,RanaI-cPlanetData,69766,1,12,Inorganic,000057F5,ResInorgCommonHelium3_G,Helium3,Common
Rana,Rana I-c,Moon,0005DF99,RanaI-cPlanetData,69766,1,12,Inorganic,000057D8,ResInorgUncommonBeryllium,Beryllium,Uncommon
Rana,Rana II,Planet,0005DF9B,RanaIIPlanetData,69766,0,2,Inorganic,000057D5,ResInorgCommonChlorine_G,Chlorine,Common
Rana,Rana II,Planet,0005DF9B,RanaIIPlanetData,69766,0,2,Inorganic,000057C1,ResInorgCommonLead,Lead,Common
Rana,Rana II,Planet,0005DF9B,RanaIIPlanetData,69766,0,2,Inorganic,000057EB,ResInorgCommonUranium,Uranium,Common
Rana,Rana II,Planet,0005DF9B,RanaIIPlanetData,69766,0,2,Inorganic,000057C3,ResInorgUncommonSilver,Silver,Uncommon
Rana,Rana II-a,Moon,0005DF9C,RanaII-aPlanetData,69766,2,14,Inorganic,000057D6,ResInorgCommonAluminum,Aluminum,Common
Rana,Rana II-a,Moon,0005DF9C,RanaII-aPlanetData,69766,2,14,Inorganic,000057F5,ResInorgCommonHelium3_G,Helium3,Common
Rana,Rana II-a,Moon,0005DF9C,RanaII-aPlanetData,69766,2,14,Inorganic,000057D8,ResInorgUncommonBeryllium,Beryllium,Uncommon
Rana,Rana III,Planet,0005DF9D,RanaIIIPlanetData,69766,0,3,Inorganic,000057D6,ResInorgCommonAluminum,Aluminum,Common
Rana,Rana III,Planet,0005DF9D,RanaIIIPlanetData,69766,0,3,Inorganic,000057EA,ResInorgCommonArgon_G,Argon,Common
Rana,Rana III,Planet,0005DF9D,RanaIIIPlanetData,69766,0,3,Inorganic,000057C1,ResInorgCommonLead,Lead,Common
Rana,Rana III,Planet,0005DF9D,RanaIIIPlanetData,69766,0,3,Inorganic,000057CB,ResInorgCommonNickel,Nickel,Common
Rana,Rana III,Planet,0005DF9D,RanaIIIPlanetData,69766,0,3,Inorganic,000083EC,ResInorgCommonWater_L,Water,Common
Rana,Rana III,Planet,0005DF9D,RanaIIIPlanetData,69766,0,3,Inorganic,000057E7,ResInorgUncommonBenzene_G,Benzene,Uncommon
Rana,Rana III,Planet,0005DF9D,RanaIIIPlanetData,69766,0,3,Inorganic,000057C4,ResInorgUncommonTungsten,Tungsten,Uncommon
Rana,Rana III,Planet,0005DF9D,RanaIIIPlanetData,69766,0,3,Inorganic,000057CC,ResInorgRarePlatinum,Platinum,Rare
Rana,Rana III,Planet,0005DF9D,RanaIIIPlanetData,69766,0,3,Organic,0029F3FD,ResOrgCommonMetabolicAgent,MetabolicAgent,Common
Rana,Rana III,Planet,0005DF9D,RanaIIIPlanetData,69766,0,3,Organic,00224641,ResOrgCommonMetabolicAgentFaunaHerbivore,MetabolicAgent,Common
Rana,Rana III,Planet,0005DF9D,RanaIIIPlanetData,69766,0,3,Organic,00224640,ResOrgCommonNutrientFaunaHerbivore,Nutrient,Common
Rana,Rana III,Planet,0005DF9D,RanaIIIPlanetData,69766,0,3,Organic,0022464B,ResOrgCommonSealantFaunaCarnivore,Sealant,Common
Rana,Rana III,Planet,0005DF9D,RanaIIIPlanetData,69766,0,3,Organic,000777FA,ResOrgCommonStructural,Structural,Common
Rana,Rana III,Planet,0005DF9D,RanaIIIPlanetData,69766,0,3,Organic,00077823,ResOrgCommonToxin,Toxin,Common
Rana,Rana III,Planet,0005DF9D,RanaIIIPlanetData,69766,0,3,Organic,0022463E,ResOrgCommonToxinFaunaHerbivore,Toxin,Common
Rana,Rana III,Planet,0005DF9D,RanaIIIPlanetData,69766,0,3,Organic,00077820,ResOrgUncommonAntimicrobial,Antimicrobial,Uncommon
Rana,Rana III,Planet,0005DF9D,RanaIIIPlanetData,69766,0,3,Organic,002246D8,ResOrgUncommonAntimicrobialFaunaHerbivore,Antimicrobial,Uncommon
Rana,Rana III,Planet,0005DF9D,RanaIIIPlanetData,69766,0,3,Organic,0007782C,ResOrgUncommonMembrane,Membrane,Uncommon
Rana,Rana III,Planet,0005DF9D,RanaIIIPlanetData,69766,0,3,Organic,0022465C,ResOrgUncommonOrnamentalFaunaCarnivore,Ornamental,Uncommon
Rana,Rana III,Planet,0005DF9D,RanaIIIPlanetData,69766,0,3,Organic,0022463F,ResOrgUncommonOrnamentalFaunaHerbivore,Ornamental,Uncommon
Rana,Rana III,Planet,0005DF9D,RanaIIIPlanetData,69766,0,3,Organic,0022462F,ResOrgUncommonPigmentFaunaHerbivore,Pigment,Uncommon
Rana,Rana III,Planet,0005DF9D,RanaIIIPlanetData,69766,0,3,Organic,00224653,ResOrgRareAminoAcidsFaunaCarnivore,AminoAcids,Rare
Rana,Rana III,Planet,0005DF9D,RanaIIIPlanetData,69766,0,3,Organic,00224651,ResOrgRareAromaticFaunaCarnivore,Aromatic,Rare
Rana,Rana III-a,Moon,0005DF9E,RanaIII-aPlanetData,69766,3,15,Inorganic,000057F5,ResInorgCommonHelium3_G,Helium3,Common
Rana,Rana III-a,Moon,0005DF9E,RanaIII-aPlanetData,69766,3,15,Inorganic,000057C7,ResInorgCommonIron,Iron,Common
Rana,Rana III-a,Moon,0005DF9E,RanaIII-aPlanetData,69766,3,15,Inorganic,000057CA,ResInorgExoticYtterbium,Ytterbium,Exotic
Rana,Rana IV,Planet,0005DF9F,RanaIVPlanetData,69766,0,4,Inorganic,000057EA,ResInorgCommonArgon_G,Argon,Common
Rana,Rana IV,Planet,0005DF9F,RanaIVPlanetData,69766,0,4,Inorganic,000057C1,ResInorgCommonLead,Lead,Common
Rana,Rana IV,Planet,0005DF9F,RanaIVPlanetData,69766,0,4,Inorganic,000083EC,ResInorgCommonWater_L,Water,Common
Rana,Rana IV,Planet,0005DF9F,RanaIVPlanetData,69766,0,4,Inorganic,000057E7,ResInorgUncommonBenzene_G,Benzene,Uncommon
Rana,Rana IV,Planet,0005DF9F,RanaIVPlanetData,69766,0,4,Inorganic,000057C3,ResInorgUncommonSilver,Silver,Uncommon
Rana,Rana IV,Planet,0005DF9F,RanaIVPlanetData,69766,0,4,Organic,0022465E,ResOrgCommonMetabolicAgentFaunaCarnivore,MetabolicAgent,Common
Rana,Rana IV,Planet,0005DF9F,RanaIVPlanetData,69766,0,4,Organic,00224640,ResOrgCommonNutrientFaunaHerbivore,Nutrient,Common
Rana,Rana IV,Planet,0005DF9F,RanaIVPlanetData,69766,0,4,Organic,000777FA,ResOrgCommonStructural,Structural,Common
Rana,Rana IV,Planet,0005DF9F,RanaIVPlanetData,69766,0,4,Organic,0022462C,ResOrgCommonStructuralFaunaHerbivore,Structural,Common
Rana,Rana IV,Planet,0005DF9F,RanaIVPlanetData,69766,0,4,Organic,0029F40C,ResOrgExoticHypercatalyst,Hypercatalyst,Exotic
Rana,Rana IV,Planet,0005DF9F,RanaIVPlanetData,69766,0,4,Organic,00224659,ResOrgExoticHypercatalystFaunaCarnivore,Hypercatalyst,Exotic
Rana,Rana IX-a,Moon,0005DFAE,RanaIX-aPlanetData,69766,9,25,Inorganic,000057D5,ResInorgCommonChlorine_G,Chlorine,Common
Rana,Rana IX-a,Moon,0005DFAE,RanaIX-aPlanetData,69766,9,25,Inorganic,000083EC,ResInorgCommonWater_L,Water,Common
Rana,Rana IX-b,Moon,0005DFAD,RanaIX-bPlanetData,69766,9,24,Inorganic,000057CF,ResInorgCommonCopper,Copper,Common
Rana,Rana IX-b,Moon,0005DFAD,RanaIX-bPlanetData,69766,9,24,Inorganic,000083EC,ResInorgCommonWater_L,Water,Common
Rana,Rana V,Planet,0005DFA0,RanaVPlanetData,69766,0,5,Inorganic,000057EA,ResInorgCommonArgon_G,Argon,Common
Rana,Rana V,Planet,0005DFA0,RanaVPlanetData,69766,0,5,Inorganic,000057CF,ResInorgCommonCopper,Copper,Common
Rana,Rana V,Planet,0005DFA0,RanaVPlanetData,69766,0,5,Inorganic,000057C1,ResInorgCommonLead,Lead,Common
Rana,Rana V,Planet,0005DFA0,RanaVPlanetData,69766,0,5,Inorganic,000083EC,ResInorgCommonWater_L,Water,Common
Rana,Rana V,Planet,0005DFA0,RanaVPlanetData,69766,0,5,Inorganic,000057D0,ResInorgUncommonFluorine_G,Fluorine,Uncommon
Rana,Rana V,Planet,0005DFA0,RanaVPlanetData,69766,0,5,Inorganic,000057C4,ResInorgUncommonTungsten,Tungsten,Uncommon
Rana,Rana V,Planet,0005DFA0,RanaVPlanetData,69766,0,5,Inorganic,000057C6,ResInorgRareTitanium,Titanium,Rare
Rana,Rana V-a,Moon,0005DFA1,RanaV-aPlanetData,69766,5,16,Inorganic,000057D6,ResInorgCommonAluminum,Aluminum,Common
Rana,Rana V-a,Moon,0005DFA1,RanaV-aPlanetData,69766,5,16,Inorganic,000057F5,ResInorgCommonHelium3_G,Helium3,Common
Rana,Rana V-a,Moon,0005DFA1,RanaV-aPlanetData,69766,5,16,Inorganic,000057D8,ResInorgUncommonBeryllium,Beryllium,Uncommon
Rana,Rana V-a,Moon,0005DFA1,RanaV-aPlanetData,69766,5,16,Inorganic,000057DB,ResInorgRareNeodymium,Neodymium,Rare
Rana,Rana VI-a,Moon,0005DFA3,RanaVI-aPlanetData,69766,6,17,Inorganic,000057D6,ResInorgCommonAluminum,Aluminum,Common
Rana,Rana VI-a,Moon,0005DFA3,RanaVI-aPlanetData,69766,6,17,Inorganic,000083EC,ResInorgCommonWater_L,Water,Common
Rana,Rana VI-a,Moon,0005DFA3,RanaVI-aPlanetData,69766,6,17,Inorganic,000057D8,ResInorgUncommonBeryllium,Beryllium,Uncommon
Rana,Rana VI-a,Moon,0005DFA3,RanaVI-aPlanetData,69766,6,17,Organic,000777E6,ResOrgCommonNutrient,Nutrient,Common
Rana,Rana VI-a,Moon,0005DFA3,RanaVI-aPlanetData,69766,6,17,Organic,00224640,ResOrgCommonNutrientFaunaHerbivore,Nutrient,Common
Rana,Rana VI-a,Moon,0005DFA3,RanaVI-aPlanetData,69766,6,17,Organic,0007782D,ResOrgCommonSealant,Sealant,Common
Rana,Rana VI-a,Moon,0005DFA3,RanaVI-aPlanetData,69766,6,17,Organic,0022464B,ResOrgCommonSealantFaunaCarnivore,Sealant,Common
Rana,Rana VI-a,Moon,0005DFA3,RanaVI-aPlanetData,69766,6,17,Organic,0022463E,ResOrgCommonToxinFaunaHerbivore,Toxin,Common
Rana,Rana VI-a,Moon,0005DFA3,RanaVI-aPlanetData,69766,6,17,Organic,00077820,ResOrgUncommonAntimicrobial,Antimicrobial,Uncommon
Rana,Rana VI-a,Moon,0005DFA3,RanaVI-aPlanetData,69766,6,17,Organic,0022464E,ResOrgUncommonCosmeticFaunaCarnivore,Cosmetic,Uncommon
Rana,Rana VI-b,Moon,0005DFA4,RanaVI-bPlanetData,69766,6,18,Inorganic,000057D5,ResInorgCommonChlorine_G,Chlorine,Common
Rana,Rana VI-b,Moon,0005DFA4,RanaVI-bPlanetData,69766,6,18,Inorganic,000057C7,ResInorgCommonIron,Iron,Common
Rana,Rana VI-b,Moon,0005DFA4,RanaVI-bPlanetData,69766,6,18,Inorganic,000057CB,ResInorgCommonNickel,Nickel,Common
Rana,Rana VI-b,Moon,0005DFA4,RanaVI-bPlanetData,69766,6,18,Inorganic,000057EB,ResInorgCommonUranium,Uranium,Common
Rana,Rana VI-b,Moon,0005DFA4,RanaVI-bPlanetData,69766,6,18,Inorganic,000083EC,ResInorgCommonWater_L,Water,Common
Rana,Rana VI-b,Moon,0005DFA4,RanaVI-bPlanetData,69766,6,18,Inorganic,000057C9,ResInorgUncommonAlkanes_G,Alkanes,Uncommon
Rana,Rana VI-b,Moon,0005DFA4,RanaVI-bPlanetData,69766,6,18,Inorganic,000057D7,ResInorgUncommonChlorosilanes_L,Chlorosilanes,Uncommon
Rana,Rana VI-b,Moon,0005DFA4,RanaVI-bPlanetData,69766,6,18,Inorganic,000057DA,ResInorgRareLithium,Lithium,Rare
Rana,Rana VI-c,Moon,0005DFA5,RanaVI-cPlanetData,69766,6,19,Inorganic,000057CB,ResInorgCommonNickel,Nickel,Common
Rana,Rana VI-c,Moon,0005DFA5,RanaVI-cPlanetData,69766,6,19,Inorganic,000083EC,ResInorgCommonWater_L,Water,Common
Rana,Rana VI-c,Moon,0005DFA5,RanaVI-cPlanetData,69766,6,19,Inorganic,000057CD,ResInorgExoticPalladium,Palladium,Exotic
Rana,Rana VI-d,Moon,0005DFA7,RanaVI-dPlanetData,69766,6,21,Inorganic,000057CF,ResInorgCommonCopper,Copper,Common
Rana,Rana VI-d,Moon,0005DFA7,RanaVI-dPlanetData,69766,6,21,Inorganic,000057C1,ResInorgCommonLead,Lead,Common
Rana,Rana VI-d,Moon,0005DFA7,RanaVI-dPlanetData,69766,6,21,Inorganic,000057EB,ResInorgCommonUranium,Uranium,Common
Rana,Rana VI-d,Moon,0005DFA7,RanaVI-dPlanetData,69766,6,21,Inorganic,000083EC,ResInorgCommonWater_L,Water,Common
Rana,Rana VI-d,Moon,0005DFA7,RanaVI-dPlanetData,69766,6,21,Inorganic,000057D0,ResInorgUncommonFluorine_G,Fluorine,Uncommon
Rana,Rana VI-d,Moon,0005DFA7,RanaVI-dPlanetData,69766,6,21,Inorganic,000057C3,ResInorgUncommonSilver,Silver,Uncommon
Rana,Rana VI-e,Moon,0005DFA6,RanaVI-ePlanetData,69766,6,20,Inorganic,000057CB,ResInorgCommonNickel,Nickel,Common
Rana,Rana VI-e,Moon,0005DFA6,RanaVI-ePlanetData,69766,6,20,Inorganic,000083EC,ResInorgCommonWater_L,Water,Common
Rana,Rana VII-a,Moon,0005DFAA,RanaVII-aPlanetData,69766,7,23,Inorganic,000057EA,ResInorgCommonArgon_G,Argon,Common
Rana,Rana VII-a,Moon,0005DFAA,RanaVII-aPlanetData,69766,7,23,Inorganic,000083EC,ResInorgCommonWater_L,Water,Common
Rana,Rana VII-a,Moon,0005DFAA,RanaVII-aPlanetData,69766,7,23,Inorganic,000057E7,ResInorgUncommonBenzene_G,Benzene,Uncommon
Rana,Rana VII-b,Moon,0005DFA9,RanaVII-bPlanetData,69766,7,22,Inorganic,000057EA,ResInorgCommonArgon_G,Argon,Common
Rana,Rana VII-b,Moon,0005DFA9,RanaVII-bPlanetData,69766,7,22,Inorganic,000083EC,ResInorgCommonWater_L,Water,Common
Rana,Rana VII-b,Moon,0005DFA9,RanaVII-bPlanetData,69766,7,22,Inorganic,000057E9,ResInorgExoticNeon_G,Neon,Exotic
Rana,Rana VIII,Planet,0005DFAB,RanaVIIIPlanetData,69766,0,8,Inorganic,000057CF,ResInorgCommonCopper,Copper,Common
Rana,Rana VIII,Planet,0005DFAB,RanaVIIIPlanetData,69766,0,8,Inorganic,000083EC,ResInorgCommonWater_L,Water,Common
Rana,Rana VIII,Planet,0005DFAB,RanaVIIIPlanetData,69766,0,8,Inorganic,000057D0,ResInorgUncommonFluorine_G,Fluorine,Uncommon
Rana,Rana VIII,Planet,0005DFAB,RanaVIIIPlanetData,69766,0,8,Inorganic,000057D1,ResInorgRareTetrafluorides_G,Tetrafluorides,Rare
Rana,Rana VIII,Planet,0005DFAB,RanaVIIIPlanetData,69766,0,8,Inorganic,000057D4,ResInorgExoticIonicLiquids_L,IonicLiquids,Exotic
Rasalhague,Rasalhague I,Planet,0005E0F3,RasalhagueIPlanetData,85769,0,1,Inorganic,000057C7,ResInorgCommonIron,Iron,Common
Rasalhague,Rasalhague I,Planet,0005E0F3,RasalhagueIPlanetData,85769,0,1,Inorganic,000057EB,ResInorgCommonUranium,Uranium,Common
Rasalhague,Rasalhague I,Planet,0005E0F3,RasalhagueIPlanetData,85769,0,1,Inorganic,000057C9,ResInorgUncommonAlkanes_G,Alkanes,Uncommon
Rasalhague,Rasalhague I,Planet,0005E0F3,RasalhagueIPlanetData,85769,0,1,Inorganic,000057CA,ResInorgExoticYtterbium,Ytterbium,Exotic
Rasalhague,Rasalhague I-a,Moon,0005E103,RasalhagueI-aPlanetData,85769,1,6,Inorganic,000057D6,ResInorgCommonAluminum,Aluminum,Common
Rasalhague,Rasalhague I-a,Moon,0005E103,RasalhagueI-aPlanetData,85769,1,6,Inorganic,000057F5,ResInorgCommonHelium3_G,Helium3,Common
Rasalhague,Rasalhague I-a,Moon,0005E103,RasalhagueI-aPlanetData,85769,1,6,Inorganic,000057D8,ResInorgUncommonBeryllium,Beryllium,Uncommon
Rasalhague,Rasalhague II,Planet,0005E104,RasalhagueIIPlanetData,85769,0,2,Inorganic,000057D5,ResInorgCommonChlorine_G,Chlorine,Common
Rasalhague,Rasalhague II,Planet,0005E104,RasalhagueIIPlanetData,85769,0,2,Inorganic,000057CF,ResInorgCommonCopper,Copper,Common
Rasalhague,Rasalhague II,Planet,0005E104,RasalhagueIIPlanetData,85769,0,2,Inorganic,000057C7,ResInorgCommonIron,Iron,Common
Rasalhague,Rasalhague II,Planet,0005E104,RasalhagueIIPlanetData,85769,0,2,Inorganic,000057CB,ResInorgCommonNickel,Nickel,Common
Rasalhague,Rasalhague II,Planet,0005E104,RasalhagueIIPlanetData,85769,0,2,Inorganic,000083EC,ResInorgCommonWater_L,Water,Common
Rasalhague,Rasalhague II,Planet,0005E104,RasalhagueIIPlanetData,85769,0,2,Inorganic,000057CE,ResInorgUncommonCobalt,Cobalt,Uncommon
Rasalhague,Rasalhague II,Planet,0005E104,RasalhagueIIPlanetData,85769,0,2,Inorganic,000057E0,ResInorgExoticCaesium_L,Caesium,Exotic
Rasalhague,Rasalhague II,Planet,0005E104,RasalhagueIIPlanetData,85769,0,2,Organic,00077821,ResOrgCommonFiber,Fiber,Common
Rasalhague,Rasalhague II,Planet,0005E104,RasalhagueIIPlanetData,85769,0,2,Organic,0029F3FD,ResOrgCommonMetabolicAgent,MetabolicAgent,Common
Rasalhague,Rasalhague II,Planet,0005E104,RasalhagueIIPlanetData,85769,0,2,Organic,00224640,ResOrgCommonNutrientFaunaHerbivore,Nutrient,Common
Rasalhague,Rasalhague II,Planet,0005E104,RasalhagueIIPlanetData,85769,0,2,Organic,0022462E,ResOrgCommonSealantFaunaHerbivore,Sealant,Common
Rasalhague,Rasalhague II,Planet,0005E104,RasalhagueIIPlanetData,85769,0,2,Organic,000777FA,ResOrgCommonStructural,Structural,Common
Rasalhague,Rasalhague II,Planet,0005E104,RasalhagueIIPlanetData,85769,0,2,Organic,0022464E,ResOrgUncommonCosmeticFaunaCarnivore,Cosmetic,Uncommon
Rasalhague,Rasalhague III-a,Moon,0005E106,RasalhagueIII-aPlanetData,85769,3,7,Inorganic,000057CF,ResInorgCommonCopper,Copper,Common
Rasalhague,Rasalhague III-a,Moon,0005E106,RasalhagueIII-aPlanetData,85769,3,7,Inorganic,000083EC,ResInorgCommonWater_L,Water,Common
Rasalhague,Rasalhague III-a,Moon,0005E106,RasalhagueIII-aPlanetData,85769,3,7,Inorganic,000057D0,ResInorgUncommonFluorine_G,Fluorine,Uncommon
Rasalhague,Rasalhague III-b,Moon,0005E107,RasalhagueIII-bPlanetData,85769,3,8,Inorganic,000057CF,ResInorgCommonCopper,Copper,Common
Rasalhague,Rasalhague III-b,Moon,0005E107,RasalhagueIII-bPlanetData,85769,3,8,Inorganic,000083EC,ResInorgCommonWater_L,Water,Common
Rasalhague,Rasalhague III-b,Moon,0005E107,RasalhagueIII-bPlanetData,85769,3,8,Inorganic,000057D0,ResInorgUncommonFluorine_G,Fluorine,Uncommon
Rasalhague,Rasalhague III-b,Moon,0005E107,RasalhagueIII-bPlanetData,85769,3,8,Inorganic,000057D2,ResInorgRareGold,Gold,Rare
Rasalhague,Rasalhague IV,Planet,0005E108,RasalhagueIVPlanetData,85769,0,4,Inorganic,000057F5,ResInorgCommonHelium3_G,Helium3,Common
Rasalhague,Rasalhague IV,Planet,0005E108,RasalhagueIVPlanetData,85769,0,4,Inorganic,000057C7,ResInorgCommonIron,Iron,Common
Rivera,Rivera I,Planet,0005E539,RiveraIPlanetData,118819,0,1,Inorganic,000057EA,ResInorgCommonArgon_G,Argon,Common
Rivera,Rivera I,Planet,0005E539,RiveraIPlanetData,118819,0,1,Inorganic,000057C1,ResInorgCommonLead,Lead,Common
Rivera,Rivera I,Planet,0005E539,RiveraIPlanetData,118819,0,1,Inorganic,000057CB,ResInorgCommonNickel,Nickel,Common
Rivera,Rivera I,Planet,0005E539,RiveraIPlanetData,118819,0,1,Inorganic,000057EB,ResInorgCommonUranium,Uranium,Common
Rivera,Rivera I,Planet,0005E539,RiveraIPlanetData,118819,0,1,Inorganic,000083EC,ResInorgCommonWater_L,Water,Common
Rivera,Rivera I,Planet,0005E539,RiveraIPlanetData,118819,0,1,Inorganic,000057E7,ResInorgUncommonBenzene_G,Benzene,Uncommon
Rivera,Rivera I,Planet,0005E539,RiveraIPlanetData,118819,0,1,Inorganic,000057CE,ResInorgUncommonCobalt,Cobalt,Uncommon
Rivera,Rivera I,Planet,0005E539,RiveraIPlanetData,118819,0,1,Inorganic,000057CC,ResInorgRarePlatinum,Platinum,Rare
Rivera,Rivera I,Planet,0005E539,RiveraIPlanetData,118819,0,1,Organic,0029F3FD,ResOrgCommonMetabolicAgent,MetabolicAgent,Common
Rivera,Rivera I,Planet,0005E539,RiveraIPlanetData,118819,0,1,Organic,00224641,ResOrgCommonMetabolicAgentFaunaHerbivore,MetabolicAgent,Common
Rivera,Rivera I,Planet,0005E539,RiveraIPlanetData,118819,0,1,Organic,000777E6,ResOrgCommonNutrient,Nutrient,Common
Rivera,Rivera I,Planet,0005E539,RiveraIPlanetData,118819,0,1,Organic,0007782D,ResOrgCommonSealant,Sealant,Common
Rivera,Rivera I,Planet,0005E539,RiveraIPlanetData,118819,0,1,Organic,000777FA,ResOrgCommonStructural,Structural,Common
Rivera,Rivera I,Planet,0005E539,RiveraIPlanetData,118819,0,1,Organic,00077823,ResOrgCommonToxin,Toxin,Common
Rivera,Rivera I,Planet,0005E539,RiveraIPlanetData,118819,0,1,Organic,00077820,ResOrgUncommonAntimicrobial,Antimicrobial,Uncommon
Rivera,Rivera I,Planet,0005E539,RiveraIPlanetData,118819,0,1,Organic,0022465C,ResOrgUncommonOrnamentalFaunaCarnivore,Ornamental,Uncommon
Rivera,Rivera I,Planet,0005E539,RiveraIPlanetData,118819,0,1,Organic,0022462F,ResOrgUncommonPigmentFaunaHerbivore,Pigment,Uncommon
Rivera,Rivera I,Planet,0005E539,RiveraIPlanetData,118819,0,1,Organic,0022464A,ResOrgUncommonSpiceFaunaCarnivore,Spice,Uncommon
Rivera,Rivera I,Planet,0005E539,RiveraIPlanetData,118819,0,1,Organic,00224651,ResOrgRareAromaticFaunaCarnivore,Aromatic,Rare
Rivera,Rivera I,Planet,0005E539,RiveraIPlanetData,118819,0,1,Organic,00224658,ResOrgExoticLubricantFaunaCarnivore,Lubricant,Exotic
Rivera,Rivera I-a,Moon,0005E53A,RiveraI-aPlanetData,118819,1,8,Inorganic,000057D6,ResInorgCommonAluminum,Aluminum,Common
Rivera,Rivera I-a,Moon,0005E53A,RiveraI-aPlanetData,118819,1,8,Inorganic,000057D5,ResInorgCommonChlorine_G,Chlorine,Common
Rivera,Rivera I-a,Moon,0005E53A,RiveraI-aPlanetData,118819,1,8,Inorganic,000057F5,ResInorgCommonHelium3_G,Helium3,Common
Rivera,Rivera I-a,Moon,0005E53A,RiveraI-aPlanetData,118819,1,8,Inorganic,000083EC,ResInorgCommonWater_L,Water,Common
Rivera,Rivera I-a,Moon,0005E53A,RiveraI-aPlanetData,118819,1,8,Inorganic,000057D8,ResInorgUncommonBeryllium,Beryllium,Uncommon
Rivera,Rivera I-a,Moon,0005E53A,RiveraI-aPlanetData,118819,1,8,Inorganic,000057D7,ResInorgUncommonChlorosilanes_L,Chlorosilanes,Uncommon
Rivera,Rivera I-a,Moon,0005E53A,RiveraI-aPlanetData,118819,1,8,Inorganic,000057DB,ResInorgRareNeodymium,Neodymium,Rare
Rivera,Rivera II,Planet,0005E53B,RiveraIIPlanetData,118819,0,2,Inorganic,000057D5,ResInorgCommonChlorine_G,Chlorine,Common
Rivera,Rivera II,Planet,0005E53B,RiveraIIPlanetData,118819,0,2,Inorganic,000057C1,ResInorgCommonLead,Lead,Common
Rivera,Rivera II,Planet,0005E53B,RiveraIIPlanetData,118819,0,2,Inorganic,000057CB,ResInorgCommonNickel,Nickel,Common
Rivera,Rivera II,Planet,0005E53B,RiveraIIPlanetData,118819,0,2,Inorganic,000083EC,ResInorgCommonWater_L,Water,Common
Rivera,Rivera II,Planet,0005E53B,RiveraIIPlanetData,118819,0,2,Inorganic,000057C3,ResInorgUncommonSilver,Silver,Uncommon
Rivera,Rivera II,Planet,0005E53B,RiveraIIPlanetData,118819,0,2,Inorganic,0027C499,ResInorgRareMercury_L,Mercury,Rare
Rivera,Rivera II-a,Moon,0005E53C,RiveraII-aPlanetData,118819,2,9,Inorganic,000057D6,ResInorgCommonAluminum,Aluminum,Common
Rivera,Rivera II-a,Moon,0005E53C,RiveraII-aPlanetData,118819,2,9,Inorganic,000057F5,ResInorgCommonHelium3_G,Helium3,Common
Rivera,Rivera II-a,Moon,0005E53C,RiveraII-aPlanetData,118819,2,9,Inorganic,000057D8,ResInorgUncommonBeryllium,Beryllium,Uncommon
Rivera,Rivera II-a,Moon,0005E53C,RiveraII-aPlanetData,118819,2,9,Inorganic,000057DB,ResInorgRareNeodymium,Neodymium,Rare
Rivera,Rivera II-b,Moon,0005E53D,RiveraII-bPlanetData,118819,2,10,Inorganic,000057D6,ResInorgCommonAluminum,Aluminum,Common
Rivera,Rivera II-b,Moon,0005E53D,RiveraII-bPlanetData,118819,2,10,Inorganic,000057F5,ResInorgCommonHelium3_G,Helium3,Common
Rivera,Rivera II-c,Moon,0005E53E,RiveraII-cPlanetData,118819,2,11,Inorganic,000057D6,ResInorgCommonAluminum,Aluminum,Common
Rivera,Rivera II-c,Moon,0005E53E,RiveraII-cPlanetData,118819,2,11,Inorganic,000057F5,ResInorgCommonHelium3_G,Helium3,Common
Rivera,Rivera II-c,Moon,0005E53E,RiveraII-cPlanetData,118819,2,11,Inorganic,000057E2,ResInorgExoticEuropium,Europium,Exotic
Rivera,Rivera III,Planet,0005E53F,RiveraIIIPlanetData,118819,0,3,Inorganic,000057F5,ResInorgCommonHelium3_G,Helium3,Common
Rivera,Rivera III,Planet,0005E53F,RiveraIIIPlanetData,118819,0,3,Inorganic,000057C7,ResInorgCommonIron,Iron,Common
Rivera,Rivera IV,Planet,0005E540,RiveraIVPlanetData,118819,0,4,Inorganic,000057F5,ResInorgCommonHelium3_G,Helium3,Common
Rivera,Rivera IV,Planet,0005E540,RiveraIVPlanetData,118819,0,4,Inorganic,000057C7,ResInorgCommonIron,Iron,Common
Rivera,Rivera IV,Planet,0005E540,RiveraIVPlanetData,118819,0,4,Inorganic,000057C9,ResInorgUncommonAlkanes_G,Alkanes,Uncommon
Rivera,Rivera IV-a,Moon,0005E541,RiveraIV-aPlanetData,118819,4,12,Inorganic,000057D6,ResInorgCommonAluminum,Aluminum,Common
Rivera,Rivera IV-a,Moon,0005E541,RiveraIV-aPlanetData,118819,4,12,Inorganic,000057F5,ResInorgCommonHelium3_G,Helium3,Common
Rivera,Rivera V-a,Moon,0005E543,RiveraV-aPlanetData,118819,5,13,Inorganic,000057CB,ResInorgCommonNickel,Nickel,Common
Rivera,Rivera V-a,Moon,0005E543,RiveraV-aPlanetData,118819,5,13,Inorganic,000083EC,ResInorgCommonWater_L,Water,Common
Rivera,Rivera V-a,Moon,0005E543,RiveraV-aPlanetData,118819,5,13,Inorganic,000057CC,ResInorgRarePlatinum,Platinum,Rare
Rutherford,Rutherford I,Planet,0005E3B0,RutherfordIPlanetData,64587,0,1,Inorganic,000057D6,ResInorgCommonAluminum,Aluminum,Common
Rutherford,Rutherford I,Planet,0005E3B0,RutherfordIPlanetData,64587,0,1,Inorganic,000057F5,ResInorgCommonHelium3_G,Helium3,Common
Rutherford,Rutherford I,Planet,0005E3B0,RutherfordIPlanetData,64587,0,1,Inorganic,000057D8,ResInorgUncommonBeryllium,Beryllium,Uncommon
Rutherford,Rutherford I-a,Moon,0005E3B1,RutherfordI-aPlanetData,64587,1,8,Inorganic,000057D6,ResInorgCommonAluminum,Aluminum,Common
Rutherford,Rutherford I-a,Moon,0005E3B1,RutherfordI-aPlanetData,64587,1,8,Inorganic,000057F5,ResInorgCommonHelium3_G,Helium3,Common
Rutherford,Rutherford I-b,Moon,0005E3B2,RutherfordI-bPlanetData,64587,1,9,Inorganic,000057D6,ResInorgCommonAluminum,Aluminum,Common
Rutherford,Rutherford I-b,Moon,0005E3B2,RutherfordI-bPlanetData,64587,1,9,Inorganic,000057F5,ResInorgCommonHelium3_G,Helium3,Common
Rutherford,Rutherford II,Planet,0005E3B3,RutherfordIIPlanetData,64587,0,2,Inorganic,000057C1,ResInorgCommonLead,Lead,Common
Rutherford,Rutherford II,Planet,0005E3B3,RutherfordIIPlanetData,64587,0,2,Inorganic,000057CB,ResInorgCommonNickel,Nickel,Common
Rutherford,Rutherford II,Planet,0005E3B3,RutherfordIIPlanetData,64587,0,2,Inorganic,000057CC,ResInorgRarePlatinum,Platinum,Rare
Rutherford,Rutherford II-a,Moon,0005E3B4,RutherfordII-aPlanetData,64587,2,10,Inorganic,000057D6,ResInorgCommonAluminum,Aluminum,Common
Rutherford,Rutherford II-a,Moon,0005E3B4,RutherfordII-aPlanetData,64587,2,10,Inorganic,000057F5,ResInorgCommonHelium3_G,Helium3,Common
Rutherford,Rutherford II-a,Moon,0005E3B4,RutherfordII-aPlanetData,64587,2,10,Inorganic,000057DB,ResInorgRareNeodymium,Neodymium,Rare
Rutherford,Rutherford III,Planet,0005E3B5,RutherfordIIIPlanetData,64587,0,3,Inorganic,000057EA,ResInorgCommonArgon_G,Argon,Common
Rutherford,Rutherford III,Planet,0005E3B5,RutherfordIIIPlanetData,64587,0,3,Inorganic,000057D5,ResInorgCommonChlorine_G,Chlorine,Common
Rutherford,Rutherford III,Planet,0005E3B5,RutherfordIIIPlanetData,64587,0,3,Inorganic,000057C1,ResInorgCommonLead,Lead,Common
Rutherford,Rutherford III,Planet,0005E3B5,RutherfordIIIPlanetData,64587,0,3,Inorganic,000083EC,ResInorgCommonWater_L,Water,Common
Rutherford,Rutherford III,Planet,0005E3B5,RutherfordIIIPlanetData,64587,0,3,Inorganic,000057D7,ResInorgUncommonChlorosilanes_L,Chlorosilanes,Uncommon
Rutherford,Rutherford III,Planet,0005E3B5,RutherfordIIIPlanetData,64587,0,3,Inorganic,000057DA,ResInorgRareLithium,Lithium,Rare
Rutherford,Rutherford III,Planet,0005E3B5,RutherfordIIIPlanetData,64587,0,3,Organic,00077821,ResOrgCommonFiber,Fiber,Common
Rutherford,Rutherford III,Planet,0005E3B5,RutherfordIIIPlanetData,64587,0,3,Organic,00224641,ResOrgCommonMetabolicAgentFaunaHerbivore,MetabolicAgent,Common
Rutherford,Rutherford III,Planet,0005E3B5,RutherfordIIIPlanetData,64587,0,3,Organic,000777E6,ResOrgCommonNutrient,Nutrient,Common
Rutherford,Rutherford III,Planet,0005E3B5,RutherfordIIIPlanetData,64587,0,3,Organic,0007782D,ResOrgCommonSealant,Sealant,Common
Rutherford,Rutherford III,Planet,0005E3B5,RutherfordIIIPlanetData,64587,0,3,Organic,0022464B,ResOrgCommonSealantFaunaCarnivore,Sealant,Common
Rutherford,Rutherford III,Planet,0005E3B5,RutherfordIIIPlanetData,64587,0,3,Organic,000777FA,ResOrgCommonStructural,Structural,Common
Rutherford,Rutherford III,Planet,0005E3B5,RutherfordIIIPlanetData,64587,0,3,Organic,00077823,ResOrgCommonToxin,Toxin,Common
Rutherford,Rutherford III,Planet,0005E3B5,RutherfordIIIPlanetData,64587,0,3,Organic,0007782C,ResOrgUncommonMembrane,Membrane,Uncommon
Rutherford,Rutherford III,Planet,0005E3B5,RutherfordIIIPlanetData,64587,0,3,Organic,00224630,ResOrgUncommonMembraneFaunaHerbivore,Membrane,Uncommon
Rutherford,Rutherford III,Planet,0005E3B5,RutherfordIIIPlanetData,64587,0,3,Organic,0022463F,ResOrgUncommonOrnamentalFaunaHerbivore,Ornamental,Uncommon
Rutherford,Rutherford III,Planet,0005E3B5,RutherfordIIIPlanetData,64587,0,3,Organic,0022462D,ResOrgUncommonSpiceFaunaHerbivore,Spice,Uncommon
Rutherford,Rutherford III,Planet,0005E3B5,RutherfordIIIPlanetData,64587,0,3,Organic,0029F403,ResOrgRareHallucinogen,Hallucinogen,Rare
Rutherford,Rutherford III,Planet,0005E3B5,RutherfordIIIPlanetData,64587,0,3,Organic,00224633,ResOrgRareHallucinogenFaunaHerbivore,Hallucinogen,Rare
Rutherford,Rutherford III,Planet,0005E3B5,RutherfordIIIPlanetData,64587,0,3,Organic,00224656,ResOrgExoticPolymerFaunaCarnivore,Polymer,Exotic
Rutherford,Rutherford III-a,Moon,0005E3B6,RutherfordIII-aPlanetData,64587,3,11,Inorganic,000057D6,ResInorgCommonAluminum,Aluminum,Common
Rutherford,Rutherford III-a,Moon,0005E3B6,RutherfordIII-aPlanetData,64587,3,11,Inorganic,000057F5,ResInorgCommonHelium3_G,Helium3,Common
Rutherford,Rutherford III-a,Moon,0005E3B6,RutherfordIII-aPlanetData,64587,3,11,Inorganic,000057D8,ResInorgUncommonBeryllium,Beryllium,Uncommon
Rutherford,Rutherford IV-a,Moon,0005E3BB,RutherfordIV-aPlanetData,64587,4,15,Inorganic,000057CB,ResInorgCommonNickel,Nickel,Common
Rutherford,Rutherford IV-a,Moon,0005E3BB,RutherfordIV-aPlanetData,64587,4,15,Inorganic,000083EC,ResInorgCommonWater_L,Water,Common
Rutherford,Rutherford IV-b,Moon,0005E3B8,RutherfordIV-bPlanetData,64587,4,12,Inorganic,000057CB,ResInorgCommonNickel,Nickel,Common
Rutherford,Rutherford IV-b,Moon,0005E3B8,RutherfordIV-bPlanetData,64587,4,12,Inorganic,000083EC,ResInorgCommonWater_L,Water,Common
Rutherford,Rutherford IV-c,Moon,0005E3BA,RutherfordIV-cPlanetData,64587,4,14,Inorganic,000057EA,ResInorgCommonArgon_G,Argon,Common
Rutherford,Rutherford IV-c,Moon,0005E3BA,RutherfordIV-cPlanetData,64587,4,14,Inorganic,000083EC,ResInorgCommonWater_L,Water,Common
Rutherford,Rutherford IV-d,Moon,0005E3B9,RutherfordIV-dPlanetData,64587,4,13,Inorganic,000057D6,ResInorgCommonAluminum,Aluminum,Common
Rutherford,Rutherford IV-d,Moon,0005E3B9,RutherfordIV-dPlanetData,64587,4,13,Inorganic,000057EA,ResInorgCommonArgon_G,Argon,Common
Rutherford,Rutherford IV-d,Moon,0005E3B9,RutherfordIV-dPlanetData,64587,4,13,Inorganic,000057F5,ResInorgCommonHelium3_G,Helium3,Common
Rutherford,Rutherford IV-d,Moon,0005E3B9,RutherfordIV-dPlanetData,64587,4,13,Inorganic,000057EB,ResInorgCommonUranium,Uranium,Common
Rutherford,Rutherford IV-d,Moon,0005E3B9,RutherfordIV-dPlanetData,64587,4,13,Inorganic,000083EC,ResInorgCommonWater_L,Water,Common
Rutherford,Rutherford IV-d,Moon,0005E3B9,RutherfordIV-dPlanetData,64587,4,13,Inorganic,000057E7,ResInorgUncommonBenzene_G,Benzene,Uncommon
Rutherford,Rutherford IV-d,Moon,0005E3B9,RutherfordIV-dPlanetData,64587,4,13,Inorganic,000057EC,ResInorgUncommonIridium,Iridium,Uncommon
Rutherford,Rutherford IV-d,Moon,0005E3B9,RutherfordIV-dPlanetData,64587,4,13,Inorganic,000057ED,ResInorgRareVanadium,Vanadium,Rare
Rutherford,Rutherford IV-e,Moon,0005E3BC,RutherfordIV-ePlanetData,64587,4,16,Inorganic,000057EA,ResInorgCommonArgon_G,Argon,Common
Rutherford,Rutherford IV-e,Moon,0005E3BC,RutherfordIV-ePlanetData,64587,4,16,Inorganic,000083EC,ResInorgCommonWater_L,Water,Common
Rutherford,Rutherford IV-e,Moon,0005E3BC,RutherfordIV-ePlanetData,64587,4,16,Inorganic,000057E8,ResInorgRareCarboxylicAcids_L,CarboxylicAcids,Rare
Rutherford,Rutherford IV-e,Moon,0005E3BC,RutherfordIV-ePlanetData,64587,4,16,Inorganic,000057E9,ResInorgExoticNeon_G,Neon,Exotic
Rutherford,Rutherford V-a,Moon,0005E3BF,RutherfordV-aPlanetData,64587,5,18,Inorganic,000057CF,ResInorgCommonCopper,Copper,Common
Rutherford,Rutherford V-a,Moon,0005E3BF,RutherfordV-aPlanetData,64587,5,18,Inorganic,000057C1,ResInorgCommonLead,Lead,Common
Rutherford,Rutherford V-a,Moon,0005E3BF,RutherfordV-aPlanetData,64587,5,18,Inorganic,000083EC,ResInorgCommonWater_L,Water,Common
Rutherford,Rutherford V-a,Moon,0005E3BF,RutherfordV-aPlanetData,64587,5,18,Inorganic,000057C6,ResInorgRareTitanium,Titanium,Rare
Rutherford,Rutherford V-b,Moon,0005E3BE,RutherfordV-bPlanetData,64587,5,17,Inorganic,000057D5,ResInorgCommonChlorine_G,Chlorine,Common
Rutherford,Rutherford V-b,Moon,0005E3BE,RutherfordV-bPlanetData,64587,5,17,Inorganic,000057F5,ResInorgCommonHelium3_G,Helium3,Common
Rutherford,Rutherford V-b,Moon,0005E3BE,RutherfordV-bPlanetData,64587,5,17,Inorganic,000057C7,ResInorgCommonIron,Iron,Common
Rutherford,Rutherford V-b,Moon,0005E3BE,RutherfordV-bPlanetData,64587,5,17,Inorganic,000057C1,ResInorgCommonLead,Lead,Common
Rutherford,Rutherford V-b,Moon,0005E3BE,RutherfordV-bPlanetData,64587,5,17,Inorganic,000057EB,ResInorgCommonUranium,Uranium,Common
Rutherford,Rutherford V-b,Moon,0005E3BE,RutherfordV-bPlanetData,64587,5,17,Inorganic,000083EC,ResInorgCommonWater_L,Water,Common
Rutherford,Rutherford V-b,Moon,0005E3BE,RutherfordV-bPlanetData,64587,5,17,Inorganic,000057D7,ResInorgUncommonChlorosilanes_L,Chlorosilanes,Uncommon
Rutherford,Rutherford V-b,Moon,0005E3BE,RutherfordV-bPlanetData,64587,5,17,Inorganic,0027C499,ResInorgRareMercury_L,Mercury,Rare
Rutherford,Rutherford VI-a,Moon,0005E3C1,RutherfordVI-aPlanetData,64587,6,19,Inorganic,000057D6,ResInorgCommonAluminum,Aluminum,Common
Rutherford,Rutherford VI-a,Moon,0005E3C1,RutherfordVI-aPlanetData,64587,6,19,Inorganic,000057D5,ResInorgCommonChlorine_G,Chlorine,Common
Rutherford,Rutherford VI-a,Moon,0005E3C1,RutherfordVI-aPlanetData,64587,6,19,Inorganic,000057F5,ResInorgCommonHelium3_G,Helium3,Common
Rutherford,Rutherford VI-a,Moon,0005E3C1,RutherfordVI-aPlanetData,64587,6,19,Inorganic,000057EB,ResInorgCommonUranium,Uranium,Common
Rutherford,Rutherford VI-a,Moon,0005E3C1,RutherfordVI-aPlanetData,64587,6,19,Inorganic,000083EC,ResInorgCommonWater_L,Water,Common
Rutherford,Rutherford VI-a,Moon,0005E3C1,RutherfordVI-aPlanetData,64587,6,19,Inorganic,000057D8,ResInorgUncommonBeryllium,Beryllium,Uncommon
Rutherford,Rutherford VI-a,Moon,0005E3C1,RutherfordVI-aPlanetData,64587,6,19,Inorganic,000057DB,ResInorgRareNeodymium,Neodymium,Rare
Rutherford,Rutherford VI-a,Moon,0005E3C1,RutherfordVI-aPlanetData,64587,6,19,Inorganic,000057E0,ResInorgExoticCaesium_L,Caesium,Exotic
Rutherford,Rutherford VI-b,Moon,0005E3C3,RutherfordVI-bPlanetData,64587,6,21,Inorganic,000057CF,ResInorgCommonCopper,Copper,Common
Rutherford,Rutherford VI-b,Moon,0005E3C3,RutherfordVI-bPlanetData,64587,6,21,Inorganic,000083EC,ResInorgCommonWater_L,Water,Common
Rutherford,Rutherford VI-b,Moon,0005E3C3,RutherfordVI-bPlanetData,64587,6,21,Inorganic,000057D3,ResInorgExoticAntimony,Antimony,Exotic
Rutherford,Rutherford VI-c,Moon,0005E3C4,RutherfordVI-cPlanetData,64587,6,22,Inorganic,000057D5,ResInorgCommonChlorine_G,Chlorine,Common
Rutherford,Rutherford VI-c,Moon,0005E3C4,RutherfordVI-cPlanetData,64587,6,22,Inorganic,000083EC,ResInorgCommonWater_L,Water,Common
Rutherford,Rutherford VI-d,Moon,0005E3C2,RutherfordVI-dPlanetData,64587,6,20,Inorganic,000057C1,ResInorgCommonLead,Lead,Common
Rutherford,Rutherford VI-d,Moon,0005E3C2,RutherfordVI-dPlanetData,64587,6,20,Inorganic,000083EC,ResInorgCommonWater_L,Water,Common
SOL,Ariel,Moon,0005DEC9,ArielPlanetData,0,7,27,Inorganic,000057CF,ResInorgCommonCopper,Copper,Common
SOL,Ariel,Moon,0005DEC9,ArielPlanetData,0,7,27,Inorganic,000083EC,ResInorgCommonWater_L,Water,Common
SOL,Callisto,Moon,0005DEBE,CallistoPlanetData,0,5,18,Inorganic,000057F5,ResInorgCommonHelium3_G,Helium3,Common
SOL,Callisto,Moon,0005DEBE,CallistoPlanetData,0,5,18,Inorganic,000057C7,ResInorgCommonIron,Iron,Common
SOL,Charon,Moon,0005DED0,CharonPlanetData,0,9,14,Inorganic,000057CF,ResInorgCommonCopper,Copper,Common
SOL,Charon,Moon,0005DED0,CharonPlanetData,0,9,14,Inorganic,000083EC,ResInorgCommonWater_L,Water,Common
SOL,Dione,Moon,0005DEC3,DionePlanetData,0,6,22,Inorganic,000057C1,ResInorgCommonLead,Lead,Common
SOL,Dione,Moon,0005DEC3,DionePlanetData,0,6,22,Inorganic,000083EC,ResInorgCommonWater_L,Water,Common
SOL,Dione,Moon,0005DEC3,DionePlanetData,0,6,22,Inorganic,000057C3,ResInorgUncommonSilver,Silver,Uncommon
SOL,Earth,Planet,0005DEB5,EarthPlanetData,0,0,3,Inorganic,000057D5,ResInorgCommonChlorine_G,Chlorine,Common
SOL,Earth,Planet,0005DEB5,EarthPlanetData,0,0,3,Inorganic,000057C1,ResInorgCommonLead,Lead,Common
SOL,Earth,Planet,0005DEB5,EarthPlanetData,0,0,3,Inorganic,000083EC,ResInorgCommonWater_L,Water,Common
SOL,Earth,Planet,0005DEB5,EarthPlanetData,0,0,3,Inorganic,000057D7,ResInorgUncommonChlorosilanes_L,Chlorosilanes,Uncommon
SOL,Earth,Planet,0005DEB5,EarthPlanetData,0,0,3,Inorganic,0027C499,ResInorgRareMercury_L,Mercury,Rare
SOL,Enceladus,Moon,0005DEC1,EnceladusPlanetData,0,6,20,Inorganic,000057EA,ResInorgCommonArgon_G,Argon,Common
SOL,Enceladus,Moon,0005DEC1,EnceladusPlanetData,0,6,20,Inorganic,000083EC,ResInorgCommonWater_L,Water,Common
SOL,Enceladus,Moon,0005DEC1,EnceladusPlanetData,0,6,20,Inorganic,000057E7,ResInorgUncommonBenzene_G,Benzene,Uncommon
SOL,Enceladus,Moon,0005DEC1,EnceladusPlanetData,0,6,20,Inorganic,000057E8,ResInorgRareCarboxylicAcids_L,CarboxylicAcids,Rare
SOL,Europa,Moon,0005DEBC,EuropaPlanetData,0,5,16,Inorganic,000057D5,ResInorgCommonChlorine_G,Chlorine,Common
SOL,Europa,Moon,0005DEBC,EuropaPlanetData,0,5,16,Inorganic,000083EC,ResInorgCommonWater_L,Water,Common
SOL,Europa,Moon,0005DEBC,EuropaPlanetData,0,5,16,Inorganic,000057D7,ResInorgUncommonChlorosilanes_L,Chlorosilanes,Uncommon
SOL,Ganymede,Moon,0005DEBD,GanymedePlanetData,0,5,17,Inorganic,000057D5,ResInorgCommonChlorine_G,Chlorine,Common
SOL,Ganymede,Moon,0005DEBD,GanymedePlanetData,0,5,17,Inorganic,000083EC,ResInorgCommonWater_L,Water,Common
SOL,Iapetus,Moon,0005DEC6,IapetusPlanetData,0,6,25,Inorganic,000057EA,ResInorgCommonArgon_G,Argon,Common
SOL,Iapetus,Moon,0005DEC6,IapetusPlanetData,0,6,25,Inorganic,000083EC,ResInorgCommonWater_L,Water,Common
SOL,Iapetus,Moon,0005DEC6,IapetusPlanetData,0,6,25,Inorganic,000057E7,ResInorgUncommonBenzene_G,Benzene,Uncommon
SOL,Iapetus,Moon,0005DEC6,IapetusPlanetData,0,6,25,Inorganic,000057E8,ResInorgRareCarboxylicAcids_L,CarboxylicAcids,Rare
SOL,Io,Moon,0005DEBB,IoPlanetData,0,5,15,Inorganic,000057F5,ResInorgCommonHelium3_G,Helium3,Common
SOL,Io,Moon,0005DEBB,IoPlanetData,0,5,15,Inorganic,000057C7,ResInorgCommonIron,Iron,Common
SOL,Luna,Moon,0005DEB6,LunaPlanetData,0,3,11,Inorganic,000057F5,ResInorgCommonHelium3_G,Helium3,Common
SOL,Luna,Moon,0005DEB6,LunaPlanetData,0,3,11,Inorganic,000057C7,ResInorgCommonIron,Iron,Common
SOL,Mars,Planet,0003F59A,MarsPlanetData,0,0,4,Inorganic,000057D5,ResInorgCommonChlorine_G,Chlorine,Common
SOL,Mars,Planet,0003F59A,MarsPlanetData,0,0,4,Inorganic,000057C1,ResInorgCommonLead,Lead,Common
SOL,Mars,Planet,0003F59A,MarsPlanetData,0,0,4,Inorganic,000083EC,ResInorgCommonWater_L,Water,Common
SOL,Mars,Planet,0003F59A,MarsPlanetData,0,0,4,Inorganic,000057D7,ResInorgUncommonChlorosilanes_L,Chlorosilanes,Uncommon
SOL,Mercury,Planet,0005DEB2,MercuryPlanetData,0,0,1,Inorganic,000057D6,ResInorgCommonAluminum,Aluminum,Common
SOL,Mercury,Planet,0005DEB2,MercuryPlanetData,0,0,1,Inorganic,000057F5,ResInorgCommonHelium3_G,Helium3,Common
SOL,Mercury,Planet,0005DEB2,MercuryPlanetData,0,0,1,Inorganic,000057DB,ResInorgRareNeodymium,Neodymium,Rare
SOL,Mimas,Moon,0005DEC0,MimasPlanetData,0,6,19,Inorganic,000057CB,ResInorgCommonNickel,Nickel,Common
SOL,Mimas,Moon,0005DEC0,MimasPlanetData,0,6,19,Inorganic,000083EC,ResInorgCommonWater_L,Water,Common
SOL,Mimas,Moon,0005DEC0,MimasPlanetData,0,6,19,Inorganic,000057CD,ResInorgExoticPalladium,Palladium,Exotic
SOL,Miranda,Moon,0005DEC8,MirandaPlanetData,0,7,26,Inorganic,000057C1,ResInorgCommonLead,Lead,Common
SOL,Miranda,Moon,0005DEC8,MirandaPlanetData,0,7,26,Inorganic,000083EC,ResInorgCommonWater_L,Water,Common
SOL,Oberon,Moon,0005DECC,OberonPlanetData,0,7,30,Inorganic,000057CB,ResInorgCommonNickel,Nickel,Common
SOL,Oberon,Moon,0005DECC,OberonPlanetData,0,7,30,Inorganic,000083EC,ResInorgCommonWater_L,Water,Common
SOL,Pluto,Planet,0005DECF,PlutoPlanetData,0,0,9,Inorganic,000057C1,ResInorgCommonLead,Lead,Common
SOL,Pluto,Planet,0005DECF,PlutoPlanetData,0,0,9,Inorganic,000083EC,ResInorgCommonWater_L,Water,Common
SOL,Pluto,Planet,0005DECF,PlutoPlanetData,0,0,9,Inorganic,000057C4,ResInorgUncommonTungsten,Tungsten,Uncommon
SOL,Pluto,Planet,0005DECF,PlutoPlanetData,0,0,9,Inorganic,000057C6,ResInorgRareTitanium,Titanium,Rare
SOL,Rhea,Moon,0005DEC4,RheaPlanetData,0,6,23,Inorganic,000057CF,ResInorgCommonCopper,Copper,Common
SOL,Rhea,Moon,0005DEC4,RheaPlanetData,0,6,23,Inorganic,000083EC,ResInorgCommonWater_L,Water,Common
SOL,Rhea,Moon,0005DEC4,RheaPlanetData,0,6,23,Inorganic,000057D0,ResInorgUncommonFluorine_G,Fluorine,Uncommon
SOL,Tethys,Moon,0005DEC2,TethysPlanetData,0,6,21,Inorganic,000057C1,ResInorgCommonLead,Lead,Common
SOL,Tethys,Moon,0005DEC2,TethysPlanetData,0,6,21,Inorganic,000083EC,ResInorgCommonWater_L,Water,Common
SOL,Titan,Moon,0005DEC5,TitanPlanetData,0,6,24,Inorganic,000057C1,ResInorgCommonLead,Lead,Common
SOL,Titan,Moon,0005DEC5,TitanPlanetData,0,6,24,Inorganic,000083EC,ResInorgCommonWater_L,Water,Common
SOL,Titan,Moon,0005DEC5,TitanPlanetData,0,6,24,Inorganic,000057C4,ResInorgUncommonTungsten,Tungsten,Uncommon
SOL,Titan,Moon,0005DEC5,TitanPlanetData,0,6,24,Inorganic,000057C6,ResInorgRareTitanium,Titanium,Rare
SOL,Titania,Moon,0005DECB,TitaniaPlanetData,0,7,29,Inorganic,000057CF,ResInorgCommonCopper,Copper,Common
SOL,Titania,Moon,0005DECB,TitaniaPlanetData,0,7,29,Inorganic,000083EC,ResInorgCommonWater_L,Water,Common
SOL,Triton,Moon,0005DECE,TritonPlanetData,0,8,31,Inorganic,000057CB,ResInorgCommonNickel,Nickel,Common
SOL,Triton,Moon,0005DECE,TritonPlanetData,0,8,31,Inorganic,000083EC,ResInorgCommonWater_L,Water,Common
SOL,Triton,Moon,0005DECE,TritonPlanetData,0,8,31,Inorganic,000057CE,ResInorgUncommonCobalt,Cobalt,Uncommon
SOL,Umbriel,Moon,0005DECA,UmbrielPlanetData,0,7,28,Inorganic,000057EA,ResInorgCommonArgon_G,Argon,Common
SOL,Umbriel,Moon,0005DECA,UmbrielPlanetData,0,7,28,Inorganic,000083EC,ResInorgCommonWater_L,Water,Common
SOL,Umbriel,Moon,0005DECA,UmbrielPlanetData,0,7,28,Inorganic,000057E8,ResInorgRareCarboxylicAcids_L,CarboxylicAcids,Rare
SOL,Venus,Planet,0005DEB3,VenusPlanetData,0,0,2,Inorganic,000057C1,ResInorgCommonLead,Lead,Common
SOL,Venus,Planet,0005DEB3,VenusPlanetData,0,0,2,Inorganic,000057CB,ResInorgCommonNickel,Nickel,Common
SOL,Venus,Planet,0005DEB3,VenusPlanetData,0,0,2,Inorganic,000057CE,ResInorgUncommonCobalt,Cobalt,Uncommon
SOL,Venus,Planet,0005DEB3,VenusPlanetData,0,0,2,Inorganic,000057C2,ResInorgExoticDysprosium,Dysprosium,Exotic
Sagan,Sagan I,Planet,002C7831,SaganIPlanetData,72717,0,1,Inorganic,000057CB,ResInorgCommonNickel,Nickel,Common
Sagan,Sagan I,Planet,002C7831,SaganIPlanetData,72717,0,1,Inorganic,000083EC,ResInorgCommonWater_L,Water,Common
Sagan,Sagan I,Planet,002C7831,SaganIPlanetData,72717,0,1,Inorganic,000057CE,ResInorgUncommonCobalt,Cobalt,Uncommon
Sakharov,Mir II,Moon,0005E132,MirIIPlanetData,85264,1,3,Inorganic,000057D6,ResInorgCommonAluminum,Aluminum,Common
Sakharov,Mir II,Moon,0005E132,MirIIPlanetData,85264,1,3,Inorganic,000057F5,ResInorgCommonHelium3_G,Helium3,Common
Schrodinger,Schrodinger I,Planet,0005E0B3,SchrodingerIPlanetData,87902,0,1,Inorganic,000057D6,ResInorgCommonAluminum,Aluminum,Common
Schrodinger,Schrodinger I,Planet,0005E0B3,SchrodingerIPlanetData,87902,0,1,Inorganic,000057F5,ResInorgCommonHelium3_G,Helium3,Common
Schrodinger,Schrodinger I-a,Moon,0005E0B4,SchrodingerI-aPlanetData,87902,1,10,Inorganic,000057D6,ResInorgCommonAluminum,Aluminum,Common
Schrodinger,Schrodinger I-a,Moon,0005E0B4,SchrodingerI-aPlanetData,87902,1,10,Inorganic,000057F5,ResInorgCommonHelium3_G,Helium3,Common
Schrodinger,Schrodinger I-a,Moon,0005E0B4,SchrodingerI-aPlanetData,87902,1,10,Inorganic,000057D8,ResInorgUncommonBeryllium,Beryllium,Uncommon
Schrodinger,Schrodinger II,Planet,0005E0B5,SchrodingerIIPlanetData,87902,0,2,Inorganic,000057D5,ResInorgCommonChlorine_G,Chlorine,Common
Schrodinger,Schrodinger II,Planet,0005E0B5,SchrodingerIIPlanetData,87902,0,2,Inorganic,000057C1,ResInorgCommonLead,Lead,Common
Schrodinger,Schrodinger II,Planet,0005E0B5,SchrodingerIIPlanetData,87902,0,2,Inorganic,000057EB,ResInorgCommonUranium,Uranium,Common
Schrodinger,Schrodinger II,Planet,0005E0B5,SchrodingerIIPlanetData,87902,0,2,Inorganic,000057D7,ResInorgUncommonChlorosilanes_L,Chlorosilanes,Uncommon
Schrodinger,Schrodinger II,Planet,0005E0B5,SchrodingerIIPlanetData,87902,0,2,Inorganic,000057C4,ResInorgUncommonTungsten,Tungsten,Uncommon
Schrodinger,Schrodinger II,Planet,0005E0B5,SchrodingerIIPlanetData,87902,0,2,Inorganic,000057C6,ResInorgRareTitanium,Titanium,Rare
Schrodinger,Schrodinger II,Planet,0005E0B5,SchrodingerIIPlanetData,87902,0,2,Inorganic,000057EE,ResInorgExoticPlutonium,Plutonium,Exotic
Schrodinger,Schrodinger II,Planet,0005E0B5,SchrodingerIIPlanetData,87902,0,2,Inorganic,00005DF5,ResInorgUniqueAldumite,Aldumite,Unique
Schrodinger,Schrodinger III,Planet,0005E0B6,SchrodingerIIIPlanetData,87902,0,3,Inorganic,000057EA,ResInorgCommonArgon_G,Argon,Common
Schrodinger,Schrodinger III,Planet,0005E0B6,SchrodingerIIIPlanetData,87902,0,3,Inorganic,000057D5,ResInorgCommonChlorine_G,Chlorine,Common
Schrodinger,Schrodinger III,Planet,0005E0B6,SchrodingerIIIPlanetData,87902,0,3,Inorganic,000057C7,ResInorgCommonIron,Iron,Common
Schrodinger,Schrodinger III,Planet,0005E0B6,SchrodingerIIIPlanetData,87902,0,3,Inorganic,000057CB,ResInorgCommonNickel,Nickel,Common
Schrodinger,Schrodinger III,Planet,0005E0B6,SchrodingerIIIPlanetData,87902,0,3,Inorganic,000083EC,ResInorgCommonWater_L,Water,Common
Schrodinger,Schrodinger III,Planet,0005E0B6,SchrodingerIIIPlanetData,87902,0,3,Inorganic,000057CE,ResInorgUncommonCobalt,Cobalt,Uncommon
Schrodinger,Schrodinger III,Planet,0005E0B6,SchrodingerIIIPlanetData,87902,0,3,Organic,00077821,ResOrgCommonFiber,Fiber,Common
Schrodinger,Schrodinger III,Planet,0005E0B6,SchrodingerIIIPlanetData,87902,0,3,Organic,0029F3FD,ResOrgCommonMetabolicAgent,MetabolicAgent,Common
Schrodinger,Schrodinger III,Planet,0005E0B6,SchrodingerIIIPlanetData,87902,0,3,Organic,000777E6,ResOrgCommonNutrient,Nutrient,Common
Schrodinger,Schrodinger III,Planet,0005E0B6,SchrodingerIIIPlanetData,87902,0,3,Organic,00224640,ResOrgCommonNutrientFaunaHerbivore,Nutrient,Common
Schrodinger,Schrodinger III,Planet,0005E0B6,SchrodingerIIIPlanetData,87902,0,3,Organic,0007782D,ResOrgCommonSealant,Sealant,Common
Schrodinger,Schrodinger III,Planet,0005E0B6,SchrodingerIIIPlanetData,87902,0,3,Organic,0022462E,ResOrgCommonSealantFaunaHerbivore,Sealant,Common
Schrodinger,Schrodinger III,Planet,0005E0B6,SchrodingerIIIPlanetData,87902,0,3,Organic,000777FA,ResOrgCommonStructural,Structural,Common
Schrodinger,Schrodinger III,Planet,0005E0B6,SchrodingerIIIPlanetData,87902,0,3,Organic,00077823,ResOrgCommonToxin,Toxin,Common
Schrodinger,Schrodinger III,Planet,0005E0B6,SchrodingerIIIPlanetData,87902,0,3,Organic,0022465B,ResOrgCommonToxinFaunaCarnivore,Toxin,Common
Schrodinger,Schrodinger III,Planet,0005E0B6,SchrodingerIIIPlanetData,87902,0,3,Organic,002246D8,ResOrgUncommonAntimicrobialFaunaHerbivore,Antimicrobial,Uncommon
Schrodinger,Schrodinger III,Planet,0005E0B6,SchrodingerIIIPlanetData,87902,0,3,Organic,0022464D,ResOrgUncommonMembraneFaunaCarnivore,Membrane,Uncommon
Schrodinger,Schrodinger III,Planet,0005E0B6,SchrodingerIIIPlanetData,87902,0,3,Organic,0022464C,ResOrgUncommonPigmentFaunaCarnivore,Pigment,Uncommon
Schrodinger,Schrodinger III,Planet,0005E0B6,SchrodingerIIIPlanetData,87902,0,3,Organic,00077829,ResOrgRareAnalgesic,Analgesic,Rare
Schrodinger,Schrodinger III,Planet,0005E0B6,SchrodingerIIIPlanetData,87902,0,3,Organic,00224632,ResOrgRareSedativeFaunaHerbivore,Sedative,Rare
Schrodinger,Schrodinger III,Planet,0005E0B6,SchrodingerIIIPlanetData,87902,0,3,Organic,00224657,ResOrgExoticStimulantFaunaCarnivore,Stimulant,Exotic
Schrodinger,Schrodinger III,Planet,0005E0B6,SchrodingerIIIPlanetData,87902,0,3,Organic,00224645,ResOrgUniqueLuxuryTextileFaunaCarnivore,LuxuryTextile,Unique
Schrodinger,Schrodinger III-a,Moon,0005E0B7,SchrodingerIII-aPlanetData,87902,3,11,Inorganic,000057D6,ResInorgCommonAluminum,Aluminum,Common
Schrodinger,Schrodinger III-a,Moon,0005E0B7,SchrodingerIII-aPlanetData,87902,3,11,Inorganic,000057F5,ResInorgCommonHelium3_G,Helium3,Common
Schrodinger,Schrodinger III-a,Moon,0005E0B7,SchrodingerIII-aPlanetData,87902,3,11,Inorganic,000057D8,ResInorgUncommonBeryllium,Beryllium,Uncommon
Schrodinger,Schrodinger III-a,Moon,0005E0B7,SchrodingerIII-aPlanetData,87902,3,11,Inorganic,000057DB,ResInorgRareNeodymium,Neodymium,Rare
Schrodinger,Schrodinger IV,Planet,0005E0B8,SchrodingerIVPlanetData,87902,0,4,Inorganic,000057D6,ResInorgCommonAluminum,Aluminum,Common
Schrodinger,Schrodinger IV,Planet,0005E0B8,SchrodingerIVPlanetData,87902,0,4,Inorganic,000057D5,ResInorgCommonChlorine_G,Chlorine,Common
Schrodinger,Schrodinger IV,Planet,0005E0B8,SchrodingerIVPlanetData,87902,0,4,Inorganic,000057CF,ResInorgCommonCopper,Copper,Common
Schrodinger,Schrodinger IV,Planet,0005E0B8,SchrodingerIVPlanetData,87902,0,4,Inorganic,000083EC,ResInorgCommonWater_L,Water,Common
Schrodinger,Schrodinger IV,Planet,0005E0B8,SchrodingerIVPlanetData,87902,0,4,Inorganic,000057D7,ResInorgUncommonChlorosilanes_L,Chlorosilanes,Uncommon
Schrodinger,Schrodinger IV,Planet,0005E0B8,SchrodingerIVPlanetData,87902,0,4,Inorganic,000057D0,ResInorgUncommonFluorine_G,Fluorine,Uncommon
Schrodinger,Schrodinger IV,Planet,0005E0B8,SchrodingerIVPlanetData,87902,0,4,Inorganic,000057DB,ResInorgRareNeodymium,Neodymium,Rare
Schrodinger,Schrodinger IV,Planet,0005E0B8,SchrodingerIVPlanetData,87902,0,4,Organic,00077821,ResOrgCommonFiber,Fiber,Common
Schrodinger,Schrodinger IV,Planet,0005E0B8,SchrodingerIVPlanetData,87902,0,4,Organic,00224641,ResOrgCommonMetabolicAgentFaunaHerbivore,MetabolicAgent,Common
Schrodinger,Schrodinger IV,Planet,0005E0B8,SchrodingerIVPlanetData,87902,0,4,Organic,000777E6,ResOrgCommonNutrient,Nutrient,Common
Schrodinger,Schrodinger IV,Planet,0005E0B8,SchrodingerIVPlanetData,87902,0,4,Organic,000777FA,ResOrgCommonStructural,Structural,Common
Schrodinger,Schrodinger IV,Planet,0005E0B8,SchrodingerIVPlanetData,87902,0,4,Organic,00077823,ResOrgCommonToxin,Toxin,Common
Schrodinger,Schrodinger IV,Planet,0005E0B8,SchrodingerIVPlanetData,87902,0,4,Organic,0022462D,ResOrgUncommonSpiceFaunaHerbivore,Spice,Uncommon
Schrodinger,Schrodinger IV,Planet,0005E0B8,SchrodingerIVPlanetData,87902,0,4,Organic,00224653,ResOrgRareAminoAcidsFaunaCarnivore,AminoAcids,Rare
Schrodinger,Schrodinger V,Planet,0005E0B9,SchrodingerVPlanetData,87902,0,5,Inorganic,000057CB,ResInorgCommonNickel,Nickel,Common
Schrodinger,Schrodinger V,Planet,0005E0B9,SchrodingerVPlanetData,87902,0,5,Inorganic,000057EB,ResInorgCommonUranium,Uranium,Common
Schrodinger,Schrodinger V,Planet,0005E0B9,SchrodingerVPlanetData,87902,0,5,Inorganic,000083EC,ResInorgCommonWater_L,Water,Common
Schrodinger,Schrodinger V,Planet,0005E0B9,SchrodingerVPlanetData,87902,0,5,Inorganic,000057EC,ResInorgUncommonIridium,Iridium,Uncommon
Schrodinger,Schrodinger V,Planet,0005E0B9,SchrodingerVPlanetData,87902,0,5,Inorganic,000057ED,ResInorgRareVanadium,Vanadium,Rare
Schrodinger,Schrodinger V-a,Moon,0005E0BA,SchrodingerV-aPlanetData,87902,5,12,Inorganic,000057F5,ResInorgCommonHelium3_G,Helium3,Common
Schrodinger,Schrodinger V-a,Moon,0005E0BA,SchrodingerV-aPlanetData,87902,5,12,Inorganic,000057C7,ResInorgCommonIron,Iron,Common
Schrodinger,Schrodinger VI-a,Moon,0005E0BC,SchrodingerVI-aPlanetData,87902,6,13,Inorganic,000057C1,ResInorgCommonLead,Lead,Common
Schrodinger,Schrodinger VI-a,Moon,0005E0BC,SchrodingerVI-aPlanetData,87902,6,13,Inorganic,000083EC,ResInorgCommonWater_L,Water,Common
Schrodinger,Schrodinger VI-a,Moon,0005E0BC,SchrodingerVI-aPlanetData,87902,6,13,Inorganic,000057C3,ResInorgUncommonSilver,Silver,Uncommon
Schrodinger,Schrodinger VI-a,Moon,0005E0BC,SchrodingerVI-aPlanetData,87902,6,13,Inorganic,0027C499,ResInorgRareMercury_L,Mercury,Rare
Schrodinger,Schrodinger VI-b,Moon,0005E0BD,SchrodingerVI-bPlanetData,87902,6,14,Inorganic,000057CF,ResInorgCommonCopper,Copper,Common
Schrodinger,Schrodinger VI-b,Moon,0005E0BD,SchrodingerVI-bPlanetData,87902,6,14,Inorganic,000083EC,ResInorgCommonWater_L,Water,Common
Schrodinger,Schrodinger VI-b,Moon,0005E0BD,SchrodingerVI-bPlanetData,87902,6,14,Inorganic,000057D0,ResInorgUncommonFluorine_G,Fluorine,Uncommon
Schrodinger,Schrodinger VI-c,Moon,0005E0BE,SchrodingerVI-cPlanetData,87902,6,15,Inorganic,000057EA,ResInorgCommonArgon_G,Argon,Common
Schrodinger,Schrodinger VI-c,Moon,0005E0BE,SchrodingerVI-cPlanetData,87902,6,15,Inorganic,000057C7,ResInorgCommonIron,Iron,Common
Schrodinger,Schrodinger VI-c,Moon,0005E0BE,SchrodingerVI-cPlanetData,87902,6,15,Inorganic,000057C1,ResInorgCommonLead,Lead,Common
Schrodinger,Schrodinger VI-c,Moon,0005E0BE,SchrodingerVI-cPlanetData,87902,6,15,Inorganic,000083EC,ResInorgCommonWater_L,Water,Common
Schrodinger,Schrodinger VI-c,Moon,0005E0BE,SchrodingerVI-cPlanetData,87902,6,15,Inorganic,000057C9,ResInorgUncommonAlkanes_G,Alkanes,Uncommon
Schrodinger,Schrodinger VI-c,Moon,0005E0BE,SchrodingerVI-cPlanetData,87902,6,15,Inorganic,000057E8,ResInorgRareCarboxylicAcids_L,CarboxylicAcids,Rare
Schrodinger,Schrodinger VI-c,Moon,0005E0BE,SchrodingerVI-cPlanetData,87902,6,15,Inorganic,000057C8,ResInorgRareTantalum,Tantalum,Rare
Schrodinger,Schrodinger VI-c,Moon,0005E0BE,SchrodingerVI-cPlanetData,87902,6,15,Inorganic,000057E9,ResInorgExoticNeon_G,Neon,Exotic
Schrodinger,Schrodinger VII-a,Moon,0005E0C1,SchrodingerVII-aPlanetData,87902,7,17,Inorganic,000057D6,ResInorgCommonAluminum,Aluminum,Common
Schrodinger,Schrodinger VII-a,Moon,0005E0C1,SchrodingerVII-aPlanetData,87902,7,17,Inorganic,000057F5,ResInorgCommonHelium3_G,Helium3,Common
Schrodinger,Schrodinger VII-a,Moon,0005E0C1,SchrodingerVII-aPlanetData,87902,7,17,Inorganic,000057D8,ResInorgUncommonBeryllium,Beryllium,Uncommon
Schrodinger,Schrodinger VII-a,Moon,0005E0C1,SchrodingerVII-aPlanetData,87902,7,17,Inorganic,000057DB,ResInorgRareNeodymium,Neodymium,Rare
Schrodinger,Schrodinger VII-b,Moon,0005E0C0,SchrodingerVII-bPlanetData,87902,7,16,Inorganic,000057EA,ResInorgCommonArgon_G,Argon,Common
Schrodinger,Schrodinger VII-b,Moon,0005E0C0,SchrodingerVII-bPlanetData,87902,7,16,Inorganic,000083EC,ResInorgCommonWater_L,Water,Common
Schrodinger,Schrodinger VII-b,Moon,0005E0C0,SchrodingerVII-bPlanetData,87902,7,16,Inorganic,000057E9,ResInorgExoticNeon_G,Neon,Exotic
Schrodinger,Schrodinger VII-c,Moon,0005E0C2,SchrodingerVII-cPlanetData,87902,7,18,Inorganic,000057EA,ResInorgCommonArgon_G,Argon,Common
Schrodinger,Schrodinger VII-c,Moon,0005E0C2,SchrodingerVII-cPlanetData,87902,7,18,Inorganic,000083EC,ResInorgCommonWater_L,Water,Common
Schrodinger,Schrodinger VII-c,Moon,0005E0C2,SchrodingerVII-cPlanetData,87902,7,18,Inorganic,000057E7,ResInorgUncommonBenzene_G,Benzene,Uncommon
Schrodinger,Schrodinger VIII-a,Moon,0005E0C5,SchrodingerVIII-aPlanetData,87902,8,20,Inorganic,000057D5,ResInorgCommonChlorine_G,Chlorine,Common
Schrodinger,Schrodinger VIII-a,Moon,0005E0C5,SchrodingerVIII-aPlanetData,87902,8,20,Inorganic,000057C7,ResInorgCommonIron,Iron,Common
Schrodinger,Schrodinger VIII-a,Moon,0005E0C5,SchrodingerVIII-aPlanetData,87902,8,20,Inorganic,000057C1,ResInorgCommonLead,Lead,Common
Schrodinger,Schrodinger VIII-a,Moon,0005E0C5,SchrodingerVIII-aPlanetData,87902,8,20,Inorganic,000057CB,ResInorgCommonNickel,Nickel,Common
Schrodinger,Schrodinger VIII-a,Moon,0005E0C5,SchrodingerVIII-aPlanetData,87902,8,20,Inorganic,000057EB,ResInorgCommonUranium,Uranium,Common
Schrodinger,Schrodinger VIII-a,Moon,0005E0C5,SchrodingerVIII-aPlanetData,87902,8,20,Inorganic,000083EC,ResInorgCommonWater_L,Water,Common
Schrodinger,Schrodinger VIII-a,Moon,0005E0C5,SchrodingerVIII-aPlanetData,87902,8,20,Inorganic,000057C9,ResInorgUncommonAlkanes_G,Alkanes,Uncommon
Schrodinger,Schrodinger VIII-a,Moon,0005E0C5,SchrodingerVIII-aPlanetData,87902,8,20,Inorganic,000057CE,ResInorgUncommonCobalt,Cobalt,Uncommon
Schrodinger,Schrodinger VIII-a,Moon,0005E0C5,SchrodingerVIII-aPlanetData,87902,8,20,Organic,0029F3FD,ResOrgCommonMetabolicAgent,MetabolicAgent,Common
Schrodinger,Schrodinger VIII-a,Moon,0005E0C5,SchrodingerVIII-aPlanetData,87902,8,20,Organic,000777E6,ResOrgCommonNutrient,Nutrient,Common
Schrodinger,Schrodinger VIII-a,Moon,0005E0C5,SchrodingerVIII-aPlanetData,87902,8,20,Organic,0007782D,ResOrgCommonSealant,Sealant,Common
Schrodinger,Schrodinger VIII-a,Moon,0005E0C5,SchrodingerVIII-aPlanetData,87902,8,20,Organic,000777FA,ResOrgCommonStructural,Structural,Common
Schrodinger,Schrodinger VIII-a,Moon,0005E0C5,SchrodingerVIII-aPlanetData,87902,8,20,Organic,0022462F,ResOrgUncommonPigmentFaunaHerbivore,Pigment,Uncommon
Schrodinger,Schrodinger VIII-a,Moon,0005E0C5,SchrodingerVIII-aPlanetData,87902,8,20,Organic,0022464F,ResOrgRareSedativeFaunaCarnivore,Sedative,Rare
Schrodinger,Schrodinger VIII-a,Moon,0005E0C5,SchrodingerVIII-aPlanetData,87902,8,20,Organic,0022463B,ResOrgExoticLubricantFaunaHerbivore,Lubricant,Exotic
Schrodinger,Schrodinger VIII-b,Moon,0005E0C6,SchrodingerVIII-bPlanetData,87902,8,21,Inorganic,000057CF,ResInorgCommonCopper,Copper,Common
Schrodinger,Schrodinger VIII-b,Moon,0005E0C6,SchrodingerVIII-bPlanetData,87902,8,21,Inorganic,000083EC,ResInorgCommonWater_L,Water,Common
Schrodinger,Schrodinger VIII-b,Moon,0005E0C6,SchrodingerVIII-bPlanetData,87902,8,21,Inorganic,000057D1,ResInorgRareTetrafluorides_G,Tetrafluorides,Rare
Schrodinger,Schrodinger VIII-c,Moon,0005E0C4,SchrodingerVIII-cPlanetData,87902,8,19,Inorganic,000057D5,ResInorgCommonChlorine_G,Chlorine,Common
Schrodinger,Schrodinger VIII-c,Moon,0005E0C4,SchrodingerVIII-cPlanetData,87902,8,19,Inorganic,000083EC,ResInorgCommonWater_L,Water,Common
Schrodinger,Schrodinger VIII-d,Moon,0005E0C7,SchrodingerVIII-dPlanetData,87902,8,22,Inorganic,000057D5,ResInorgCommonChlorine_G,Chlorine,Common
Schrodinger,Schrodinger VIII-d,Moon,0005E0C7,SchrodingerVIII-dPlanetData,87902,8,22,Inorganic,000083EC,ResInorgCommonWater_L,Water,Common
Schrodinger,Schrodinger VIII-d,Moon,0005E0C7,SchrodingerVIII-dPlanetData,87902,8,22,Inorganic,000057D7,ResInorgUncommonChlorosilanes_L,Chlorosilanes,Uncommon
Schrodinger,Schrodinger VIII-e,Moon,0005E0C8,SchrodingerVIII-ePlanetData,87902,8,23,Inorganic,000057D5,ResInorgCommonChlorine_G,Chlorine,Common
Schrodinger,Schrodinger VIII-e,Moon,0005E0C8,SchrodingerVIII-ePlanetData,87902,8,23,Inorganic,000057C7,ResInorgCommonIron,Iron,Common
Schrodinger,Schrodinger VIII-e,Moon,0005E0C8,SchrodingerVIII-ePlanetData,87902,8,23,Inorganic,000057C1,ResInorgCommonLead,Lead,Common
Schrodinger,Schrodinger VIII-e,Moon,0005E0C8,SchrodingerVIII-ePlanetData,87902,8,23,Inorganic,000083EC,ResInorgCommonWater_L,Water,Common
Schrodinger,Schrodinger VIII-e,Moon,0005E0C8,SchrodingerVIII-ePlanetData,87902,8,23,Inorganic,000057DA,ResInorgRareLithium,Lithium,Rare
Schrodinger,Schrodinger VIII-e,Moon,0005E0C8,SchrodingerVIII-ePlanetData,87902,8,23,Inorganic,000057C2,ResInorgExoticDysprosium,Dysprosium,Exotic
Serpentis,Serpentis I,Planet,0005E23F,SerpentisIPlanetData,76835,0,1,Inorganic,000057D6,ResInorgCommonAluminum,Aluminum,Common
Serpentis,Serpentis I,Planet,0005E23F,SerpentisIPlanetData,76835,0,1,Inorganic,000057F5,ResInorgCommonHelium3_G,Helium3,Common
Serpentis,Serpentis I,Planet,0005E23F,SerpentisIPlanetData,76835,0,1,Inorganic,000057EB,ResInorgCommonUranium,Uranium,Common
Serpentis,Serpentis I,Planet,0005E23F,SerpentisIPlanetData,76835,0,1,Inorganic,000057ED,ResInorgRareVanadium,Vanadium,Rare
Serpentis,Serpentis II,Planet,0005E240,SerpentisIIPlanetData,76835,0,2,Inorganic,000057D6,ResInorgCommonAluminum,Aluminum,Common
Serpentis,Serpentis II,Planet,0005E240,SerpentisIIPlanetData,76835,0,2,Inorganic,000057D5,ResInorgCommonChlorine_G,Chlorine,Common
Serpentis,Serpentis II,Planet,0005E240,SerpentisIIPlanetData,76835,0,2,Inorganic,000057C1,ResInorgCommonLead,Lead,Common
Serpentis,Serpentis II,Planet,0005E240,SerpentisIIPlanetData,76835,0,2,Inorganic,000083EC,ResInorgCommonWater_L,Water,Common
Serpentis,Serpentis II,Planet,0005E240,SerpentisIIPlanetData,76835,0,2,Inorganic,000057D8,ResInorgUncommonBeryllium,Beryllium,Uncommon
Serpentis,Serpentis II,Planet,0005E240,SerpentisIIPlanetData,76835,0,2,Inorganic,000057D7,ResInorgUncommonChlorosilanes_L,Chlorosilanes,Uncommon
Serpentis,Serpentis II,Planet,0005E240,SerpentisIIPlanetData,76835,0,2,Inorganic,000057C4,ResInorgUncommonTungsten,Tungsten,Uncommon
Serpentis,Serpentis II,Planet,0005E240,SerpentisIIPlanetData,76835,0,2,Inorganic,000057DA,ResInorgRareLithium,Lithium,Rare
Serpentis,Serpentis II,Planet,0005E240,SerpentisIIPlanetData,76835,0,2,Organic,000777E6,ResOrgCommonNutrient,Nutrient,Common
Serpentis,Serpentis II,Planet,0005E240,SerpentisIIPlanetData,76835,0,2,Organic,0022465D,ResOrgCommonNutrientFaunaCarnivore,Nutrient,Common
Serpentis,Serpentis II,Planet,0005E240,SerpentisIIPlanetData,76835,0,2,Organic,0022462E,ResOrgCommonSealantFaunaHerbivore,Sealant,Common
Serpentis,Serpentis II,Planet,0005E240,SerpentisIIPlanetData,76835,0,2,Organic,000777FA,ResOrgCommonStructural,Structural,Common
Serpentis,Serpentis II,Planet,0005E240,SerpentisIIPlanetData,76835,0,2,Organic,00077823,ResOrgCommonToxin,Toxin,Common
Serpentis,Serpentis II,Planet,0005E240,SerpentisIIPlanetData,76835,0,2,Organic,00224636,ResOrgRareAminoAcidsFaunaHerbivore,AminoAcids,Rare
Serpentis,Serpentis II-a,Moon,0005E241,SerpentisII-aPlanetData,76835,2,8,Inorganic,000057D6,ResInorgCommonAluminum,Aluminum,Common
Serpentis,Serpentis II-a,Moon,0005E241,SerpentisII-aPlanetData,76835,2,8,Inorganic,000057F5,ResInorgCommonHelium3_G,Helium3,Common
Serpentis,Serpentis II-b,Moon,0005E242,SerpentisII-bPlanetData,76835,2,9,Inorganic,000057F5,ResInorgCommonHelium3_G,Helium3,Common
Serpentis,Serpentis II-b,Moon,0005E242,SerpentisII-bPlanetData,76835,2,9,Inorganic,000057C7,ResInorgCommonIron,Iron,Common
Serpentis,Serpentis III,Planet,0005E243,SerpentisIIIPlanetData,76835,0,3,Inorganic,000057CF,ResInorgCommonCopper,Copper,Common
Serpentis,Serpentis III,Planet,0005E243,SerpentisIIIPlanetData,76835,0,3,Inorganic,000057C1,ResInorgCommonLead,Lead,Common
Serpentis,Serpentis III,Planet,0005E243,SerpentisIIIPlanetData,76835,0,3,Inorganic,000083EC,ResInorgCommonWater_L,Water,Common
Serpentis,Serpentis III,Planet,0005E243,SerpentisIIIPlanetData,76835,0,3,Inorganic,000057D0,ResInorgUncommonFluorine_G,Fluorine,Uncommon
Serpentis,Serpentis III,Planet,0005E243,SerpentisIIIPlanetData,76835,0,3,Organic,00077821,ResOrgCommonFiber,Fiber,Common
Serpentis,Serpentis III,Planet,0005E243,SerpentisIIIPlanetData,76835,0,3,Organic,00224641,ResOrgCommonMetabolicAgentFaunaHerbivore,MetabolicAgent,Common
Serpentis,Serpentis III,Planet,0005E243,SerpentisIIIPlanetData,76835,0,3,Organic,000777E6,ResOrgCommonNutrient,Nutrient,Common
Serpentis,Serpentis III,Planet,0005E243,SerpentisIIIPlanetData,76835,0,3,Organic,00224640,ResOrgCommonNutrientFaunaHerbivore,Nutrient,Common
Serpentis,Serpentis III,Planet,0005E243,SerpentisIIIPlanetData,76835,0,3,Organic,000777FA,ResOrgCommonStructural,Structural,Common
Serpentis,Serpentis III,Planet,0005E243,SerpentisIIIPlanetData,76835,0,3,Organic,00077823,ResOrgCommonToxin,Toxin,Common
Serpentis,Serpentis III,Planet,0005E243,SerpentisIIIPlanetData,76835,0,3,Organic,000777F8,ResOrgUncommonCosmetic,Cosmetic,Uncommon
Serpentis,Serpentis III,Planet,0005E243,SerpentisIIIPlanetData,76835,0,3,Organic,0022465C,ResOrgUncommonOrnamentalFaunaCarnivore,Ornamental,Uncommon
Serpentis,Serpentis III,Planet,0005E243,SerpentisIIIPlanetData,76835,0,3,Organic,0022462F,ResOrgUncommonPigmentFaunaHerbivore,Pigment,Uncommon
Serpentis,Serpentis III,Planet,0005E243,SerpentisIIIPlanetData,76835,0,3,Organic,0022463B,ResOrgExoticLubricantFaunaHerbivore,Lubricant,Exotic
Serpentis,Serpentis IV,Planet,0005E244,SerpentisIVPlanetData,76835,0,4,Inorganic,000057EA,ResInorgCommonArgon_G,Argon,Common
Serpentis,Serpentis IV,Planet,0005E244,SerpentisIVPlanetData,76835,0,4,Inorganic,000057D5,ResInorgCommonChlorine_G,Chlorine,Common
Serpentis,Serpentis IV,Planet,0005E244,SerpentisIVPlanetData,76835,0,4,Inorganic,000057CF,ResInorgCommonCopper,Copper,Common
Serpentis,Serpentis IV,Planet,0005E244,SerpentisIVPlanetData,76835,0,4,Inorganic,000083EC,ResInorgCommonWater_L,Water,Common
Serpentis,Serpentis IV,Planet,0005E244,SerpentisIVPlanetData,76835,0,4,Inorganic,000057E7,ResInorgUncommonBenzene_G,Benzene,Uncommon
Serpentis,Serpentis IV,Planet,0005E244,SerpentisIVPlanetData,76835,0,4,Inorganic,000057D7,ResInorgUncommonChlorosilanes_L,Chlorosilanes,Uncommon
Serpentis,Serpentis IV,Planet,0005E244,SerpentisIVPlanetData,76835,0,4,Inorganic,000057D0,ResInorgUncommonFluorine_G,Fluorine,Uncommon
Serpentis,Serpentis IV,Planet,0005E244,SerpentisIVPlanetData,76835,0,4,Inorganic,000057DA,ResInorgRareLithium,Lithium,Rare
Serpentis,Serpentis IV,Planet,0005E244,SerpentisIVPlanetData,76835,0,4,Organic,00077821,ResOrgCommonFiber,Fiber,Common
Serpentis,Serpentis IV,Planet,0005E244,SerpentisIVPlanetData,76835,0,4,Organic,0029F3FD,ResOrgCommonMetabolicAgent,MetabolicAgent,Common
Serpentis,Serpentis IV,Planet,0005E244,SerpentisIVPlanetData,76835,0,4,Organic,00224641,ResOrgCommonMetabolicAgentFaunaHerbivore,MetabolicAgent,Common
Serpentis,Serpentis IV,Planet,0005E244,SerpentisIVPlanetData,76835,0,4,Organic,000777E6,ResOrgCommonNutrient,Nutrient,Common
Serpentis,Serpentis IV,Planet,0005E244,SerpentisIVPlanetData,76835,0,4,Organic,00224640,ResOrgCommonNutrientFaunaHerbivore,Nutrient,Common
Serpentis,Serpentis IV,Planet,0005E244,SerpentisIVPlanetData,76835,0,4,Organic,0007782D,ResOrgCommonSealant,Sealant,Common
Serpentis,Serpentis IV,Planet,0005E244,SerpentisIVPlanetData,76835,0,4,Organic,0022464B,ResOrgCommonSealantFaunaCarnivore,Sealant,Common
Serpentis,Serpentis IV,Planet,0005E244,SerpentisIVPlanetData,76835,0,4,Organic,0022462E,ResOrgCommonSealantFaunaHerbivore,Sealant,Common
Serpentis,Serpentis IV,Planet,0005E244,SerpentisIVPlanetData,76835,0,4,Organic,000777FA,ResOrgCommonStructural,Structural,Common
Serpentis,Serpentis IV,Planet,0005E244,SerpentisIVPlanetData,76835,0,4,Organic,0022462C,ResOrgCommonStructuralFaunaHerbivore,Structural,Common
Serpentis,Serpentis IV,Planet,0005E244,SerpentisIVPlanetData,76835,0,4,Organic,00077823,ResOrgCommonToxin,Toxin,Common
Serpentis,Serpentis IV,Planet,0005E244,SerpentisIVPlanetData,76835,0,4,Organic,0022463E,ResOrgCommonToxinFaunaHerbivore,Toxin,Common
Serpentis,Serpentis IV,Planet,0005E244,SerpentisIVPlanetData,76835,0,4,Organic,00224630,ResOrgUncommonMembraneFaunaHerbivore,Membrane,Uncommon
Serpentis,Serpentis IV,Planet,0005E244,SerpentisIVPlanetData,76835,0,4,Organic,0022465C,ResOrgUncommonOrnamentalFaunaCarnivore,Ornamental,Uncommon
Serpentis,Serpentis IV,Planet,0005E244,SerpentisIVPlanetData,76835,0,4,Organic,0022462D,ResOrgUncommonSpiceFaunaHerbivore,Spice,Uncommon
Serpentis,Serpentis IV,Planet,0005E244,SerpentisIVPlanetData,76835,0,4,Organic,00224636,ResOrgRareAminoAcidsFaunaHerbivore,AminoAcids,Rare
Serpentis,Serpentis IV,Planet,0005E244,SerpentisIVPlanetData,76835,0,4,Organic,00224635,ResOrgRareAnalgesicFaunaHerbivore,Analgesic,Rare
Serpentis,Serpentis IV,Planet,0005E244,SerpentisIVPlanetData,76835,0,4,Organic,0022464F,ResOrgRareSedativeFaunaCarnivore,Sedative,Rare
Serpentis,Serpentis IV-a,Moon,0005E245,SerpentisIV-aPlanetData,76835,4,10,Inorganic,000057D6,ResInorgCommonAluminum,Aluminum,Common
Serpentis,Serpentis IV-a,Moon,0005E245,SerpentisIV-aPlanetData,76835,4,10,Inorganic,000057F5,ResInorgCommonHelium3_G,Helium3,Common
Serpentis,Serpentis IV-a,Moon,0005E245,SerpentisIV-aPlanetData,76835,4,10,Inorganic,000057D8,ResInorgUncommonBeryllium,Beryllium,Uncommon
Serpentis,Serpentis IV-a,Moon,0005E245,SerpentisIV-aPlanetData,76835,4,10,Inorganic,000057DB,ResInorgRareNeodymium,Neodymium,Rare
Serpentis,Serpentis V-a,Moon,0005E249,SerpentisV-aPlanetData,76835,5,13,Inorganic,000057CB,ResInorgCommonNickel,Nickel,Common
Serpentis,Serpentis V-a,Moon,0005E249,SerpentisV-aPlanetData,76835,5,13,Inorganic,000083EC,ResInorgCommonWater_L,Water,Common
Serpentis,Serpentis V-a,Moon,0005E249,SerpentisV-aPlanetData,76835,5,13,Inorganic,000057CE,ResInorgUncommonCobalt,Cobalt,Uncommon
Serpentis,Serpentis V-a,Moon,0005E249,SerpentisV-aPlanetData,76835,5,13,Inorganic,000057CD,ResInorgExoticPalladium,Palladium,Exotic
Serpentis,Serpentis V-b,Moon,0005E24A,SerpentisV-bPlanetData,76835,5,14,Inorganic,000057C1,ResInorgCommonLead,Lead,Common
Serpentis,Serpentis V-b,Moon,0005E24A,SerpentisV-bPlanetData,76835,5,14,Inorganic,000083EC,ResInorgCommonWater_L,Water,Common
Serpentis,Serpentis V-c,Moon,0005E247,SerpentisV-cPlanetData,76835,5,11,Inorganic,000057EA,ResInorgCommonArgon_G,Argon,Common
Serpentis,Serpentis V-c,Moon,0005E247,SerpentisV-cPlanetData,76835,5,11,Inorganic,000083EC,ResInorgCommonWater_L,Water,Common
Serpentis,Serpentis V-d,Moon,0005E248,SerpentisV-dPlanetData,76835,5,12,Inorganic,000057D6,ResInorgCommonAluminum,Aluminum,Common
Serpentis,Serpentis V-d,Moon,0005E248,SerpentisV-dPlanetData,76835,5,12,Inorganic,000057F5,ResInorgCommonHelium3_G,Helium3,Common
Serpentis,Serpentis V-d,Moon,0005E248,SerpentisV-dPlanetData,76835,5,12,Inorganic,000057C7,ResInorgCommonIron,Iron,Common
Serpentis,Serpentis V-d,Moon,0005E248,SerpentisV-dPlanetData,76835,5,12,Inorganic,000057CB,ResInorgCommonNickel,Nickel,Common
Serpentis,Serpentis V-d,Moon,0005E248,SerpentisV-dPlanetData,76835,5,12,Inorganic,000083EC,ResInorgCommonWater_L,Water,Common
Serpentis,Serpentis V-d,Moon,0005E248,SerpentisV-dPlanetData,76835,5,12,Inorganic,000057C9,ResInorgUncommonAlkanes_G,Alkanes,Uncommon
Serpentis,Serpentis V-d,Moon,0005E248,SerpentisV-dPlanetData,76835,5,12,Inorganic,000057D8,ResInorgUncommonBeryllium,Beryllium,Uncommon
Serpentis,Serpentis V-d,Moon,0005E248,SerpentisV-dPlanetData,76835,5,12,Inorganic,000057CE,ResInorgUncommonCobalt,Cobalt,Uncommon
Serpentis,Serpentis VI-a,Moon,0005E24C,SerpentisVI-aPlanetData,76835,6,15,Inorganic,000057EA,ResInorgCommonArgon_G,Argon,Common
Serpentis,Serpentis VI-a,Moon,0005E24C,SerpentisVI-aPlanetData,76835,6,15,Inorganic,000057EB,ResInorgCommonUranium,Uranium,Common
Serpentis,Serpentis VI-a,Moon,0005E24C,SerpentisVI-aPlanetData,76835,6,15,Inorganic,000083EC,ResInorgCommonWater_L,Water,Common
Serpentis,Serpentis VI-b,Moon,0005E24D,SerpentisVI-bPlanetData,76835,6,16,Inorganic,000057EA,ResInorgCommonArgon_G,Argon,Common
Serpentis,Serpentis VI-b,Moon,0005E24D,SerpentisVI-bPlanetData,76835,6,16,Inorganic,000083EC,ResInorgCommonWater_L,Water,Common
Serpentis,Serpentis VI-b,Moon,0005E24D,SerpentisVI-bPlanetData,76835,6,16,Inorganic,000057E7,ResInorgUncommonBenzene_G,Benzene,Uncommon
Shoza,Shoza I,Planet,0005E37A,ShozaIPlanetData,67063,0,1,Inorganic,000057CF,ResInorgCommonCopper,Copper,Common
Shoza,Shoza I,Planet,0005E37A,ShozaIPlanetData,67063,0,1,Inorganic,000057EB,ResInorgCommonUranium,Uranium,Common
Shoza,Shoza I,Planet,0005E37A,ShozaIPlanetData,67063,0,1,Inorganic,000057EC,ResInorgUncommonIridium,Iridium,Uncommon
Shoza,Shoza I-a,Moon,0005E37B,ShozaI-aPlanetData,67063,1,11,Inorganic,000057F5,ResInorgCommonHelium3_G,Helium3,Common
Shoza,Shoza I-a,Moon,0005E37B,ShozaI-aPlanetData,67063,1,11,Inorganic,000057C7,ResInorgCommonIron,Iron,Common
Shoza,Shoza I-a,Moon,0005E37B,ShozaI-aPlanetData,67063,1,11,Inorganic,000057CA,ResInorgExoticYtterbium,Ytterbium,Exotic
Shoza,Shoza II,Planet,0005E37C,ShozaIIPlanetData,67063,0,2,Inorganic,000057D5,ResInorgCommonChlorine_G,Chlorine,Common
Shoza,Shoza II,Planet,0005E37C,ShozaIIPlanetData,67063,0,2,Inorganic,000057CF,ResInorgCommonCopper,Copper,Common
Shoza,Shoza II,Planet,0005E37C,ShozaIIPlanetData,67063,0,2,Inorganic,000057C1,ResInorgCommonLead,Lead,Common
Shoza,Shoza II,Planet,0005E37C,ShozaIIPlanetData,67063,0,2,Inorganic,000057CB,ResInorgCommonNickel,Nickel,Common
Shoza,Shoza II,Planet,0005E37C,ShozaIIPlanetData,67063,0,2,Inorganic,000083EC,ResInorgCommonWater_L,Water,Common
Shoza,Shoza II,Planet,0005E37C,ShozaIIPlanetData,67063,0,2,Inorganic,000057CE,ResInorgUncommonCobalt,Cobalt,Uncommon
Shoza,Shoza II,Planet,0005E37C,ShozaIIPlanetData,67063,0,2,Inorganic,000057C3,ResInorgUncommonSilver,Silver,Uncommon
Shoza,Shoza II,Planet,0005E37C,ShozaIIPlanetData,67063,0,2,Organic,00077821,ResOrgCommonFiber,Fiber,Common
Shoza,Shoza II,Planet,0005E37C,ShozaIIPlanetData,67063,0,2,Organic,0029F3FD,ResOrgCommonMetabolicAgent,MetabolicAgent,Common
Shoza,Shoza II,Planet,0005E37C,ShozaIIPlanetData,67063,0,2,Organic,000777E6,ResOrgCommonNutrient,Nutrient,Common
Shoza,Shoza II,Planet,0005E37C,ShozaIIPlanetData,67063,0,2,Organic,0007782D,ResOrgCommonSealant,Sealant,Common
Shoza,Shoza II,Planet,0005E37C,ShozaIIPlanetData,67063,0,2,Organic,0022462E,ResOrgCommonSealantFaunaHerbivore,Sealant,Common
Shoza,Shoza II,Planet,0005E37C,ShozaIIPlanetData,67063,0,2,Organic,000777FA,ResOrgCommonStructural,Structural,Common
Shoza,Shoza II,Planet,0005E37C,ShozaIIPlanetData,67063,0,2,Organic,0022462C,ResOrgCommonStructuralFaunaHerbivore,Structural,Common
Shoza,Shoza II,Planet,0005E37C,ShozaIIPlanetData,67063,0,2,Organic,00077823,ResOrgCommonToxin,Toxin,Common
Shoza,Shoza II,Planet,0005E37C,ShozaIIPlanetData,67063,0,2,Organic,0022463E,ResOrgCommonToxinFaunaHerbivore,Toxin,Common
Shoza,Shoza II,Planet,0005E37C,ShozaIIPlanetData,67063,0,2,Organic,00224631,ResOrgUncommonCosmeticFaunaHerbivore,Cosmetic,Uncommon
Shoza,Shoza II,Planet,0005E37C,ShozaIIPlanetData,67063,0,2,Organic,00224630,ResOrgUncommonMembraneFaunaHerbivore,Membrane,Uncommon
Shoza,Shoza II,Planet,0005E37C,ShozaIIPlanetData,67063,0,2,Organic,0022465C,ResOrgUncommonOrnamentalFaunaCarnivore,Ornamental,Uncommon
Shoza,Shoza II,Planet,0005E37C,ShozaIIPlanetData,67063,0,2,Organic,0007782E,ResOrgUncommonSpice,Spice,Uncommon
Shoza,Shoza II,Planet,0005E37C,ShozaIIPlanetData,67063,0,2,Organic,00224652,ResOrgRareAnalgesicFaunaCarnivore,Analgesic,Rare
Shoza,Shoza II,Planet,0005E37C,ShozaIIPlanetData,67063,0,2,Organic,0022465A,ResOrgExoticBiosuppressantFaunaCarnivore,Biosuppressant,Exotic
Shoza,Shoza II-a,Moon,0005E37D,ShozaII-aPlanetData,67063,2,12,Inorganic,000057D6,ResInorgCommonAluminum,Aluminum,Common
Shoza,Shoza II-a,Moon,0005E37D,ShozaII-aPlanetData,67063,2,12,Inorganic,000057D5,ResInorgCommonChlorine_G,Chlorine,Common
Shoza,Shoza II-a,Moon,0005E37D,ShozaII-aPlanetData,67063,2,12,Inorganic,000057F5,ResInorgCommonHelium3_G,Helium3,Common
Shoza,Shoza II-a,Moon,0005E37D,ShozaII-aPlanetData,67063,2,12,Inorganic,000057CB,ResInorgCommonNickel,Nickel,Common
Shoza,Shoza II-a,Moon,0005E37D,ShozaII-aPlanetData,67063,2,12,Inorganic,000057EB,ResInorgCommonUranium,Uranium,Common
Shoza,Shoza II-a,Moon,0005E37D,ShozaII-aPlanetData,67063,2,12,Inorganic,000057D7,ResInorgUncommonChlorosilanes_L,Chlorosilanes,Uncommon
Shoza,Shoza II-a,Moon,0005E37D,ShozaII-aPlanetData,67063,2,12,Inorganic,000057CE,ResInorgUncommonCobalt,Cobalt,Uncommon
Shoza,Shoza III,Planet,0005E37E,ShozaIIIPlanetData,67063,0,3,Inorganic,000057D6,ResInorgCommonAluminum,Aluminum,Common
Shoza,Shoza III,Planet,0005E37E,ShozaIIIPlanetData,67063,0,3,Inorganic,000057D5,ResInorgCommonChlorine_G,Chlorine,Common
Shoza,Shoza III,Planet,0005E37E,ShozaIIIPlanetData,67063,0,3,Inorganic,000057CF,ResInorgCommonCopper,Copper,Common
Shoza,Shoza III,Planet,0005E37E,ShozaIIIPlanetData,67063,0,3,Inorganic,000057C1,ResInorgCommonLead,Lead,Common
Shoza,Shoza III,Planet,0005E37E,ShozaIIIPlanetData,67063,0,3,Inorganic,000083EC,ResInorgCommonWater_L,Water,Common
Shoza,Shoza III,Planet,0005E37E,ShozaIIIPlanetData,67063,0,3,Inorganic,000057D7,ResInorgUncommonChlorosilanes_L,Chlorosilanes,Uncommon
Shoza,Shoza III,Planet,0005E37E,ShozaIIIPlanetData,67063,0,3,Inorganic,000057D0,ResInorgUncommonFluorine_G,Fluorine,Uncommon
Shoza,Shoza III,Planet,0005E37E,ShozaIIIPlanetData,67063,0,3,Inorganic,000057DA,ResInorgRareLithium,Lithium,Rare
Shoza,Shoza III,Planet,0005E37E,ShozaIIIPlanetData,67063,0,3,Organic,00077821,ResOrgCommonFiber,Fiber,Common
Shoza,Shoza III,Planet,0005E37E,ShozaIIIPlanetData,67063,0,3,Organic,0029F3FD,ResOrgCommonMetabolicAgent,MetabolicAgent,Common
Shoza,Shoza III,Planet,0005E37E,ShozaIIIPlanetData,67063,0,3,Organic,00224641,ResOrgCommonMetabolicAgentFaunaHerbivore,MetabolicAgent,Common
Shoza,Shoza III,Planet,0005E37E,ShozaIIIPlanetData,67063,0,3,Organic,000777E6,ResOrgCommonNutrient,Nutrient,Common
Shoza,Shoza III,Planet,0005E37E,ShozaIIIPlanetData,67063,0,3,Organic,00224640,ResOrgCommonNutrientFaunaHerbivore,Nutrient,Common
Shoza,Shoza III,Planet,0005E37E,ShozaIIIPlanetData,67063,0,3,Organic,0007782D,ResOrgCommonSealant,Sealant,Common
Shoza,Shoza III,Planet,0005E37E,ShozaIIIPlanetData,67063,0,3,Organic,0022462E,ResOrgCommonSealantFaunaHerbivore,Sealant,Common
Shoza,Shoza III,Planet,0005E37E,ShozaIIIPlanetData,67063,0,3,Organic,000777FA,ResOrgCommonStructural,Structural,Common
Shoza,Shoza III,Planet,0005E37E,ShozaIIIPlanetData,67063,0,3,Organic,0022462C,ResOrgCommonStructuralFaunaHerbivore,Structural,Common
Shoza,Shoza III,Planet,0005E37E,ShozaIIIPlanetData,67063,0,3,Organic,00077823,ResOrgCommonToxin,Toxin,Common
Shoza,Shoza III,Planet,0005E37E,ShozaIIIPlanetData,67063,0,3,Organic,0022465B,ResOrgCommonToxinFaunaCarnivore,Toxin,Common
Shoza,Shoza III,Planet,0005E37E,ShozaIIIPlanetData,67063,0,3,Organic,002246D7,ResOrgUncommonAntimicrobialFaunaCarnivore,Antimicrobial,Uncommon
Shoza,Shoza III,Planet,0005E37E,ShozaIIIPlanetData,67063,0,3,Organic,00224630,ResOrgUncommonMembraneFaunaHerbivore,Membrane,Uncommon
Shoza,Shoza III,Planet,0005E37E,ShozaIIIPlanetData,67063,0,3,Organic,0022463F,ResOrgUncommonOrnamentalFaunaHerbivore,Ornamental,Uncommon
Shoza,Shoza III,Planet,0005E37E,ShozaIIIPlanetData,67063,0,3,Organic,0029F401,ResOrgUncommonPigment,Pigment,Uncommon
Shoza,Shoza III,Planet,0005E37E,ShozaIIIPlanetData,67063,0,3,Organic,00224654,ResOrgRareAdhesiveFaunaCarnivore,Adhesive,Rare
Shoza,Shoza III,Planet,0005E37E,ShozaIIIPlanetData,67063,0,3,Organic,00224634,ResOrgRareAromaticFaunaHerbivore,Aromatic,Rare
Shoza,Shoza III,Planet,0005E37E,ShozaIIIPlanetData,67063,0,3,Organic,0029F403,ResOrgRareHallucinogen,Hallucinogen,Rare
Shoza,Shoza III-a,Moon,0005E37F,ShozaIII-aPlanetData,67063,3,13,Inorganic,000057D6,ResInorgCommonAluminum,Aluminum,Common
Shoza,Shoza III-a,Moon,0005E37F,ShozaIII-aPlanetData,67063,3,13,Inorganic,000057F5,ResInorgCommonHelium3_G,Helium3,Common
Shoza,Shoza III-a,Moon,0005E37F,ShozaIII-aPlanetData,67063,3,13,Inorganic,000057D8,ResInorgUncommonBeryllium,Beryllium,Uncommon
Shoza,Shoza III-a,Moon,0005E37F,ShozaIII-aPlanetData,67063,3,13,Inorganic,000057DB,ResInorgRareNeodymium,Neodymium,Rare
Shoza,Shoza IV,Planet,0005E380,ShozaIVPlanetData,67063,0,4,Inorganic,000057EA,ResInorgCommonArgon_G,Argon,Common
Shoza,Shoza IV,Planet,0005E380,ShozaIVPlanetData,67063,0,4,Inorganic,000057C1,ResInorgCommonLead,Lead,Common
Shoza,Shoza IV,Planet,0005E380,ShozaIVPlanetData,67063,0,4,Inorganic,000057CB,ResInorgCommonNickel,Nickel,Common
Shoza,Shoza IV,Planet,0005E380,ShozaIVPlanetData,67063,0,4,Inorganic,000083EC,ResInorgCommonWater_L,Water,Common
Shoza,Shoza IV,Planet,0005E380,ShozaIVPlanetData,67063,0,4,Inorganic,000057E7,ResInorgUncommonBenzene_G,Benzene,Uncommon
Shoza,Shoza IV,Planet,0005E380,ShozaIVPlanetData,67063,0,4,Inorganic,000057CE,ResInorgUncommonCobalt,Cobalt,Uncommon
Shoza,Shoza IV,Planet,0005E380,ShozaIVPlanetData,67063,0,4,Inorganic,000057E8,ResInorgRareCarboxylicAcids_L,CarboxylicAcids,Rare
Shoza,Shoza IV,Planet,0005E380,ShozaIVPlanetData,67063,0,4,Inorganic,000057CC,ResInorgRarePlatinum,Platinum,Rare
Shoza,Shoza IV,Planet,0005E380,ShozaIVPlanetData,67063,0,4,Organic,00077821,ResOrgCommonFiber,Fiber,Common
Shoza,Shoza IV,Planet,0005E380,ShozaIVPlanetData,67063,0,4,Organic,00224641,ResOrgCommonMetabolicAgentFaunaHerbivore,MetabolicAgent,Common
Shoza,Shoza IV,Planet,0005E380,ShozaIVPlanetData,67063,0,4,Organic,000777E6,ResOrgCommonNutrient,Nutrient,Common
Shoza,Shoza IV,Planet,0005E380,ShozaIVPlanetData,67063,0,4,Organic,000777FA,ResOrgCommonStructural,Structural,Common
Shoza,Shoza IV,Planet,0005E380,ShozaIVPlanetData,67063,0,4,Organic,00077823,ResOrgCommonToxin,Toxin,Common
Shoza,Shoza IV,Planet,0005E380,ShozaIVPlanetData,67063,0,4,Organic,0022465C,ResOrgUncommonOrnamentalFaunaCarnivore,Ornamental,Uncommon
Shoza,Shoza IV,Planet,0005E380,ShozaIVPlanetData,67063,0,4,Organic,0022463D,ResOrgExoticBiosuppressantFaunaHerbivore,Biosuppressant,Exotic
Shoza,Shoza IX,Planet,0005E38D,ShozaIXPlanetData,67063,0,9,Inorganic,000057D5,ResInorgCommonChlorine_G,Chlorine,Common
Shoza,Shoza IX,Planet,0005E38D,ShozaIXPlanetData,67063,0,9,Inorganic,000083EC,ResInorgCommonWater_L,Water,Common
Shoza,Shoza IX,Planet,0005E38D,ShozaIXPlanetData,67063,0,9,Inorganic,000057D7,ResInorgUncommonChlorosilanes_L,Chlorosilanes,Uncommon
Shoza,Shoza V,Planet,0005E381,ShozaVPlanetData,67063,0,5,Inorganic,000057EA,ResInorgCommonArgon_G,Argon,Common
Shoza,Shoza V,Planet,0005E381,ShozaVPlanetData,67063,0,5,Inorganic,000057CF,ResInorgCommonCopper,Copper,Common
Shoza,Shoza V,Planet,0005E381,ShozaVPlanetData,67063,0,5,Inorganic,000057C1,ResInorgCommonLead,Lead,Common
Shoza,Shoza V,Planet,0005E381,ShozaVPlanetData,67063,0,5,Inorganic,000083EC,ResInorgCommonWater_L,Water,Common
Shoza,Shoza V,Planet,0005E381,ShozaVPlanetData,67063,0,5,Inorganic,000057D0,ResInorgUncommonFluorine_G,Fluorine,Uncommon
Shoza,Shoza V,Planet,0005E381,ShozaVPlanetData,67063,0,5,Inorganic,000057C4,ResInorgUncommonTungsten,Tungsten,Uncommon
Shoza,Shoza V,Planet,0005E381,ShozaVPlanetData,67063,0,5,Inorganic,000057E8,ResInorgRareCarboxylicAcids_L,CarboxylicAcids,Rare
Shoza,Shoza V,Planet,0005E381,ShozaVPlanetData,67063,0,5,Organic,000777FA,ResOrgCommonStructural,Structural,Common
Shoza,Shoza V,Planet,0005E381,ShozaVPlanetData,67063,0,5,Organic,00077826,ResOrgExoticPolymer,Polymer,Exotic
Shoza,Shoza VI-a,Moon,0005E383,ShozaVI-aPlanetData,67063,6,14,Inorganic,000057CF,ResInorgCommonCopper,Copper,Common
Shoza,Shoza VI-a,Moon,0005E383,ShozaVI-aPlanetData,67063,6,14,Inorganic,000083EC,ResInorgCommonWater_L,Water,Common
Shoza,Shoza VII-a,Moon,0005E387,ShozaVII-aPlanetData,67063,7,17,Inorganic,000057D6,ResInorgCommonAluminum,Aluminum,Common
Shoza,Shoza VII-a,Moon,0005E387,ShozaVII-aPlanetData,67063,7,17,Inorganic,000057CF,ResInorgCommonCopper,Copper,Common
Shoza,Shoza VII-a,Moon,0005E387,ShozaVII-aPlanetData,67063,7,17,Inorganic,000057F5,ResInorgCommonHelium3_G,Helium3,Common
Shoza,Shoza VII-a,Moon,0005E387,ShozaVII-aPlanetData,67063,7,17,Inorganic,000057C1,ResInorgCommonLead,Lead,Common
Shoza,Shoza VII-a,Moon,0005E387,ShozaVII-aPlanetData,67063,7,17,Inorganic,000083EC,ResInorgCommonWater_L,Water,Common
Shoza,Shoza VII-a,Moon,0005E387,ShozaVII-aPlanetData,67063,7,17,Inorganic,000057D0,ResInorgUncommonFluorine_G,Fluorine,Uncommon
Shoza,Shoza VII-a,Moon,0005E387,ShozaVII-aPlanetData,67063,7,17,Inorganic,000057C4,ResInorgUncommonTungsten,Tungsten,Uncommon
Shoza,Shoza VII-b,Moon,0005E386,ShozaVII-bPlanetData,67063,7,16,Inorganic,000057D6,ResInorgCommonAluminum,Aluminum,Common
Shoza,Shoza VII-b,Moon,0005E386,ShozaVII-bPlanetData,67063,7,16,Inorganic,000057F5,ResInorgCommonHelium3_G,Helium3,Common
Shoza,Shoza VII-b,Moon,0005E386,ShozaVII-bPlanetData,67063,7,16,Inorganic,000057C1,ResInorgCommonLead,Lead,Common
Shoza,Shoza VII-b,Moon,0005E386,ShozaVII-bPlanetData,67063,7,16,Inorganic,000057CB,ResInorgCommonNickel,Nickel,Common
Shoza,Shoza VII-b,Moon,0005E386,ShozaVII-bPlanetData,67063,7,16,Inorganic,000083EC,ResInorgCommonWater_L,Water,Common
Shoza,Shoza VII-c,Moon,0005E385,ShozaVII-cPlanetData,67063,7,15,Inorganic,000057D6,ResInorgCommonAluminum,Aluminum,Common
Shoza,Shoza VII-c,Moon,0005E385,ShozaVII-cPlanetData,67063,7,15,Inorganic,000057C1,ResInorgCommonLead,Lead,Common
Shoza,Shoza VII-c,Moon,0005E385,ShozaVII-cPlanetData,67063,7,15,Inorganic,000057CB,ResInorgCommonNickel,Nickel,Common
Shoza,Shoza VII-c,Moon,0005E385,ShozaVII-cPlanetData,67063,7,15,Inorganic,000083EC,ResInorgCommonWater_L,Water,Common
Shoza,Shoza VII-c,Moon,0005E385,ShozaVII-cPlanetData,67063,7,15,Inorganic,000057D8,ResInorgUncommonBeryllium,Beryllium,Uncommon
Shoza,Shoza VII-c,Moon,0005E385,ShozaVII-cPlanetData,67063,7,15,Inorganic,000057CE,ResInorgUncommonCobalt,Cobalt,Uncommon
Shoza,Shoza VII-c,Moon,0005E385,ShozaVII-cPlanetData,67063,7,15,Inorganic,000057E2,ResInorgExoticEuropium,Europium,Exotic
Shoza,Shoza VII-c,Moon,0005E385,ShozaVII-cPlanetData,67063,7,15,Inorganic,000057CD,ResInorgExoticPalladium,Palladium,Exotic
Shoza,Shoza VIII-a,Moon,0005E38C,ShozaVIII-aPlanetData,67063,8,21,Inorganic,000057CB,ResInorgCommonNickel,Nickel,Common
Shoza,Shoza VIII-a,Moon,0005E38C,ShozaVIII-aPlanetData,67063,8,21,Inorganic,000083EC,ResInorgCommonWater_L,Water,Common
Shoza,Shoza VIII-b,Moon,0005E38A,ShozaVIII-bPlanetData,67063,8,19,Inorganic,000057D6,ResInorgCommonAluminum,Aluminum,Common
Shoza,Shoza VIII-b,Moon,0005E38A,ShozaVIII-bPlanetData,67063,8,19,Inorganic,000057CF,ResInorgCommonCopper,Copper,Common
Shoza,Shoza VIII-b,Moon,0005E38A,ShozaVIII-bPlanetData,67063,8,19,Inorganic,000057F5,ResInorgCommonHelium3_G,Helium3,Common
Shoza,Shoza VIII-b,Moon,0005E38A,ShozaVIII-bPlanetData,67063,8,19,Inorganic,000057C7,ResInorgCommonIron,Iron,Common
Shoza,Shoza VIII-b,Moon,0005E38A,ShozaVIII-bPlanetData,67063,8,19,Inorganic,000083EC,ResInorgCommonWater_L,Water,Common
Shoza,Shoza VIII-b,Moon,0005E38A,ShozaVIII-bPlanetData,67063,8,19,Inorganic,000057D8,ResInorgUncommonBeryllium,Beryllium,Uncommon
Shoza,Shoza VIII-b,Moon,0005E38A,ShozaVIII-bPlanetData,67063,8,19,Inorganic,000057D0,ResInorgUncommonFluorine_G,Fluorine,Uncommon
Shoza,Shoza VIII-b,Moon,0005E38A,ShozaVIII-bPlanetData,67063,8,19,Inorganic,000057D2,ResInorgRareGold,Gold,Rare
Shoza,Shoza VIII-c,Moon,0005E38B,ShozaVIII-cPlanetData,67063,8,20,Inorganic,000057EA,ResInorgCommonArgon_G,Argon,Common
Shoza,Shoza VIII-c,Moon,0005E38B,ShozaVIII-cPlanetData,67063,8,20,Inorganic,000083EC,ResInorgCommonWater_L,Water,Common
Shoza,Shoza VIII-c,Moon,0005E38B,ShozaVIII-cPlanetData,67063,8,20,Inorganic,000057E7,ResInorgUncommonBenzene_G,Benzene,Uncommon
Shoza,Shoza VIII-d,Moon,0005E389,ShozaVIII-dPlanetData,67063,8,18,Inorganic,000057D5,ResInorgCommonChlorine_G,Chlorine,Common
Shoza,Shoza VIII-d,Moon,0005E389,ShozaVIII-dPlanetData,67063,8,18,Inorganic,000057C1,ResInorgCommonLead,Lead,Common
Shoza,Shoza VIII-d,Moon,0005E389,ShozaVIII-dPlanetData,67063,8,18,Inorganic,000057CB,ResInorgCommonNickel,Nickel,Common
Shoza,Shoza VIII-d,Moon,0005E389,ShozaVIII-dPlanetData,67063,8,18,Inorganic,000057EB,ResInorgCommonUranium,Uranium,Common
Shoza,Shoza VIII-d,Moon,0005E389,ShozaVIII-dPlanetData,67063,8,18,Inorganic,000083EC,ResInorgCommonWater_L,Water,Common
Shoza,Shoza VIII-d,Moon,0005E389,ShozaVIII-dPlanetData,67063,8,18,Inorganic,000057CE,ResInorgUncommonCobalt,Cobalt,Uncommon
Shoza,Shoza VIII-d,Moon,0005E389,ShozaVIII-dPlanetData,67063,8,18,Inorganic,000057EC,ResInorgUncommonIridium,Iridium,Uncommon
Shoza,Shoza VIII-d,Moon,0005E389,ShozaVIII-dPlanetData,67063,8,18,Inorganic,000057CD,ResInorgExoticPalladium,Palladium,Exotic
Sirius,Sirius I,Planet,0005E590,SiriusIPlanetData,32263,0,1,Inorganic,000057F5,ResInorgCommonHelium3_G,Helium3,Common
Sirius,Sirius I,Planet,0005E590,SiriusIPlanetData,32263,0,1,Inorganic,000057C7,ResInorgCommonIron,Iron,Common
Sirius,Sirius I,Planet,0005E590,SiriusIPlanetData,32263,0,1,Inorganic,000057C9,ResInorgUncommonAlkanes_G,Alkanes,Uncommon
Sirius,Sirius II,Planet,0005E591,SiriusIIPlanetData,32263,0,2,Inorganic,000057D5,ResInorgCommonChlorine_G,Chlorine,Common
Sirius,Sirius II,Planet,0005E591,SiriusIIPlanetData,32263,0,2,Inorganic,000057CB,ResInorgCommonNickel,Nickel,Common
Sirius,Sirius II,Planet,0005E591,SiriusIIPlanetData,32263,0,2,Inorganic,000057EB,ResInorgCommonUranium,Uranium,Common
Sirius,Sirius II,Planet,0005E591,SiriusIIPlanetData,32263,0,2,Inorganic,000083EC,ResInorgCommonWater_L,Water,Common
Sirius,Sirius II,Planet,0005E591,SiriusIIPlanetData,32263,0,2,Inorganic,000057D7,ResInorgUncommonChlorosilanes_L,Chlorosilanes,Uncommon
Sirius,Sirius II,Planet,0005E591,SiriusIIPlanetData,32263,0,2,Inorganic,000057EC,ResInorgUncommonIridium,Iridium,Uncommon
Sirius,Sirius II,Planet,0005E591,SiriusIIPlanetData,32263,0,2,Inorganic,000057DA,ResInorgRareLithium,Lithium,Rare
Sirius,Sirius II,Planet,0005E591,SiriusIIPlanetData,32263,0,2,Inorganic,000057DC,ResInorgExoticXenon_G,Xenon,Exotic
Sirius,Sirius II-a,Moon,0005E592,SiriusII-aPlanetData,32263,2,5,Inorganic,000057EA,ResInorgCommonArgon_G,Argon,Common
Sirius,Sirius II-a,Moon,0005E592,SiriusII-aPlanetData,32263,2,5,Inorganic,000057F5,ResInorgCommonHelium3_G,Helium3,Common
Sirius,Sirius II-a,Moon,0005E592,SiriusII-aPlanetData,32263,2,5,Inorganic,000057C7,ResInorgCommonIron,Iron,Common
Sirius,Sirius II-a,Moon,0005E592,SiriusII-aPlanetData,32263,2,5,Inorganic,000057EB,ResInorgCommonUranium,Uranium,Common
Sirius,Sirius II-a,Moon,0005E592,SiriusII-aPlanetData,32263,2,5,Inorganic,000083EC,ResInorgCommonWater_L,Water,Common
Sirius,Sirius II-a,Moon,0005E592,SiriusII-aPlanetData,32263,2,5,Inorganic,000057E7,ResInorgUncommonBenzene_G,Benzene,Uncommon
Sirius,Sirius III-a,Moon,0005E595,SiriusIII-aPlanetData,32263,3,7,Inorganic,000057D6,ResInorgCommonAluminum,Aluminum,Common
Sirius,Sirius III-a,Moon,0005E595,SiriusIII-aPlanetData,32263,3,7,Inorganic,000057D5,ResInorgCommonChlorine_G,Chlorine,Common
Sirius,Sirius III-a,Moon,0005E595,SiriusIII-aPlanetData,32263,3,7,Inorganic,000057CF,ResInorgCommonCopper,Copper,Common
Sirius,Sirius III-a,Moon,0005E595,SiriusIII-aPlanetData,32263,3,7,Inorganic,000083EC,ResInorgCommonWater_L,Water,Common
Sirius,Sirius III-a,Moon,0005E595,SiriusIII-aPlanetData,32263,3,7,Inorganic,000057D0,ResInorgUncommonFluorine_G,Fluorine,Uncommon
Sirius,Sirius III-a,Moon,0005E595,SiriusIII-aPlanetData,32263,3,7,Inorganic,000057DA,ResInorgRareLithium,Lithium,Rare
Sirius,Sirius III-b,Moon,0005E594,SiriusIII-bPlanetData,32263,3,6,Inorganic,000057D5,ResInorgCommonChlorine_G,Chlorine,Common
Sirius,Sirius III-b,Moon,0005E594,SiriusIII-bPlanetData,32263,3,6,Inorganic,000083EC,ResInorgCommonWater_L,Water,Common
Sirius,Sirius III-b,Moon,0005E594,SiriusIII-bPlanetData,32263,3,6,Inorganic,000057D7,ResInorgUncommonChlorosilanes_L,Chlorosilanes,Uncommon
Sirius,Sirius III-b,Moon,0005E594,SiriusIII-bPlanetData,32263,3,6,Inorganic,000057DA,ResInorgRareLithium,Lithium,Rare
Sparta,Sparta I,Planet,0005E21E,SpartaIPlanetData,79252,0,1,Inorganic,000057D5,ResInorgCommonChlorine_G,Chlorine,Common
Sparta,Sparta I,Planet,0005E21E,SpartaIPlanetData,79252,0,1,Inorganic,000057C7,ResInorgCommonIron,Iron,Common
Sparta,Sparta I,Planet,0005E21E,SpartaIPlanetData,79252,0,1,Inorganic,000057EB,ResInorgCommonUranium,Uranium,Common
Sparta,Sparta I,Planet,0005E21E,SpartaIPlanetData,79252,0,1,Inorganic,000057C9,ResInorgUncommonAlkanes_G,Alkanes,Uncommon
Sparta,Sparta I,Planet,0005E21E,SpartaIPlanetData,79252,0,1,Inorganic,000057EC,ResInorgUncommonIridium,Iridium,Uncommon
Sparta,Sparta I,Planet,0005E21E,SpartaIPlanetData,79252,0,1,Inorganic,000057C8,ResInorgRareTantalum,Tantalum,Rare
Sparta,Sparta I,Planet,0005E21E,SpartaIPlanetData,79252,0,1,Inorganic,000057ED,ResInorgRareVanadium,Vanadium,Rare
Sparta,Sparta II,Planet,0005E21F,SpartaIIPlanetData,79252,0,2,Inorganic,000057C1,ResInorgCommonLead,Lead,Common
Sparta,Sparta II,Planet,0005E21F,SpartaIIPlanetData,79252,0,2,Inorganic,000057EB,ResInorgCommonUranium,Uranium,Common
Sparta,Sparta II,Planet,0005E21F,SpartaIIPlanetData,79252,0,2,Inorganic,000057C4,ResInorgUncommonTungsten,Tungsten,Uncommon
Sparta,Sparta II,Planet,0005E21F,SpartaIIPlanetData,79252,0,2,Inorganic,000057C6,ResInorgRareTitanium,Titanium,Rare
Sparta,Sparta II-a,Moon,0005E221,SpartaII-aPlanetData,79252,2,11,Inorganic,000057D6,ResInorgCommonAluminum,Aluminum,Common
Sparta,Sparta II-a,Moon,0005E221,SpartaII-aPlanetData,79252,2,11,Inorganic,000057F5,ResInorgCommonHelium3_G,Helium3,Common
Sparta,Sparta III,Planet,0005E222,SpartaIIIPlanetData,79252,0,3,Inorganic,000057EA,ResInorgCommonArgon_G,Argon,Common
Sparta,Sparta III,Planet,0005E222,SpartaIIIPlanetData,79252,0,3,Inorganic,000057CF,ResInorgCommonCopper,Copper,Common
Sparta,Sparta III,Planet,0005E222,SpartaIIIPlanetData,79252,0,3,Inorganic,000057C7,ResInorgCommonIron,Iron,Common
Sparta,Sparta III,Planet,0005E222,SpartaIIIPlanetData,79252,0,3,Inorganic,000057C1,ResInorgCommonLead,Lead,Common
Sparta,Sparta III,Planet,0005E222,SpartaIIIPlanetData,79252,0,3,Inorganic,000057CB,ResInorgCommonNickel,Nickel,Common
Sparta,Sparta III,Planet,0005E222,SpartaIIIPlanetData,79252,0,3,Inorganic,000083EC,ResInorgCommonWater_L,Water,Common
Sparta,Sparta III,Planet,0005E222,SpartaIIIPlanetData,79252,0,3,Inorganic,000057E7,ResInorgUncommonBenzene_G,Benzene,Uncommon
Sparta,Sparta III,Planet,0005E222,SpartaIIIPlanetData,79252,0,3,Inorganic,000057D0,ResInorgUncommonFluorine_G,Fluorine,Uncommon
Sparta,Sparta III,Planet,0005E222,SpartaIIIPlanetData,79252,0,3,Organic,00224642,ResOrgCommonFiberFaunaHerbivore,Fiber,Common
Sparta,Sparta III,Planet,0005E222,SpartaIIIPlanetData,79252,0,3,Organic,0007782D,ResOrgCommonSealant,Sealant,Common
Sparta,Sparta III,Planet,0005E222,SpartaIIIPlanetData,79252,0,3,Organic,0022464B,ResOrgCommonSealantFaunaCarnivore,Sealant,Common
Sparta,Sparta III,Planet,0005E222,SpartaIIIPlanetData,79252,0,3,Organic,000777FA,ResOrgCommonStructural,Structural,Common
Sparta,Sparta III,Planet,0005E222,SpartaIIIPlanetData,79252,0,3,Organic,00077823,ResOrgCommonToxin,Toxin,Common
Sparta,Sparta III,Planet,0005E222,SpartaIIIPlanetData,79252,0,3,Organic,0022462F,ResOrgUncommonPigmentFaunaHerbivore,Pigment,Uncommon
Sparta,Sparta III-a,Moon,0005E223,SpartaIII-aPlanetData,79252,3,12,Inorganic,000057D6,ResInorgCommonAluminum,Aluminum,Common
Sparta,Sparta III-a,Moon,0005E223,SpartaIII-aPlanetData,79252,3,12,Inorganic,000057F5,ResInorgCommonHelium3_G,Helium3,Common
Sparta,Sparta III-a,Moon,0005E223,SpartaIII-aPlanetData,79252,3,12,Inorganic,000057DB,ResInorgRareNeodymium,Neodymium,Rare
Sparta,Sparta IV,Planet,0005E224,SpartaIVPlanetData,79252,0,4,Inorganic,000057D5,ResInorgCommonChlorine_G,Chlorine,Common
Sparta,Sparta IV,Planet,0005E224,SpartaIVPlanetData,79252,0,4,Inorganic,000057CF,ResInorgCommonCopper,Copper,Common
Sparta,Sparta IV,Planet,0005E224,SpartaIVPlanetData,79252,0,4,Inorganic,000083EC,ResInorgCommonWater_L,Water,Common
Sparta,Sparta IV,Planet,0005E224,SpartaIVPlanetData,79252,0,4,Inorganic,000057D7,ResInorgUncommonChlorosilanes_L,Chlorosilanes,Uncommon
Sparta,Sparta IV,Planet,0005E224,SpartaIVPlanetData,79252,0,4,Inorganic,000057D0,ResInorgUncommonFluorine_G,Fluorine,Uncommon
Sparta,Sparta IV,Planet,0005E224,SpartaIVPlanetData,79252,0,4,Inorganic,000057D4,ResInorgExoticIonicLiquids_L,IonicLiquids,Exotic
Sparta,Sparta IV,Planet,0005E224,SpartaIVPlanetData,79252,0,4,Organic,00077821,ResOrgCommonFiber,Fiber,Common
Sparta,Sparta IV,Planet,0005E224,SpartaIVPlanetData,79252,0,4,Organic,0029F3FD,ResOrgCommonMetabolicAgent,MetabolicAgent,Common
Sparta,Sparta IV,Planet,0005E224,SpartaIVPlanetData,79252,0,4,Organic,00224641,ResOrgCommonMetabolicAgentFaunaHerbivore,MetabolicAgent,Common
Sparta,Sparta IV,Planet,0005E224,SpartaIVPlanetData,79252,0,4,Organic,000777E6,ResOrgCommonNutrient,Nutrient,Common
Sparta,Sparta IV,Planet,0005E224,SpartaIVPlanetData,79252,0,4,Organic,00224640,ResOrgCommonNutrientFaunaHerbivore,Nutrient,Common
Sparta,Sparta IV,Planet,0005E224,SpartaIVPlanetData,79252,0,4,Organic,0007782D,ResOrgCommonSealant,Sealant,Common
Sparta,Sparta IV,Planet,0005E224,SpartaIVPlanetData,79252,0,4,Organic,0022464B,ResOrgCommonSealantFaunaCarnivore,Sealant,Common
Sparta,Sparta IV,Planet,0005E224,SpartaIVPlanetData,79252,0,4,Organic,000777FA,ResOrgCommonStructural,Structural,Common
Sparta,Sparta IV,Planet,0005E224,SpartaIVPlanetData,79252,0,4,Organic,00077823,ResOrgCommonToxin,Toxin,Common
Sparta,Sparta IV,Planet,0005E224,SpartaIVPlanetData,79252,0,4,Organic,002246D8,ResOrgUncommonAntimicrobialFaunaHerbivore,Antimicrobial,Uncommon
Sparta,Sparta IV,Planet,0005E224,SpartaIVPlanetData,79252,0,4,Organic,00224631,ResOrgUncommonCosmeticFaunaHerbivore,Cosmetic,Uncommon
Sparta,Sparta IV,Planet,0005E224,SpartaIVPlanetData,79252,0,4,Organic,00224651,ResOrgRareAromaticFaunaCarnivore,Aromatic,Rare
Sparta,Sparta IV,Planet,0005E224,SpartaIVPlanetData,79252,0,4,Organic,0022463A,ResOrgExoticStimulantFaunaHerbivore,Stimulant,Exotic
Sparta,Sparta V,Planet,0005E225,SpartaVPlanetData,79252,0,5,Inorganic,000057C7,ResInorgCommonIron,Iron,Common
Sparta,Sparta V,Planet,0005E225,SpartaVPlanetData,79252,0,5,Inorganic,000057CB,ResInorgCommonNickel,Nickel,Common
Sparta,Sparta V,Planet,0005E225,SpartaVPlanetData,79252,0,5,Inorganic,000057EB,ResInorgCommonUranium,Uranium,Common
Sparta,Sparta V,Planet,0005E225,SpartaVPlanetData,79252,0,5,Inorganic,000083EC,ResInorgCommonWater_L,Water,Common
Sparta,Sparta V,Planet,0005E225,SpartaVPlanetData,79252,0,5,Inorganic,000057C9,ResInorgUncommonAlkanes_G,Alkanes,Uncommon
Sparta,Sparta V,Planet,0005E225,SpartaVPlanetData,79252,0,5,Inorganic,000057CE,ResInorgUncommonCobalt,Cobalt,Uncommon
Sparta,Sparta V,Planet,0005E225,SpartaVPlanetData,79252,0,5,Inorganic,000057CC,ResInorgRarePlatinum,Platinum,Rare
Sparta,Sparta V,Planet,0005E225,SpartaVPlanetData,79252,0,5,Inorganic,000057C8,ResInorgRareTantalum,Tantalum,Rare
Sparta,Sparta V-a,Moon,0005E226,SpartaV-aPlanetData,79252,5,13,Inorganic,000057D6,ResInorgCommonAluminum,Aluminum,Common
Sparta,Sparta V-a,Moon,0005E226,SpartaV-aPlanetData,79252,5,13,Inorganic,000057F5,ResInorgCommonHelium3_G,Helium3,Common
Sparta,Sparta V-a,Moon,0005E226,SpartaV-aPlanetData,79252,5,13,Inorganic,000057D8,ResInorgUncommonBeryllium,Beryllium,Uncommon
Sparta,Sparta VI-a,Moon,0005E228,SpartaVI-aPlanetData,79252,6,14,Inorganic,000057D5,ResInorgCommonChlorine_G,Chlorine,Common
Sparta,Sparta VI-a,Moon,0005E228,SpartaVI-aPlanetData,79252,6,14,Inorganic,000083EC,ResInorgCommonWater_L,Water,Common
Sparta,Sparta VI-a,Moon,0005E228,SpartaVI-aPlanetData,79252,6,14,Inorganic,000057D7,ResInorgUncommonChlorosilanes_L,Chlorosilanes,Uncommon
Sparta,Sparta VI-b,Moon,0005E229,SpartaVI-bPlanetData,79252,6,15,Inorganic,000057C1,ResInorgCommonLead,Lead,Common
Sparta,Sparta VI-b,Moon,0005E229,SpartaVI-bPlanetData,79252,6,15,Inorganic,000057CB,ResInorgCommonNickel,Nickel,Common
Sparta,Sparta VI-b,Moon,0005E229,SpartaVI-bPlanetData,79252,6,15,Inorganic,000057EB,ResInorgCommonUranium,Uranium,Common
Sparta,Sparta VI-b,Moon,0005E229,SpartaVI-bPlanetData,79252,6,15,Inorganic,000083EC,ResInorgCommonWater_L,Water,Common
Sparta,Sparta VI-b,Moon,0005E229,SpartaVI-bPlanetData,79252,6,15,Inorganic,000057EC,ResInorgUncommonIridium,Iridium,Uncommon
Sparta,Sparta VI-b,Moon,0005E229,SpartaVI-bPlanetData,79252,6,15,Inorganic,000057CD,ResInorgExoticPalladium,Palladium,Exotic
Sparta,Sparta VI-c,Moon,0005E22A,SpartaVI-cPlanetData,79252,6,16,Inorganic,000057C1,ResInorgCommonLead,Lead,Common
Sparta,Sparta VI-c,Moon,0005E22A,SpartaVI-cPlanetData,79252,6,16,Inorganic,000083EC,ResInorgCommonWater_L,Water,Common
Sparta,Sparta VI-c,Moon,0005E22A,SpartaVI-cPlanetData,79252,6,16,Inorganic,000057C3,ResInorgUncommonSilver,Silver,Uncommon
Sparta,Sparta VII-a,Moon,0005E22C,SpartaVII-aPlanetData,79252,7,17,Inorganic,000057D5,ResInorgCommonChlorine_G,Chlorine,Common
Sparta,Sparta VII-a,Moon,0005E22C,SpartaVII-aPlanetData,79252,7,17,Inorganic,000057C1,ResInorgCommonLead,Lead,Common
Sparta,Sparta VII-a,Moon,0005E22C,SpartaVII-aPlanetData,79252,7,17,Inorganic,000057CB,ResInorgCommonNickel,Nickel,Common
Sparta,Sparta VII-a,Moon,0005E22C,SpartaVII-aPlanetData,79252,7,17,Inorganic,000083EC,ResInorgCommonWater_L,Water,Common
Sparta,Sparta VII-a,Moon,0005E22C,SpartaVII-aPlanetData,79252,7,17,Inorganic,000057CE,ResInorgUncommonCobalt,Cobalt,Uncommon
Sparta,Sparta VII-a,Moon,0005E22C,SpartaVII-aPlanetData,79252,7,17,Inorganic,000057CC,ResInorgRarePlatinum,Platinum,Rare
Sparta,Sparta VII-b,Moon,0005E22E,SpartaVII-bPlanetData,79252,7,19,Inorganic,000057EA,ResInorgCommonArgon_G,Argon,Common
Sparta,Sparta VII-b,Moon,0005E22E,SpartaVII-bPlanetData,79252,7,19,Inorganic,000083EC,ResInorgCommonWater_L,Water,Common
Sparta,Sparta VII-c,Moon,0005E22D,SpartaVII-cPlanetData,79252,7,18,Inorganic,000057EA,ResInorgCommonArgon_G,Argon,Common
Sparta,Sparta VII-c,Moon,0005E22D,SpartaVII-cPlanetData,79252,7,18,Inorganic,000083EC,ResInorgCommonWater_L,Water,Common
Sparta,Sparta VII-c,Moon,0005E22D,SpartaVII-cPlanetData,79252,7,18,Inorganic,000057E7,ResInorgUncommonBenzene_G,Benzene,Uncommon
Sparta,Sparta VII-c,Moon,0005E22D,SpartaVII-cPlanetData,79252,7,18,Inorganic,000057E8,ResInorgRareCarboxylicAcids_L,CarboxylicAcids,Rare
Sparta,Sparta VIII-a,Moon,0005E231,SpartaVIII-aPlanetData,79252,8,21,Inorganic,000057EA,ResInorgCommonArgon_G,Argon,Common
Sparta,Sparta VIII-a,Moon,0005E231,SpartaVIII-aPlanetData,79252,8,21,Inorganic,000083EC,ResInorgCommonWater_L,Water,Common
Sparta,Sparta VIII-a,Moon,0005E231,SpartaVIII-aPlanetData,79252,8,21,Inorganic,000057E7,ResInorgUncommonBenzene_G,Benzene,Uncommon
Sparta,Sparta VIII-a,Moon,0005E231,SpartaVIII-aPlanetData,79252,8,21,Inorganic,000057E8,ResInorgRareCarboxylicAcids_L,CarboxylicAcids,Rare
Sparta,Sparta VIII-b,Moon,0005E232,SpartaVIII-bPlanetData,79252,8,22,Inorganic,000057D6,ResInorgCommonAluminum,Aluminum,Common
Sparta,Sparta VIII-b,Moon,0005E232,SpartaVIII-bPlanetData,79252,8,22,Inorganic,000057CF,ResInorgCommonCopper,Copper,Common
Sparta,Sparta VIII-b,Moon,0005E232,SpartaVIII-bPlanetData,79252,8,22,Inorganic,000057F5,ResInorgCommonHelium3_G,Helium3,Common
Sparta,Sparta VIII-b,Moon,0005E232,SpartaVIII-bPlanetData,79252,8,22,Inorganic,000057C1,ResInorgCommonLead,Lead,Common
Sparta,Sparta VIII-b,Moon,0005E232,SpartaVIII-bPlanetData,79252,8,22,Inorganic,000083EC,ResInorgCommonWater_L,Water,Common
Sparta,Sparta VIII-b,Moon,0005E232,SpartaVIII-bPlanetData,79252,8,22,Inorganic,000057D8,ResInorgUncommonBeryllium,Beryllium,Uncommon
Sparta,Sparta VIII-b,Moon,0005E232,SpartaVIII-bPlanetData,79252,8,22,Inorganic,000057D0,ResInorgUncommonFluorine_G,Fluorine,Uncommon
Sparta,Sparta VIII-c,Moon,0005E230,SpartaVIII-cPlanetData,79252,8,20,Inorganic,000057CF,ResInorgCommonCopper,Copper,Common
Sparta,Sparta VIII-c,Moon,0005E230,SpartaVIII-cPlanetData,79252,8,20,Inorganic,000083EC,ResInorgCommonWater_L,Water,Common
Strix,Strix I,Planet,0005DF86,StrixIPlanetData,72407,0,1,Inorganic,000057D6,ResInorgCommonAluminum,Aluminum,Common
Strix,Strix I,Planet,0005DF86,StrixIPlanetData,72407,0,1,Inorganic,000057CF,ResInorgCommonCopper,Copper,Common
Strix,Strix I,Planet,0005DF86,StrixIPlanetData,72407,0,1,Inorganic,000057F5,ResInorgCommonHelium3_G,Helium3,Common
Strix,Strix I,Planet,0005DF86,StrixIPlanetData,72407,0,1,Inorganic,000057C7,ResInorgCommonIron,Iron,Common
Strix,Strix I,Planet,0005DF86,StrixIPlanetData,72407,0,1,Inorganic,000057EB,ResInorgCommonUranium,Uranium,Common
Strix,Strix I,Planet,0005DF86,StrixIPlanetData,72407,0,1,Inorganic,000083EC,ResInorgCommonWater_L,Water,Common
Strix,Strix I,Planet,0005DF86,StrixIPlanetData,72407,0,1,Inorganic,000057C9,ResInorgUncommonAlkanes_G,Alkanes,Uncommon
Strix,Strix I,Planet,0005DF86,StrixIPlanetData,72407,0,1,Inorganic,000057D8,ResInorgUncommonBeryllium,Beryllium,Uncommon
Strix,Strix I,Planet,0005DF86,StrixIPlanetData,72407,0,1,Organic,00077821,ResOrgCommonFiber,Fiber,Common
Strix,Strix I,Planet,0005DF86,StrixIPlanetData,72407,0,1,Organic,00224642,ResOrgCommonFiberFaunaHerbivore,Fiber,Common
Strix,Strix I,Planet,0005DF86,StrixIPlanetData,72407,0,1,Organic,0029F3FD,ResOrgCommonMetabolicAgent,MetabolicAgent,Common
Strix,Strix I,Planet,0005DF86,StrixIPlanetData,72407,0,1,Organic,000777E6,ResOrgCommonNutrient,Nutrient,Common
Strix,Strix I,Planet,0005DF86,StrixIPlanetData,72407,0,1,Organic,00224640,ResOrgCommonNutrientFaunaHerbivore,Nutrient,Common
Strix,Strix I,Planet,0005DF86,StrixIPlanetData,72407,0,1,Organic,000777FA,ResOrgCommonStructural,Structural,Common
Strix,Strix I,Planet,0005DF86,StrixIPlanetData,72407,0,1,Organic,00224649,ResOrgCommonStructuralFaunaCarnivore,Structural,Common
Strix,Strix I,Planet,0005DF86,StrixIPlanetData,72407,0,1,Organic,00077823,ResOrgCommonToxin,Toxin,Common
Strix,Strix I,Planet,0005DF86,StrixIPlanetData,72407,0,1,Organic,00224630,ResOrgUncommonMembraneFaunaHerbivore,Membrane,Uncommon
Strix,Strix I,Planet,0005DF86,StrixIPlanetData,72407,0,1,Organic,0022463F,ResOrgUncommonOrnamentalFaunaHerbivore,Ornamental,Uncommon
Strix,Strix I,Planet,0005DF86,StrixIPlanetData,72407,0,1,Organic,00224633,ResOrgRareHallucinogenFaunaHerbivore,Hallucinogen,Rare
Strix,Strix I,Planet,0005DF86,StrixIPlanetData,72407,0,1,Organic,0022464F,ResOrgRareSedativeFaunaCarnivore,Sedative,Rare
Strix,Strix I-a,Moon,0005DF87,StrixI-aPlanetData,72407,1,8,Inorganic,000057F5,ResInorgCommonHelium3_G,Helium3,Common
Strix,Strix I-a,Moon,0005DF87,StrixI-aPlanetData,72407,1,8,Inorganic,000057C7,ResInorgCommonIron,Iron,Common
Strix,Strix II,Planet,0005DF88,StrixIIPlanetData,72407,0,2,Inorganic,000057EA,ResInorgCommonArgon_G,Argon,Common
Strix,Strix II,Planet,0005DF88,StrixIIPlanetData,72407,0,2,Inorganic,000057CF,ResInorgCommonCopper,Copper,Common
Strix,Strix II,Planet,0005DF88,StrixIIPlanetData,72407,0,2,Inorganic,000057C7,ResInorgCommonIron,Iron,Common
Strix,Strix II,Planet,0005DF88,StrixIIPlanetData,72407,0,2,Inorganic,000057C1,ResInorgCommonLead,Lead,Common
Strix,Strix II,Planet,0005DF88,StrixIIPlanetData,72407,0,2,Inorganic,000083EC,ResInorgCommonWater_L,Water,Common
Strix,Strix II,Planet,0005DF88,StrixIIPlanetData,72407,0,2,Inorganic,000057E7,ResInorgUncommonBenzene_G,Benzene,Uncommon
Strix,Strix II,Planet,0005DF88,StrixIIPlanetData,72407,0,2,Inorganic,000057D0,ResInorgUncommonFluorine_G,Fluorine,Uncommon
Strix,Strix III-a,Moon,0005DF8C,StrixIII-aPlanetData,72407,3,12,Inorganic,000057D6,ResInorgCommonAluminum,Aluminum,Common
Strix,Strix III-a,Moon,0005DF8C,StrixIII-aPlanetData,72407,3,12,Inorganic,000057F5,ResInorgCommonHelium3_G,Helium3,Common
Strix,Strix III-a,Moon,0005DF8C,StrixIII-aPlanetData,72407,3,12,Inorganic,000057C1,ResInorgCommonLead,Lead,Common
Strix,Strix III-a,Moon,0005DF8C,StrixIII-aPlanetData,72407,3,12,Inorganic,000057CB,ResInorgCommonNickel,Nickel,Common
Strix,Strix III-a,Moon,0005DF8C,StrixIII-aPlanetData,72407,3,12,Inorganic,000057EB,ResInorgCommonUranium,Uranium,Common
Strix,Strix III-a,Moon,0005DF8C,StrixIII-aPlanetData,72407,3,12,Inorganic,000083EC,ResInorgCommonWater_L,Water,Common
Strix,Strix III-a,Moon,0005DF8C,StrixIII-aPlanetData,72407,3,12,Inorganic,000057CE,ResInorgUncommonCobalt,Cobalt,Uncommon
Strix,Strix III-a,Moon,0005DF8C,StrixIII-aPlanetData,72407,3,12,Inorganic,000057C3,ResInorgUncommonSilver,Silver,Uncommon
Strix,Strix III-a,Moon,0005DF8C,StrixIII-aPlanetData,72407,3,12,Organic,00077821,ResOrgCommonFiber,Fiber,Common
Strix,Strix III-a,Moon,0005DF8C,StrixIII-aPlanetData,72407,3,12,Organic,000777E6,ResOrgCommonNutrient,Nutrient,Common
Strix,Strix III-a,Moon,0005DF8C,StrixIII-aPlanetData,72407,3,12,Organic,000777FA,ResOrgCommonStructural,Structural,Common
Strix,Strix III-a,Moon,0005DF8C,StrixIII-aPlanetData,72407,3,12,Organic,00077829,ResOrgRareAnalgesic,Analgesic,Rare
Strix,Strix III-b,Moon,0005DF8D,StrixIII-bPlanetData,72407,3,13,Inorganic,000057C1,ResInorgCommonLead,Lead,Common
Strix,Strix III-b,Moon,0005DF8D,StrixIII-bPlanetData,72407,3,13,Inorganic,000083EC,ResInorgCommonWater_L,Water,Common
Strix,Strix III-b,Moon,0005DF8D,StrixIII-bPlanetData,72407,3,13,Inorganic,000057C2,ResInorgExoticDysprosium,Dysprosium,Exotic
Strix,Strix III-c,Moon,0005DF8B,StrixIII-cPlanetData,72407,3,11,Inorganic,000057CF,ResInorgCommonCopper,Copper,Common
Strix,Strix III-c,Moon,0005DF8B,StrixIII-cPlanetData,72407,3,11,Inorganic,000057CB,ResInorgCommonNickel,Nickel,Common
Strix,Strix III-c,Moon,0005DF8B,StrixIII-cPlanetData,72407,3,11,Inorganic,000057EB,ResInorgCommonUranium,Uranium,Common
Strix,Strix III-c,Moon,0005DF8B,StrixIII-cPlanetData,72407,3,11,Inorganic,000083EC,ResInorgCommonWater_L,Water,Common
Strix,Strix III-c,Moon,0005DF8B,StrixIII-cPlanetData,72407,3,11,Inorganic,000057CE,ResInorgUncommonCobalt,Cobalt,Uncommon
Strix,Strix III-c,Moon,0005DF8B,StrixIII-cPlanetData,72407,3,11,Inorganic,000057D0,ResInorgUncommonFluorine_G,Fluorine,Uncommon
Strix,Strix III-c,Moon,0005DF8B,StrixIII-cPlanetData,72407,3,11,Inorganic,000057EC,ResInorgUncommonIridium,Iridium,Uncommon
Strix,Strix III-c,Moon,0005DF8B,StrixIII-cPlanetData,72407,3,11,Inorganic,000057CD,ResInorgExoticPalladium,Palladium,Exotic
Strix,Strix III-d,Moon,0005DF8A,StrixIII-dPlanetData,72407,3,10,Inorganic,000057EA,ResInorgCommonArgon_G,Argon,Common
Strix,Strix III-d,Moon,0005DF8A,StrixIII-dPlanetData,72407,3,10,Inorganic,000083EC,ResInorgCommonWater_L,Water,Common
Strix,Strix IV,Planet,0005DF8E,StrixIVPlanetData,72407,0,4,Inorganic,000057CF,ResInorgCommonCopper,Copper,Common
Strix,Strix IV,Planet,0005DF8E,StrixIVPlanetData,72407,0,4,Inorganic,000057C1,ResInorgCommonLead,Lead,Common
Strix,Strix IV,Planet,0005DF8E,StrixIVPlanetData,72407,0,4,Inorganic,000057CB,ResInorgCommonNickel,Nickel,Common
Strix,Strix IV,Planet,0005DF8E,StrixIVPlanetData,72407,0,4,Inorganic,000083EC,ResInorgCommonWater_L,Water,Common
Strix,Strix IV,Planet,0005DF8E,StrixIVPlanetData,72407,0,4,Inorganic,000057CE,ResInorgUncommonCobalt,Cobalt,Uncommon
Strix,Strix IV,Planet,0005DF8E,StrixIVPlanetData,72407,0,4,Inorganic,000057D2,ResInorgRareGold,Gold,Rare
Strix,Strix IV,Planet,0005DF8E,StrixIVPlanetData,72407,0,4,Inorganic,0027C499,ResInorgRareMercury_L,Mercury,Rare
Strix,Strix IV-a,Moon,0005DF8F,StrixIV-aPlanetData,72407,4,9,Inorganic,000057F5,ResInorgCommonHelium3_G,Helium3,Common
Strix,Strix IV-a,Moon,0005DF8F,StrixIV-aPlanetData,72407,4,9,Inorganic,000057C7,ResInorgCommonIron,Iron,Common
Strix,Strix V,Planet,0005DF90,StrixVPlanetData,72407,0,5,Inorganic,000057D5,ResInorgCommonChlorine_G,Chlorine,Common
Strix,Strix V,Planet,0005DF90,StrixVPlanetData,72407,0,5,Inorganic,000057CB,ResInorgCommonNickel,Nickel,Common
Strix,Strix V,Planet,0005DF90,StrixVPlanetData,72407,0,5,Inorganic,000057EB,ResInorgCommonUranium,Uranium,Common
Strix,Strix V,Planet,0005DF90,StrixVPlanetData,72407,0,5,Inorganic,000083EC,ResInorgCommonWater_L,Water,Common
Strix,Strix V,Planet,0005DF90,StrixVPlanetData,72407,0,5,Inorganic,000057EC,ResInorgUncommonIridium,Iridium,Uncommon
Strix,Strix V,Planet,0005DF90,StrixVPlanetData,72407,0,5,Inorganic,000057DA,ResInorgRareLithium,Lithium,Rare
Strix,Strix V,Planet,0005DF90,StrixVPlanetData,72407,0,5,Inorganic,000057DC,ResInorgExoticXenon_G,Xenon,Exotic
Strix,Strix VI-a,Moon,0005DF92,StrixVI-aPlanetData,72407,6,14,Inorganic,000057CF,ResInorgCommonCopper,Copper,Common
Strix,Strix VI-a,Moon,0005DF92,StrixVI-aPlanetData,72407,6,14,Inorganic,000083EC,ResInorgCommonWater_L,Water,Common
Strix,Strix VI-b,Moon,0005DF94,StrixVI-bPlanetData,72407,6,16,Inorganic,000057D5,ResInorgCommonChlorine_G,Chlorine,Common
Strix,Strix VI-b,Moon,0005DF94,StrixVI-bPlanetData,72407,6,16,Inorganic,000083EC,ResInorgCommonWater_L,Water,Common
Strix,Strix VI-b,Moon,0005DF94,StrixVI-bPlanetData,72407,6,16,Inorganic,000057D7,ResInorgUncommonChlorosilanes_L,Chlorosilanes,Uncommon
Strix,Strix VI-c,Moon,0005DF93,StrixVI-cPlanetData,72407,6,15,Inorganic,000057CF,ResInorgCommonCopper,Copper,Common
Strix,Strix VI-c,Moon,0005DF93,StrixVI-cPlanetData,72407,6,15,Inorganic,000083EC,ResInorgCommonWater_L,Water,Common
Syrma,Syrma I,Planet,0005DF24,SyrmaIPlanetData,69479,0,1,Inorganic,000057C1,ResInorgCommonLead,Lead,Common
Syrma,Syrma I,Planet,0005DF24,SyrmaIPlanetData,69479,0,1,Inorganic,000057CB,ResInorgCommonNickel,Nickel,Common
Syrma,Syrma I,Planet,0005DF24,SyrmaIPlanetData,69479,0,1,Inorganic,000057EB,ResInorgCommonUranium,Uranium,Common
Syrma,Syrma I,Planet,0005DF24,SyrmaIPlanetData,69479,0,1,Inorganic,000057CE,ResInorgUncommonCobalt,Cobalt,Uncommon
Syrma,Syrma I-a,Moon,0005DF26,SyrmaI-aPlanetData,69479,1,10,Inorganic,000057D6,ResInorgCommonAluminum,Aluminum,Common
Syrma,Syrma I-a,Moon,0005DF26,SyrmaI-aPlanetData,69479,1,10,Inorganic,000057F5,ResInorgCommonHelium3_G,Helium3,Common
Syrma,Syrma I-b,Moon,0005DF25,SyrmaI-bPlanetData,69479,1,9,Inorganic,000057D6,ResInorgCommonAluminum,Aluminum,Common
Syrma,Syrma I-b,Moon,0005DF25,SyrmaI-bPlanetData,69479,1,9,Inorganic,000057F5,ResInorgCommonHelium3_G,Helium3,Common
Syrma,Syrma I-b,Moon,0005DF25,SyrmaI-bPlanetData,69479,1,9,Inorganic,000057D8,ResInorgUncommonBeryllium,Beryllium,Uncommon
Syrma,Syrma II,Planet,0005DF27,SyrmaIIPlanetData,69479,0,2,Inorganic,000057D5,ResInorgCommonChlorine_G,Chlorine,Common
Syrma,Syrma II,Planet,0005DF27,SyrmaIIPlanetData,69479,0,2,Inorganic,000057C7,ResInorgCommonIron,Iron,Common
Syrma,Syrma II,Planet,0005DF27,SyrmaIIPlanetData,69479,0,2,Inorganic,000057CB,ResInorgCommonNickel,Nickel,Common
Syrma,Syrma II,Planet,0005DF27,SyrmaIIPlanetData,69479,0,2,Inorganic,000057EB,ResInorgCommonUranium,Uranium,Common
Syrma,Syrma II,Planet,0005DF27,SyrmaIIPlanetData,69479,0,2,Inorganic,000057C9,ResInorgUncommonAlkanes_G,Alkanes,Uncommon
Syrma,Syrma II,Planet,0005DF27,SyrmaIIPlanetData,69479,0,2,Inorganic,000057D7,ResInorgUncommonChlorosilanes_L,Chlorosilanes,Uncommon
Syrma,Syrma II,Planet,0005DF27,SyrmaIIPlanetData,69479,0,2,Inorganic,000057CC,ResInorgRarePlatinum,Platinum,Rare
Syrma,Syrma II,Planet,0005DF27,SyrmaIIPlanetData,69479,0,2,Inorganic,000057EE,ResInorgExoticPlutonium,Plutonium,Exotic
Syrma,Syrma II-a,Moon,0005DF28,SyrmaII-aPlanetData,69479,2,11,Inorganic,000057D6,ResInorgCommonAluminum,Aluminum,Common
Syrma,Syrma II-a,Moon,0005DF28,SyrmaII-aPlanetData,69479,2,11,Inorganic,000057F5,ResInorgCommonHelium3_G,Helium3,Common
Syrma,Syrma II-a,Moon,0005DF28,SyrmaII-aPlanetData,69479,2,11,Inorganic,000057D8,ResInorgUncommonBeryllium,Beryllium,Uncommon
Syrma,Syrma III,Planet,0005DF29,SyrmaIIIPlanetData,69479,0,3,Inorganic,000057D6,ResInorgCommonAluminum,Aluminum,Common
Syrma,Syrma III,Planet,0005DF29,SyrmaIIIPlanetData,69479,0,3,Inorganic,000057EA,ResInorgCommonArgon_G,Argon,Common
Syrma,Syrma III,Planet,0005DF29,SyrmaIIIPlanetData,69479,0,3,Inorganic,000057F5,ResInorgCommonHelium3_G,Helium3,Common
Syrma,Syrma III,Planet,0005DF29,SyrmaIIIPlanetData,69479,0,3,Inorganic,000057CB,ResInorgCommonNickel,Nickel,Common
Syrma,Syrma III,Planet,0005DF29,SyrmaIIIPlanetData,69479,0,3,Inorganic,000083EC,ResInorgCommonWater_L,Water,Common
Syrma,Syrma III,Planet,0005DF29,SyrmaIIIPlanetData,69479,0,3,Inorganic,000057E7,ResInorgUncommonBenzene_G,Benzene,Uncommon
Syrma,Syrma III,Planet,0005DF29,SyrmaIIIPlanetData,69479,0,3,Inorganic,000057CE,ResInorgUncommonCobalt,Cobalt,Uncommon
Syrma,Syrma III,Planet,0005DF29,SyrmaIIIPlanetData,69479,0,3,Inorganic,000057E8,ResInorgRareCarboxylicAcids_L,CarboxylicAcids,Rare
Syrma,Syrma III,Planet,0005DF29,SyrmaIIIPlanetData,69479,0,3,Organic,00224642,ResOrgCommonFiberFaunaHerbivore,Fiber,Common
Syrma,Syrma III,Planet,0005DF29,SyrmaIIIPlanetData,69479,0,3,Organic,0029F3FD,ResOrgCommonMetabolicAgent,MetabolicAgent,Common
Syrma,Syrma III,Planet,0005DF29,SyrmaIIIPlanetData,69479,0,3,Organic,000777E6,ResOrgCommonNutrient,Nutrient,Common
Syrma,Syrma III,Planet,0005DF29,SyrmaIIIPlanetData,69479,0,3,Organic,0022464B,ResOrgCommonSealantFaunaCarnivore,Sealant,Common
Syrma,Syrma III,Planet,0005DF29,SyrmaIIIPlanetData,69479,0,3,Organic,000777FA,ResOrgCommonStructural,Structural,Common
Syrma,Syrma III,Planet,0005DF29,SyrmaIIIPlanetData,69479,0,3,Organic,00077823,ResOrgCommonToxin,Toxin,Common
Syrma,Syrma III,Planet,0005DF29,SyrmaIIIPlanetData,69479,0,3,Organic,00224631,ResOrgUncommonCosmeticFaunaHerbivore,Cosmetic,Uncommon
Syrma,Syrma IV,Planet,0005DF2A,SyrmaIVPlanetData,69479,0,4,Inorganic,000057D6,ResInorgCommonAluminum,Aluminum,Common
Syrma,Syrma IV,Planet,0005DF2A,SyrmaIVPlanetData,69479,0,4,Inorganic,000057EA,ResInorgCommonArgon_G,Argon,Common
Syrma,Syrma IV,Planet,0005DF2A,SyrmaIVPlanetData,69479,0,4,Inorganic,000083EC,ResInorgCommonWater_L,Water,Common
Syrma,Syrma IV,Planet,0005DF2A,SyrmaIVPlanetData,69479,0,4,Organic,00224641,ResOrgCommonMetabolicAgentFaunaHerbivore,MetabolicAgent,Common
Syrma,Syrma IV,Planet,0005DF2A,SyrmaIVPlanetData,69479,0,4,Organic,000777E6,ResOrgCommonNutrient,Nutrient,Common
Syrma,Syrma IV,Planet,0005DF2A,SyrmaIVPlanetData,69479,0,4,Organic,0022465D,ResOrgCommonNutrientFaunaCarnivore,Nutrient,Common
Syrma,Syrma IV,Planet,0005DF2A,SyrmaIVPlanetData,69479,0,4,Organic,0007782D,ResOrgCommonSealant,Sealant,Common
Syrma,Syrma IV,Planet,0005DF2A,SyrmaIVPlanetData,69479,0,4,Organic,000777FA,ResOrgCommonStructural,Structural,Common
Syrma,Syrma IV,Planet,0005DF2A,SyrmaIVPlanetData,69479,0,4,Organic,0022463E,ResOrgCommonToxinFaunaHerbivore,Toxin,Common
Syrma,Syrma IV,Planet,0005DF2A,SyrmaIVPlanetData,69479,0,4,Organic,0022462F,ResOrgUncommonPigmentFaunaHerbivore,Pigment,Uncommon
Syrma,Syrma IV,Planet,0005DF2A,SyrmaIVPlanetData,69479,0,4,Organic,00224652,ResOrgRareAnalgesicFaunaCarnivore,Analgesic,Rare
Syrma,Syrma IV-a,Moon,0005DF2B,SyrmaIV-aPlanetData,69479,4,12,Inorganic,000057D6,ResInorgCommonAluminum,Aluminum,Common
Syrma,Syrma IV-a,Moon,0005DF2B,SyrmaIV-aPlanetData,69479,4,12,Inorganic,000057F5,ResInorgCommonHelium3_G,Helium3,Common
Syrma,Syrma V,Planet,0005DF2C,SyrmaVPlanetData,69479,0,5,Inorganic,000057CF,ResInorgCommonCopper,Copper,Common
Syrma,Syrma V,Planet,0005DF2C,SyrmaVPlanetData,69479,0,5,Inorganic,000057CB,ResInorgCommonNickel,Nickel,Common
Syrma,Syrma V,Planet,0005DF2C,SyrmaVPlanetData,69479,0,5,Inorganic,000057EB,ResInorgCommonUranium,Uranium,Common
Syrma,Syrma V,Planet,0005DF2C,SyrmaVPlanetData,69479,0,5,Inorganic,000083EC,ResInorgCommonWater_L,Water,Common
Syrma,Syrma V,Planet,0005DF2C,SyrmaVPlanetData,69479,0,5,Inorganic,000057D0,ResInorgUncommonFluorine_G,Fluorine,Uncommon
Syrma,Syrma V,Planet,0005DF2C,SyrmaVPlanetData,69479,0,5,Inorganic,000057EC,ResInorgUncommonIridium,Iridium,Uncommon
Syrma,Syrma V,Planet,0005DF2C,SyrmaVPlanetData,69479,0,5,Inorganic,000057CC,ResInorgRarePlatinum,Platinum,Rare
Syrma,Syrma V,Planet,0005DF2C,SyrmaVPlanetData,69479,0,5,Inorganic,000057D1,ResInorgRareTetrafluorides_G,Tetrafluorides,Rare
Syrma,Syrma V-a,Moon,0005DF2D,SyrmaV-aPlanetData,69479,5,13,Inorganic,000057F5,ResInorgCommonHelium3_G,Helium3,Common
Syrma,Syrma V-a,Moon,0005DF2D,SyrmaV-aPlanetData,69479,5,13,Inorganic,000057C7,ResInorgCommonIron,Iron,Common
Syrma,Syrma VI-a,Moon,0005DF32,SyrmaVI-aPlanetData,69479,6,17,Inorganic,000057CB,ResInorgCommonNickel,Nickel,Common
Syrma,Syrma VI-a,Moon,0005DF32,SyrmaVI-aPlanetData,69479,6,17,Inorganic,000083EC,ResInorgCommonWater_L,Water,Common
Syrma,Syrma VI-b,Moon,0005DF30,SyrmaVI-bPlanetData,69479,6,15,Inorganic,000057C1,ResInorgCommonLead,Lead,Common
Syrma,Syrma VI-b,Moon,0005DF30,SyrmaVI-bPlanetData,69479,6,15,Inorganic,000083EC,ResInorgCommonWater_L,Water,Common
Syrma,Syrma VI-c,Moon,0005DF31,SyrmaVI-cPlanetData,69479,6,16,Inorganic,000057C7,ResInorgCommonIron,Iron,Common
Syrma,Syrma VI-c,Moon,0005DF31,SyrmaVI-cPlanetData,69479,6,16,Inorganic,000057C1,ResInorgCommonLead,Lead,Common
Syrma,Syrma VI-c,Moon,0005DF31,SyrmaVI-cPlanetData,69479,6,16,Inorganic,000057CB,ResInorgCommonNickel,Nickel,Common
Syrma,Syrma VI-c,Moon,0005DF31,SyrmaVI-cPlanetData,69479,6,16,Inorganic,000057EB,ResInorgCommonUranium,Uranium,Common
Syrma,Syrma VI-c,Moon,0005DF31,SyrmaVI-cPlanetData,69479,6,16,Inorganic,000083EC,ResInorgCommonWater_L,Water,Common
Syrma,Syrma VI-c,Moon,0005DF31,SyrmaVI-cPlanetData,69479,6,16,Inorganic,000057CC,ResInorgRarePlatinum,Platinum,Rare
Syrma,Syrma VI-c,Moon,0005DF31,SyrmaVI-cPlanetData,69479,6,16,Inorganic,000057C8,ResInorgRareTantalum,Tantalum,Rare
Syrma,Syrma VI-c,Moon,0005DF31,SyrmaVI-cPlanetData,69479,6,16,Inorganic,000057CA,ResInorgExoticYtterbium,Ytterbium,Exotic
Syrma,Syrma VI-d,Moon,0005DF2F,SyrmaVI-dPlanetData,69479,6,14,Inorganic,000057EA,ResInorgCommonArgon_G,Argon,Common
Syrma,Syrma VI-d,Moon,0005DF2F,SyrmaVI-dPlanetData,69479,6,14,Inorganic,000083EC,ResInorgCommonWater_L,Water,Common
Syrma,Syrma VI-d,Moon,0005DF2F,SyrmaVI-dPlanetData,69479,6,14,Inorganic,000057E8,ResInorgRareCarboxylicAcids_L,CarboxylicAcids,Rare
Syrma,Syrma VII-a,Moon,0005DF34,SyrmaVII-aPlanetData,69479,7,18,Inorganic,000057EA,ResInorgCommonArgon_G,Argon,Common
Syrma,Syrma VII-a,Moon,0005DF34,SyrmaVII-aPlanetData,69479,7,18,Inorganic,000057D5,ResInorgCommonChlorine_G,Chlorine,Common
Syrma,Syrma VII-a,Moon,0005DF34,SyrmaVII-aPlanetData,69479,7,18,Inorganic,000057CB,ResInorgCommonNickel,Nickel,Common
Syrma,Syrma VII-a,Moon,0005DF34,SyrmaVII-aPlanetData,69479,7,18,Inorganic,000083EC,ResInorgCommonWater_L,Water,Common
Syrma,Syrma VII-a,Moon,0005DF34,SyrmaVII-aPlanetData,69479,7,18,Inorganic,000057D7,ResInorgUncommonChlorosilanes_L,Chlorosilanes,Uncommon
Syrma,Syrma VII-a,Moon,0005DF34,SyrmaVII-aPlanetData,69479,7,18,Inorganic,000057CE,ResInorgUncommonCobalt,Cobalt,Uncommon
Syrma,Syrma VII-a,Moon,0005DF34,SyrmaVII-aPlanetData,69479,7,18,Inorganic,000057DA,ResInorgRareLithium,Lithium,Rare
Syrma,Syrma VII-a,Moon,0005DF34,SyrmaVII-aPlanetData,69479,7,18,Inorganic,000057CC,ResInorgRarePlatinum,Platinum,Rare
Syrma,Syrma VII-a,Moon,0005DF34,SyrmaVII-aPlanetData,69479,7,18,Organic,00077821,ResOrgCommonFiber,Fiber,Common
Syrma,Syrma VII-a,Moon,0005DF34,SyrmaVII-aPlanetData,69479,7,18,Organic,0029F3FD,ResOrgCommonMetabolicAgent,MetabolicAgent,Common
Syrma,Syrma VII-a,Moon,0005DF34,SyrmaVII-aPlanetData,69479,7,18,Organic,000777E6,ResOrgCommonNutrient,Nutrient,Common
Syrma,Syrma VII-a,Moon,0005DF34,SyrmaVII-aPlanetData,69479,7,18,Organic,00224640,ResOrgCommonNutrientFaunaHerbivore,Nutrient,Common
Syrma,Syrma VII-a,Moon,0005DF34,SyrmaVII-aPlanetData,69479,7,18,Organic,000777FA,ResOrgCommonStructural,Structural,Common
Syrma,Syrma VII-a,Moon,0005DF34,SyrmaVII-aPlanetData,69479,7,18,Organic,00077823,ResOrgCommonToxin,Toxin,Common
Syrma,Syrma VII-a,Moon,0005DF34,SyrmaVII-aPlanetData,69479,7,18,Organic,002246D8,ResOrgUncommonAntimicrobialFaunaHerbivore,Antimicrobial,Uncommon
Syrma,Syrma VII-a,Moon,0005DF34,SyrmaVII-aPlanetData,69479,7,18,Organic,00224631,ResOrgUncommonCosmeticFaunaHerbivore,Cosmetic,Uncommon
Syrma,Syrma VII-a,Moon,0005DF34,SyrmaVII-aPlanetData,69479,7,18,Organic,00224653,ResOrgRareAminoAcidsFaunaCarnivore,AminoAcids,Rare
Syrma,Syrma VII-b,Moon,0005DF35,SyrmaVII-bPlanetData,69479,7,19,Inorganic,000057EA,ResInorgCommonArgon_G,Argon,Common
Syrma,Syrma VII-b,Moon,0005DF35,SyrmaVII-bPlanetData,69479,7,19,Inorganic,000083EC,ResInorgCommonWater_L,Water,Common
Tau Ceti,Tau Ceti I,Planet,0005E09F,TauCetiIPlanetData,8087,0,1,Inorganic,000057CF,ResInorgCommonCopper,Copper,Common
Tau Ceti,Tau Ceti I,Planet,0005E09F,TauCetiIPlanetData,8087,0,1,Inorganic,000057F5,ResInorgCommonHelium3_G,Helium3,Common
Tau Ceti,Tau Ceti I,Planet,0005E09F,TauCetiIPlanetData,8087,0,1,Inorganic,000057C7,ResInorgCommonIron,Iron,Common
Tau Ceti,Tau Ceti I,Planet,0005E09F,TauCetiIPlanetData,8087,0,1,Inorganic,000057CB,ResInorgCommonNickel,Nickel,Common
Tau Ceti,Tau Ceti I,Planet,0005E09F,TauCetiIPlanetData,8087,0,1,Inorganic,000057EB,ResInorgCommonUranium,Uranium,Common
Tau Ceti,Tau Ceti I,Planet,0005E09F,TauCetiIPlanetData,8087,0,1,Inorganic,000057CC,ResInorgRarePlatinum,Platinum,Rare
Tau Ceti,Tau Ceti I,Planet,0005E09F,TauCetiIPlanetData,8087,0,1,Inorganic,000057ED,ResInorgRareVanadium,Vanadium,Rare
Tau Ceti,Tau Ceti I,Planet,0005E09F,TauCetiIPlanetData,8087,0,1,Inorganic,000057CD,ResInorgExoticPalladium,Palladium,Exotic
Tau Ceti,Tau Ceti II,Planet,0005E0A0,TauCetiIIPlanetData,8087,0,2,Inorganic,000057EA,ResInorgCommonArgon_G,Argon,Common
Tau Ceti,Tau Ceti II,Planet,0005E0A0,TauCetiIIPlanetData,8087,0,2,Inorganic,000057C7,ResInorgCommonIron,Iron,Common
Tau Ceti,Tau Ceti II,Planet,0005E0A0,TauCetiIIPlanetData,8087,0,2,Inorganic,000083EC,ResInorgCommonWater_L,Water,Common
Tau Ceti,Tau Ceti II,Planet,0005E0A0,TauCetiIIPlanetData,8087,0,2,Inorganic,000057C9,ResInorgUncommonAlkanes_G,Alkanes,Uncommon
Tau Ceti,Tau Ceti II,Planet,0005E0A0,TauCetiIIPlanetData,8087,0,2,Inorganic,000057E7,ResInorgUncommonBenzene_G,Benzene,Uncommon
Tau Ceti,Tau Ceti II,Planet,0005E0A0,TauCetiIIPlanetData,8087,0,2,Organic,00224642,ResOrgCommonFiberFaunaHerbivore,Fiber,Common
Tau Ceti,Tau Ceti II,Planet,0005E0A0,TauCetiIIPlanetData,8087,0,2,Organic,000777E6,ResOrgCommonNutrient,Nutrient,Common
Tau Ceti,Tau Ceti II,Planet,0005E0A0,TauCetiIIPlanetData,8087,0,2,Organic,00224640,ResOrgCommonNutrientFaunaHerbivore,Nutrient,Common
Tau Ceti,Tau Ceti II,Planet,0005E0A0,TauCetiIIPlanetData,8087,0,2,Organic,0022464B,ResOrgCommonSealantFaunaCarnivore,Sealant,Common
Tau Ceti,Tau Ceti II,Planet,0005E0A0,TauCetiIIPlanetData,8087,0,2,Organic,000777FA,ResOrgCommonStructural,Structural,Common
Tau Ceti,Tau Ceti II,Planet,0005E0A0,TauCetiIIPlanetData,8087,0,2,Organic,00077823,ResOrgCommonToxin,Toxin,Common
Tau Ceti,Tau Ceti II,Planet,0005E0A0,TauCetiIIPlanetData,8087,0,2,Organic,00224638,ResOrgExoticSolventFaunaHerbivore,Solvent,Exotic
Tau Ceti,Tau Ceti II-a,Moon,0005E0A1,TauCetiII-aPlanetData,8087,2,11,Inorganic,000057D6,ResInorgCommonAluminum,Aluminum,Common
Tau Ceti,Tau Ceti II-a,Moon,0005E0A1,TauCetiII-aPlanetData,8087,2,11,Inorganic,000057F5,ResInorgCommonHelium3_G,Helium3,Common
Tau Ceti,Tau Ceti II-a,Moon,0005E0A1,TauCetiII-aPlanetData,8087,2,11,Inorganic,000057DB,ResInorgRareNeodymium,Neodymium,Rare
Tau Ceti,Tau Ceti III,Planet,0005E0A2,TauCetiIIIPlanetData,8087,0,3,Inorganic,000057D5,ResInorgCommonChlorine_G,Chlorine,Common
Tau Ceti,Tau Ceti III,Planet,0005E0A2,TauCetiIIIPlanetData,8087,0,3,Inorganic,000057CF,ResInorgCommonCopper,Copper,Common
Tau Ceti,Tau Ceti III,Planet,0005E0A2,TauCetiIIIPlanetData,8087,0,3,Inorganic,000057C7,ResInorgCommonIron,Iron,Common
Tau Ceti,Tau Ceti III,Planet,0005E0A2,TauCetiIIIPlanetData,8087,0,3,Inorganic,000083EC,ResInorgCommonWater_L,Water,Common
Tau Ceti,Tau Ceti III,Planet,0005E0A2,TauCetiIIIPlanetData,8087,0,3,Inorganic,000057C9,ResInorgUncommonAlkanes_G,Alkanes,Uncommon
Tau Ceti,Tau Ceti III,Planet,0005E0A2,TauCetiIIIPlanetData,8087,0,3,Inorganic,000057DA,ResInorgRareLithium,Lithium,Rare
Tau Ceti,Tau Ceti III,Planet,0005E0A2,TauCetiIIIPlanetData,8087,0,3,Inorganic,000057D1,ResInorgRareTetrafluorides_G,Tetrafluorides,Rare
Tau Ceti,Tau Ceti IV,Planet,0005E0A3,TauCetiIVPlanetData,8087,0,4,Inorganic,000057D5,ResInorgCommonChlorine_G,Chlorine,Common
Tau Ceti,Tau Ceti IV,Planet,0005E0A3,TauCetiIVPlanetData,8087,0,4,Inorganic,000057CF,ResInorgCommonCopper,Copper,Common
Tau Ceti,Tau Ceti IV,Planet,0005E0A3,TauCetiIVPlanetData,8087,0,4,Inorganic,000057C1,ResInorgCommonLead,Lead,Common
Tau Ceti,Tau Ceti IV,Planet,0005E0A3,TauCetiIVPlanetData,8087,0,4,Inorganic,000083EC,ResInorgCommonWater_L,Water,Common
Tau Ceti,Tau Ceti IV,Planet,0005E0A3,TauCetiIVPlanetData,8087,0,4,Inorganic,000057D7,ResInorgUncommonChlorosilanes_L,Chlorosilanes,Uncommon
Tau Ceti,Tau Ceti IV,Planet,0005E0A3,TauCetiIVPlanetData,8087,0,4,Inorganic,000057D0,ResInorgUncommonFluorine_G,Fluorine,Uncommon
Tau Ceti,Tau Ceti IV-a,Moon,0005E0A5,TauCetiIV-aPlanetData,8087,4,13,Inorganic,000057D6,ResInorgCommonAluminum,Aluminum,Common
Tau Ceti,Tau Ceti IV-a,Moon,0005E0A5,TauCetiIV-aPlanetData,8087,4,13,Inorganic,000057F5,ResInorgCommonHelium3_G,Helium3,Common
Tau Ceti,Tau Ceti IV-a,Moon,0005E0A5,TauCetiIV-aPlanetData,8087,4,13,Inorganic,000057D8,ResInorgUncommonBeryllium,Beryllium,Uncommon
Tau Ceti,Tau Ceti IV-b,Moon,0005E0A4,TauCetiIV-bPlanetData,8087,4,12,Inorganic,000057F5,ResInorgCommonHelium3_G,Helium3,Common
Tau Ceti,Tau Ceti IV-b,Moon,0005E0A4,TauCetiIV-bPlanetData,8087,4,12,Inorganic,000057C7,ResInorgCommonIron,Iron,Common
Tau Ceti,Tau Ceti V,Planet,0005E0A6,TauCetiVPlanetData,8087,0,5,Inorganic,000057C7,ResInorgCommonIron,Iron,Common
Tau Ceti,Tau Ceti V,Planet,0005E0A6,TauCetiVPlanetData,8087,0,5,Inorganic,000057CB,ResInorgCommonNickel,Nickel,Common
Tau Ceti,Tau Ceti V,Planet,0005E0A6,TauCetiVPlanetData,8087,0,5,Inorganic,000083EC,ResInorgCommonWater_L,Water,Common
Tau Ceti,Tau Ceti V,Planet,0005E0A6,TauCetiVPlanetData,8087,0,5,Inorganic,000057C9,ResInorgUncommonAlkanes_G,Alkanes,Uncommon
Tau Ceti,Tau Ceti V,Planet,0005E0A6,TauCetiVPlanetData,8087,0,5,Inorganic,000057CE,ResInorgUncommonCobalt,Cobalt,Uncommon
Tau Ceti,Tau Ceti V,Planet,0005E0A6,TauCetiVPlanetData,8087,0,5,Inorganic,000057CC,ResInorgRarePlatinum,Platinum,Rare
Tau Ceti,Tau Ceti V,Planet,0005E0A6,TauCetiVPlanetData,8087,0,5,Inorganic,000057CD,ResInorgExoticPalladium,Palladium,Exotic
Tau Ceti,Tau Ceti V,Planet,0005E0A6,TauCetiVPlanetData,8087,0,5,Inorganic,000057CA,ResInorgExoticYtterbium,Ytterbium,Exotic
Tau Ceti,Tau Ceti VI,Planet,0005E0A7,TauCetiVIPlanetData,8087,0,6,Inorganic,000057D6,ResInorgCommonAluminum,Aluminum,Common
Tau Ceti,Tau Ceti VI,Planet,0005E0A7,TauCetiVIPlanetData,8087,0,6,Inorganic,000057F5,ResInorgCommonHelium3_G,Helium3,Common
Tau Ceti,Tau Ceti VI,Planet,0005E0A7,TauCetiVIPlanetData,8087,0,6,Inorganic,000057D8,ResInorgUncommonBeryllium,Beryllium,Uncommon
Tau Ceti,Tau Ceti VI,Planet,0005E0A7,TauCetiVIPlanetData,8087,0,6,Inorganic,000057DB,ResInorgRareNeodymium,Neodymium,Rare
Tau Ceti,Tau Ceti VI-a,Moon,0005E0A8,TauCetiVI-aPlanetData,8087,6,14,Inorganic,000057F5,ResInorgCommonHelium3_G,Helium3,Common
Tau Ceti,Tau Ceti VI-a,Moon,0005E0A8,TauCetiVI-aPlanetData,8087,6,14,Inorganic,000057C7,ResInorgCommonIron,Iron,Common
Tau Ceti,Tau Ceti VI-a,Moon,0005E0A8,TauCetiVI-aPlanetData,8087,6,14,Inorganic,000057C8,ResInorgRareTantalum,Tantalum,Rare
Tau Ceti,Tau Ceti VII,Planet,0005E0A9,TauCetiVIIPlanetData,8087,0,7,Inorganic,000057D6,ResInorgCommonAluminum,Aluminum,Common
Tau Ceti,Tau Ceti VII,Planet,0005E0A9,TauCetiVIIPlanetData,8087,0,7,Inorganic,000057F5,ResInorgCommonHelium3_G,Helium3,Common
Tau Ceti,Tau Ceti VII-a,Moon,0005E0AA,TauCetiVII-aPlanetData,8087,7,15,Inorganic,000057D6,ResInorgCommonAluminum,Aluminum,Common
Tau Ceti,Tau Ceti VII-a,Moon,0005E0AA,TauCetiVII-aPlanetData,8087,7,15,Inorganic,000057F5,ResInorgCommonHelium3_G,Helium3,Common
Tau Ceti,Tau Ceti VII-a,Moon,0005E0AA,TauCetiVII-aPlanetData,8087,7,15,Inorganic,000057D8,ResInorgUncommonBeryllium,Beryllium,Uncommon
Tau Ceti,Tau Ceti VII-a,Moon,0005E0AA,TauCetiVII-aPlanetData,8087,7,15,Inorganic,000057E2,ResInorgExoticEuropium,Europium,Exotic
Tau Ceti,Tau Ceti VIII-a,Moon,0005E0AC,TauCetiVIII-aPlanetData,8087,8,16,Inorganic,000057CF,ResInorgCommonCopper,Copper,Common
Tau Ceti,Tau Ceti VIII-a,Moon,0005E0AC,TauCetiVIII-aPlanetData,8087,8,16,Inorganic,000083EC,ResInorgCommonWater_L,Water,Common
Tau Ceti,Tau Ceti VIII-b,Moon,0005E0B0,TauCetiVIII-bPlanetData,8087,8,20,Inorganic,000057D6,ResInorgCommonAluminum,Aluminum,Common
Tau Ceti,Tau Ceti VIII-b,Moon,0005E0B0,TauCetiVIII-bPlanetData,8087,8,20,Inorganic,000057EA,ResInorgCommonArgon_G,Argon,Common
Tau Ceti,Tau Ceti VIII-b,Moon,0005E0B0,TauCetiVIII-bPlanetData,8087,8,20,Inorganic,000057D5,ResInorgCommonChlorine_G,Chlorine,Common
Tau Ceti,Tau Ceti VIII-b,Moon,0005E0B0,TauCetiVIII-bPlanetData,8087,8,20,Inorganic,000057C7,ResInorgCommonIron,Iron,Common
Tau Ceti,Tau Ceti VIII-b,Moon,0005E0B0,TauCetiVIII-bPlanetData,8087,8,20,Inorganic,000083EC,ResInorgCommonWater_L,Water,Common
Tau Ceti,Tau Ceti VIII-b,Moon,0005E0B0,TauCetiVIII-bPlanetData,8087,8,20,Inorganic,000057D7,ResInorgUncommonChlorosilanes_L,Chlorosilanes,Uncommon
Tau Ceti,Tau Ceti VIII-b,Moon,0005E0B0,TauCetiVIII-bPlanetData,8087,8,20,Inorganic,000057C8,ResInorgRareTantalum,Tantalum,Rare
Tau Ceti,Tau Ceti VIII-b,Moon,0005E0B0,TauCetiVIII-bPlanetData,8087,8,20,Organic,00077821,ResOrgCommonFiber,Fiber,Common
Tau Ceti,Tau Ceti VIII-b,Moon,0005E0B0,TauCetiVIII-bPlanetData,8087,8,20,Organic,0029F3FD,ResOrgCommonMetabolicAgent,MetabolicAgent,Common
Tau Ceti,Tau Ceti VIII-b,Moon,0005E0B0,TauCetiVIII-bPlanetData,8087,8,20,Organic,000777E6,ResOrgCommonNutrient,Nutrient,Common
Tau Ceti,Tau Ceti VIII-b,Moon,0005E0B0,TauCetiVIII-bPlanetData,8087,8,20,Organic,00224640,ResOrgCommonNutrientFaunaHerbivore,Nutrient,Common
Tau Ceti,Tau Ceti VIII-b,Moon,0005E0B0,TauCetiVIII-bPlanetData,8087,8,20,Organic,0022462E,ResOrgCommonSealantFaunaHerbivore,Sealant,Common
Tau Ceti,Tau Ceti VIII-b,Moon,0005E0B0,TauCetiVIII-bPlanetData,8087,8,20,Organic,000777FA,ResOrgCommonStructural,Structural,Common
Tau Ceti,Tau Ceti VIII-b,Moon,0005E0B0,TauCetiVIII-bPlanetData,8087,8,20,Organic,00077823,ResOrgCommonToxin,Toxin,Common
Tau Ceti,Tau Ceti VIII-b,Moon,0005E0B0,TauCetiVIII-bPlanetData,8087,8,20,Organic,0022463E,ResOrgCommonToxinFaunaHerbivore,Toxin,Common
Tau Ceti,Tau Ceti VIII-b,Moon,0005E0B0,TauCetiVIII-bPlanetData,8087,8,20,Organic,000777F8,ResOrgUncommonCosmetic,Cosmetic,Uncommon
Tau Ceti,Tau Ceti VIII-b,Moon,0005E0B0,TauCetiVIII-bPlanetData,8087,8,20,Organic,00224630,ResOrgUncommonMembraneFaunaHerbivore,Membrane,Uncommon
Tau Ceti,Tau Ceti VIII-b,Moon,0005E0B0,TauCetiVIII-bPlanetData,8087,8,20,Organic,0022463F,ResOrgUncommonOrnamentalFaunaHerbivore,Ornamental,Uncommon
Tau Ceti,Tau Ceti VIII-b,Moon,0005E0B0,TauCetiVIII-bPlanetData,8087,8,20,Organic,00224652,ResOrgRareAnalgesicFaunaCarnivore,Analgesic,Rare
Tau Ceti,Tau Ceti VIII-b,Moon,0005E0B0,TauCetiVIII-bPlanetData,8087,8,20,Organic,00224659,ResOrgExoticHypercatalystFaunaCarnivore,Hypercatalyst,Exotic
Tau Ceti,Tau Ceti VIII-c,Moon,0005E0AD,TauCetiVIII-cPlanetData,8087,8,17,Inorganic,000057D5,ResInorgCommonChlorine_G,Chlorine,Common
Tau Ceti,Tau Ceti VIII-c,Moon,0005E0AD,TauCetiVIII-cPlanetData,8087,8,17,Inorganic,000083EC,ResInorgCommonWater_L,Water,Common
Tau Ceti,Tau Ceti VIII-c,Moon,0005E0AD,TauCetiVIII-cPlanetData,8087,8,17,Inorganic,000057D7,ResInorgUncommonChlorosilanes_L,Chlorosilanes,Uncommon
Tau Ceti,Tau Ceti VIII-c,Moon,0005E0AD,TauCetiVIII-cPlanetData,8087,8,17,Inorganic,000057DA,ResInorgRareLithium,Lithium,Rare
Tau Ceti,Tau Ceti VIII-c,Moon,0005E0AD,TauCetiVIII-cPlanetData,8087,8,17,Inorganic,000057E0,ResInorgExoticCaesium_L,Caesium,Exotic
Tau Ceti,Tau Ceti VIII-d,Moon,0005E0AE,TauCetiVIII-dPlanetData,8087,8,18,Inorganic,000057CB,ResInorgCommonNickel,Nickel,Common
Tau Ceti,Tau Ceti VIII-d,Moon,0005E0AE,TauCetiVIII-dPlanetData,8087,8,18,Inorganic,000083EC,ResInorgCommonWater_L,Water,Common
Tau Ceti,Tau Ceti VIII-d,Moon,0005E0AE,TauCetiVIII-dPlanetData,8087,8,18,Inorganic,000057CC,ResInorgRarePlatinum,Platinum,Rare
Tau Ceti,Tau Ceti VIII-d,Moon,0005E0AE,TauCetiVIII-dPlanetData,8087,8,18,Inorganic,000057CD,ResInorgExoticPalladium,Palladium,Exotic
The Pup,Pup I,Planet,0021E061,PupIPlanetData,119224,0,11,Inorganic,000057D5,ResInorgCommonChlorine_G,Chlorine,Common
The Pup,Pup I,Planet,0021E061,PupIPlanetData,119224,0,11,Inorganic,000083EC,ResInorgCommonWater_L,Water,Common
The Pup,Pup I,Planet,0021E061,PupIPlanetData,119224,0,11,Inorganic,000057E0,ResInorgExoticCaesium_L,Caesium,Exotic
Tidacha,Tidacha I,Planet,0005E1ED,TidachaIPlanetData,82337,0,1,Inorganic,000057D6,ResInorgCommonAluminum,Aluminum,Common
Tidacha,Tidacha I,Planet,0005E1ED,TidachaIPlanetData,82337,0,1,Inorganic,000057EA,ResInorgCommonArgon_G,Argon,Common
Tidacha,Tidacha I,Planet,0005E1ED,TidachaIPlanetData,82337,0,1,Inorganic,000057D5,ResInorgCommonChlorine_G,Chlorine,Common
Tidacha,Tidacha I,Planet,0005E1ED,TidachaIPlanetData,82337,0,1,Inorganic,000057C7,ResInorgCommonIron,Iron,Common
Tidacha,Tidacha I,Planet,0005E1ED,TidachaIPlanetData,82337,0,1,Inorganic,000083EC,ResInorgCommonWater_L,Water,Common
Tidacha,Tidacha I,Planet,0005E1ED,TidachaIPlanetData,82337,0,1,Inorganic,000057E7,ResInorgUncommonBenzene_G,Benzene,Uncommon
Tidacha,Tidacha I,Planet,0005E1ED,TidachaIPlanetData,82337,0,1,Inorganic,000057E8,ResInorgRareCarboxylicAcids_L,CarboxylicAcids,Rare
Tidacha,Tidacha I,Planet,0005E1ED,TidachaIPlanetData,82337,0,1,Organic,00224642,ResOrgCommonFiberFaunaHerbivore,Fiber,Common
Tidacha,Tidacha I,Planet,0005E1ED,TidachaIPlanetData,82337,0,1,Organic,0029F3FD,ResOrgCommonMetabolicAgent,MetabolicAgent,Common
Tidacha,Tidacha I,Planet,0005E1ED,TidachaIPlanetData,82337,0,1,Organic,000777E6,ResOrgCommonNutrient,Nutrient,Common
Tidacha,Tidacha I,Planet,0005E1ED,TidachaIPlanetData,82337,0,1,Organic,0022464B,ResOrgCommonSealantFaunaCarnivore,Sealant,Common
Tidacha,Tidacha I,Planet,0005E1ED,TidachaIPlanetData,82337,0,1,Organic,000777FA,ResOrgCommonStructural,Structural,Common
Tidacha,Tidacha I,Planet,0005E1ED,TidachaIPlanetData,82337,0,1,Organic,00077823,ResOrgCommonToxin,Toxin,Common
Tidacha,Tidacha I,Planet,0005E1ED,TidachaIPlanetData,82337,0,1,Organic,00224631,ResOrgUncommonCosmeticFaunaHerbivore,Cosmetic,Uncommon
Tidacha,Tidacha I,Planet,0005E1ED,TidachaIPlanetData,82337,0,1,Organic,0022464C,ResOrgUncommonPigmentFaunaCarnivore,Pigment,Uncommon
Tidacha,Tidacha I,Planet,0005E1ED,TidachaIPlanetData,82337,0,1,Organic,0022462D,ResOrgUncommonSpiceFaunaHerbivore,Spice,Uncommon
Tidacha,Tidacha I,Planet,0005E1ED,TidachaIPlanetData,82337,0,1,Organic,00224635,ResOrgRareAnalgesicFaunaHerbivore,Analgesic,Rare
Tidacha,Tidacha I,Planet,0005E1ED,TidachaIPlanetData,82337,0,1,Organic,0029F403,ResOrgRareHallucinogen,Hallucinogen,Rare
Tidacha,Tidacha I-a,Moon,0005E1EE,TidachaI-aPlanetData,82337,1,2,Inorganic,000057D6,ResInorgCommonAluminum,Aluminum,Common
Tidacha,Tidacha I-a,Moon,0005E1EE,TidachaI-aPlanetData,82337,1,2,Inorganic,000057F5,ResInorgCommonHelium3_G,Helium3,Common
Tidacha,Tidacha I-a,Moon,0005E1EE,TidachaI-aPlanetData,82337,1,2,Inorganic,000057D8,ResInorgUncommonBeryllium,Beryllium,Uncommon
Tidacha,Tidacha I-a,Moon,0005E1EE,TidachaI-aPlanetData,82337,1,2,Inorganic,000057DB,ResInorgRareNeodymium,Neodymium,Rare
Tidacha,Tidacha I-b,Moon,0005E1F0,TidachaI-bPlanetData,82337,1,4,Inorganic,000057F5,ResInorgCommonHelium3_G,Helium3,Common
Tidacha,Tidacha I-b,Moon,0005E1F0,TidachaI-bPlanetData,82337,1,4,Inorganic,000057C7,ResInorgCommonIron,Iron,Common
Tidacha,Tidacha I-b,Moon,0005E1F0,TidachaI-bPlanetData,82337,1,4,Inorganic,000057C8,ResInorgRareTantalum,Tantalum,Rare
Tidacha,Tidacha I-c,Moon,0005E1EF,TidachaI-cPlanetData,82337,1,3,Inorganic,000057F5,ResInorgCommonHelium3_G,Helium3,Common
Tidacha,Tidacha I-c,Moon,0005E1EF,TidachaI-cPlanetData,82337,1,3,Inorganic,000057C7,ResInorgCommonIron,Iron,Common
Tidacha,Tidacha I-c,Moon,0005E1EF,TidachaI-cPlanetData,82337,1,3,Inorganic,000057CA,ResInorgExoticYtterbium,Ytterbium,Exotic
Toliman,Toliman I,Planet,0005E586,TolimanIPlanetData,119223,0,28,Inorganic,000057D6,ResInorgCommonAluminum,Aluminum,Common
Toliman,Toliman I,Planet,0005E586,TolimanIPlanetData,119223,0,28,Inorganic,000057F5,ResInorgCommonHelium3_G,Helium3,Common
Toliman,Toliman II,Planet,0005E587,TolimanIIPlanetData,119223,0,29,Inorganic,000057EA,ResInorgCommonArgon_G,Argon,Common
Toliman,Toliman II,Planet,0005E587,TolimanIIPlanetData,119223,0,29,Inorganic,000057C1,ResInorgCommonLead,Lead,Common
Toliman,Toliman II,Planet,0005E587,TolimanIIPlanetData,119223,0,29,Inorganic,000083EC,ResInorgCommonWater_L,Water,Common
Toliman,Toliman II,Planet,0005E587,TolimanIIPlanetData,119223,0,29,Inorganic,000057E7,ResInorgUncommonBenzene_G,Benzene,Uncommon
Toliman,Toliman II,Planet,0005E587,TolimanIIPlanetData,119223,0,29,Inorganic,000057C3,ResInorgUncommonSilver,Silver,Uncommon
Toliman,Toliman II,Planet,0005E587,TolimanIIPlanetData,119223,0,29,Organic,0022465E,ResOrgCommonMetabolicAgentFaunaCarnivore,MetabolicAgent,Common
Toliman,Toliman II,Planet,0005E587,TolimanIIPlanetData,119223,0,29,Organic,000777E6,ResOrgCommonNutrient,Nutrient,Common
Toliman,Toliman II,Planet,0005E587,TolimanIIPlanetData,119223,0,29,Organic,00224640,ResOrgCommonNutrientFaunaHerbivore,Nutrient,Common
Toliman,Toliman II,Planet,0005E587,TolimanIIPlanetData,119223,0,29,Organic,0007782D,ResOrgCommonSealant,Sealant,Common
Toliman,Toliman II,Planet,0005E587,TolimanIIPlanetData,119223,0,29,Organic,0022462C,ResOrgCommonStructuralFaunaHerbivore,Structural,Common
Toliman,Toliman II,Planet,0005E587,TolimanIIPlanetData,119223,0,29,Organic,0022465B,ResOrgCommonToxinFaunaCarnivore,Toxin,Common
Toliman,Toliman II,Planet,0005E587,TolimanIIPlanetData,119223,0,29,Organic,0022463F,ResOrgUncommonOrnamentalFaunaHerbivore,Ornamental,Uncommon
Toliman,Toliman II,Planet,0005E587,TolimanIIPlanetData,119223,0,29,Organic,0007782E,ResOrgUncommonSpice,Spice,Uncommon
Toliman,Toliman II,Planet,0005E587,TolimanIIPlanetData,119223,0,29,Organic,00224637,ResOrgRareAdhesiveFaunaHerbivore,Adhesive,Rare
Toliman,Toliman II,Planet,0005E587,TolimanIIPlanetData,119223,0,29,Organic,00224633,ResOrgRareHallucinogenFaunaHerbivore,Hallucinogen,Rare
Toliman,Toliman II-a,Moon,0005E589,TolimanII-aPlanetData,119223,29,31,Inorganic,000057D6,ResInorgCommonAluminum,Aluminum,Common
Toliman,Toliman II-a,Moon,0005E589,TolimanII-aPlanetData,119223,29,31,Inorganic,000057F5,ResInorgCommonHelium3_G,Helium3,Common
Toliman,Toliman II-a,Moon,0005E589,TolimanII-aPlanetData,119223,29,31,Inorganic,000057D8,ResInorgUncommonBeryllium,Beryllium,Uncommon
Toliman,Toliman II-b,Moon,0005E588,TolimanII-bPlanetData,119223,29,30,Inorganic,000057D6,ResInorgCommonAluminum,Aluminum,Common
Toliman,Toliman II-b,Moon,0005E588,TolimanII-bPlanetData,119223,29,30,Inorganic,000057F5,ResInorgCommonHelium3_G,Helium3,Common
Toliman,Toliman II-c,Moon,0005E58A,TolimanII-cPlanetData,119223,29,32,Inorganic,000057D6,ResInorgCommonAluminum,Aluminum,Common
Toliman,Toliman II-c,Moon,0005E58A,TolimanII-cPlanetData,119223,29,32,Inorganic,000057F5,ResInorgCommonHelium3_G,Helium3,Common
Toliman,Toliman II-c,Moon,0005E58A,TolimanII-cPlanetData,119223,29,32,Inorganic,000057D8,ResInorgUncommonBeryllium,Beryllium,Uncommon
Ursae Majoris,Ursa Major I,Planet,0005E4BD,UrsaMajorIPlanetData,118742,0,1,Inorganic,000057CF,ResInorgCommonCopper,Copper,Common
Ursae Majoris,Ursa Major I,Planet,0005E4BD,UrsaMajorIPlanetData,118742,0,1,Inorganic,000057EB,ResInorgCommonUranium,Uranium,Common
Ursae Majoris,Ursa Major I,Planet,0005E4BD,UrsaMajorIPlanetData,118742,0,1,Inorganic,000057D0,ResInorgUncommonFluorine_G,Fluorine,Uncommon
Ursae Majoris,Ursa Major I,Planet,0005E4BD,UrsaMajorIPlanetData,118742,0,1,Organic,0029F3FD,ResOrgCommonMetabolicAgent,MetabolicAgent,Common
Ursae Majoris,Ursa Major I,Planet,0005E4BD,UrsaMajorIPlanetData,118742,0,1,Organic,0007782D,ResOrgCommonSealant,Sealant,Common
Ursae Majoris,Ursa Major I,Planet,0005E4BD,UrsaMajorIPlanetData,118742,0,1,Organic,000777FA,ResOrgCommonStructural,Structural,Common
Ursae Majoris,Ursa Major I,Planet,0005E4BD,UrsaMajorIPlanetData,118742,0,1,Organic,00077823,ResOrgCommonToxin,Toxin,Common
Ursae Majoris,Ursa Major I-a,Moon,0005E4BE,UrsaMajorI-aPlanetData,118742,1,5,Inorganic,000057D6,ResInorgCommonAluminum,Aluminum,Common
Ursae Majoris,Ursa Major I-a,Moon,0005E4BE,UrsaMajorI-aPlanetData,118742,1,5,Inorganic,000057F5,ResInorgCommonHelium3_G,Helium3,Common
Ursae Majoris,Ursa Major I-a,Moon,0005E4BE,UrsaMajorI-aPlanetData,118742,1,5,Inorganic,000057D8,ResInorgUncommonBeryllium,Beryllium,Uncommon
Ursae Majoris,Ursa Major I-a,Moon,0005E4BE,UrsaMajorI-aPlanetData,118742,1,5,Inorganic,000057DB,ResInorgRareNeodymium,Neodymium,Rare
Ursae Majoris,Ursa Major I-b,Moon,0005E4BF,UrsaMajorI-bPlanetData,118742,1,6,Inorganic,000057D6,ResInorgCommonAluminum,Aluminum,Common
Ursae Majoris,Ursa Major I-b,Moon,0005E4BF,UrsaMajorI-bPlanetData,118742,1,6,Inorganic,000057F5,ResInorgCommonHelium3_G,Helium3,Common
Ursae Majoris,Ursa Major I-b,Moon,0005E4BF,UrsaMajorI-bPlanetData,118742,1,6,Inorganic,000057D8,ResInorgUncommonBeryllium,Beryllium,Uncommon
Ursae Majoris,Ursa Major I-b,Moon,0005E4BF,UrsaMajorI-bPlanetData,118742,1,6,Inorganic,000057DB,ResInorgRareNeodymium,Neodymium,Rare
Ursae Majoris,Ursa Major I-c,Moon,0005E4C0,UrsaMajorI-cPlanetData,118742,1,7,Inorganic,000057F5,ResInorgCommonHelium3_G,Helium3,Common
Ursae Majoris,Ursa Major I-c,Moon,0005E4C0,UrsaMajorI-cPlanetData,118742,1,7,Inorganic,000057C7,ResInorgCommonIron,Iron,Common
Ursae Majoris,Ursa Major I-c,Moon,0005E4C0,UrsaMajorI-cPlanetData,118742,1,7,Inorganic,000057C8,ResInorgRareTantalum,Tantalum,Rare
Ursae Majoris,Ursa Major II,Planet,0005E4C1,UrsaMajorIIPlanetData,118742,0,2,Inorganic,000057EA,ResInorgCommonArgon_G,Argon,Common
Ursae Majoris,Ursa Major II,Planet,0005E4C1,UrsaMajorIIPlanetData,118742,0,2,Inorganic,000057D5,ResInorgCommonChlorine_G,Chlorine,Common
Ursae Majoris,Ursa Major II,Planet,0005E4C1,UrsaMajorIIPlanetData,118742,0,2,Inorganic,000057C7,ResInorgCommonIron,Iron,Common
Ursae Majoris,Ursa Major II,Planet,0005E4C1,UrsaMajorIIPlanetData,118742,0,2,Inorganic,000083EC,ResInorgCommonWater_L,Water,Common
Ursae Majoris,Ursa Major II,Planet,0005E4C1,UrsaMajorIIPlanetData,118742,0,2,Inorganic,000057E7,ResInorgUncommonBenzene_G,Benzene,Uncommon
Ursae Majoris,Ursa Major II,Planet,0005E4C1,UrsaMajorIIPlanetData,118742,0,2,Inorganic,000057D7,ResInorgUncommonChlorosilanes_L,Chlorosilanes,Uncommon
Ursae Majoris,Ursa Major II,Planet,0005E4C1,UrsaMajorIIPlanetData,118742,0,2,Inorganic,000057E8,ResInorgRareCarboxylicAcids_L,CarboxylicAcids,Rare
Ursae Majoris,Ursa Major II,Planet,0005E4C1,UrsaMajorIIPlanetData,118742,0,2,Inorganic,000057C8,ResInorgRareTantalum,Tantalum,Rare
Ursae Majoris,Ursa Major II,Planet,0005E4C1,UrsaMajorIIPlanetData,118742,0,2,Organic,00077821,ResOrgCommonFiber,Fiber,Common
Ursae Majoris,Ursa Major II,Planet,0005E4C1,UrsaMajorIIPlanetData,118742,0,2,Organic,0029F3FD,ResOrgCommonMetabolicAgent,MetabolicAgent,Common
Ursae Majoris,Ursa Major II,Planet,0005E4C1,UrsaMajorIIPlanetData,118742,0,2,Organic,0022465E,ResOrgCommonMetabolicAgentFaunaCarnivore,MetabolicAgent,Common
Ursae Majoris,Ursa Major II,Planet,0005E4C1,UrsaMajorIIPlanetData,118742,0,2,Organic,000777E6,ResOrgCommonNutrient,Nutrient,Common
Ursae Majoris,Ursa Major II,Planet,0005E4C1,UrsaMajorIIPlanetData,118742,0,2,Organic,0007782D,ResOrgCommonSealant,Sealant,Common
Ursae Majoris,Ursa Major II,Planet,0005E4C1,UrsaMajorIIPlanetData,118742,0,2,Organic,0022462E,ResOrgCommonSealantFaunaHerbivore,Sealant,Common
Ursae Majoris,Ursa Major II,Planet,0005E4C1,UrsaMajorIIPlanetData,118742,0,2,Organic,000777FA,ResOrgCommonStructural,Structural,Common
Ursae Majoris,Ursa Major II,Planet,0005E4C1,UrsaMajorIIPlanetData,118742,0,2,Organic,0022462C,ResOrgCommonStructuralFaunaHerbivore,Structural,Common
Ursae Majoris,Ursa Major II,Planet,0005E4C1,UrsaMajorIIPlanetData,118742,0,2,Organic,00077823,ResOrgCommonToxin,Toxin,Common
Ursae Majoris,Ursa Major II,Planet,0005E4C1,UrsaMajorIIPlanetData,118742,0,2,Organic,0022463E,ResOrgCommonToxinFaunaHerbivore,Toxin,Common
Ursae Majoris,Ursa Major II,Planet,0005E4C1,UrsaMajorIIPlanetData,118742,0,2,Organic,000777F8,ResOrgUncommonCosmetic,Cosmetic,Uncommon
Ursae Majoris,Ursa Major II,Planet,0005E4C1,UrsaMajorIIPlanetData,118742,0,2,Organic,0022464D,ResOrgUncommonMembraneFaunaCarnivore,Membrane,Uncommon
Ursae Majoris,Ursa Major II,Planet,0005E4C1,UrsaMajorIIPlanetData,118742,0,2,Organic,0022463F,ResOrgUncommonOrnamentalFaunaHerbivore,Ornamental,Uncommon
Ursae Majoris,Ursa Major II,Planet,0005E4C1,UrsaMajorIIPlanetData,118742,0,2,Organic,0007782E,ResOrgUncommonSpice,Spice,Uncommon
Ursae Majoris,Ursa Major II,Planet,0005E4C1,UrsaMajorIIPlanetData,118742,0,2,Organic,00224653,ResOrgRareAminoAcidsFaunaCarnivore,AminoAcids,Rare
Ursae Majoris,Ursa Major II,Planet,0005E4C1,UrsaMajorIIPlanetData,118742,0,2,Organic,00224638,ResOrgExoticSolventFaunaHerbivore,Solvent,Exotic
Ursae Majoris,Ursa Major III,Planet,0005E4C2,UrsaMajorIIIPlanetData,118742,0,3,Inorganic,000057CF,ResInorgCommonCopper,Copper,Common
Ursae Majoris,Ursa Major III,Planet,0005E4C2,UrsaMajorIIIPlanetData,118742,0,3,Inorganic,000083EC,ResInorgCommonWater_L,Water,Common
Ursae Majoris,Ursa Major III,Planet,0005E4C2,UrsaMajorIIIPlanetData,118742,0,3,Inorganic,000057D0,ResInorgUncommonFluorine_G,Fluorine,Uncommon
Ursae Minoris,Ursa Minor I,Planet,0005E4B5,UrsaMinorIPlanetData,119222,0,18,Inorganic,000057CF,ResInorgCommonCopper,Copper,Common
Ursae Minoris,Ursa Minor I,Planet,0005E4B5,UrsaMinorIPlanetData,119222,0,18,Inorganic,000057CB,ResInorgCommonNickel,Nickel,Common
Ursae Minoris,Ursa Minor I,Planet,0005E4B5,UrsaMinorIPlanetData,119222,0,18,Inorganic,000057EB,ResInorgCommonUranium,Uranium,Common
Ursae Minoris,Ursa Minor I,Planet,0005E4B5,UrsaMinorIPlanetData,119222,0,18,Inorganic,000057CE,ResInorgUncommonCobalt,Cobalt,Uncommon
Ursae Minoris,Ursa Minor I,Planet,0005E4B5,UrsaMinorIPlanetData,119222,0,18,Inorganic,000057D0,ResInorgUncommonFluorine_G,Fluorine,Uncommon
Ursae Minoris,Ursa Minor I,Planet,0005E4B5,UrsaMinorIPlanetData,119222,0,18,Inorganic,000057EC,ResInorgUncommonIridium,Iridium,Uncommon
Ursae Minoris,Ursa Minor I-a,Moon,0005E4B6,UrsaMinorI-aPlanetData,119222,18,19,Inorganic,000057D6,ResInorgCommonAluminum,Aluminum,Common
Ursae Minoris,Ursa Minor I-a,Moon,0005E4B6,UrsaMinorI-aPlanetData,119222,18,19,Inorganic,000057F5,ResInorgCommonHelium3_G,Helium3,Common
Ursae Minoris,Ursa Minor I-a,Moon,0005E4B6,UrsaMinorI-aPlanetData,119222,18,19,Inorganic,000057E2,ResInorgExoticEuropium,Europium,Exotic
Ursae Minoris,Ursa Minor I-b,Moon,0005E4B7,UrsaMinorI-bPlanetData,119222,18,20,Inorganic,000057F5,ResInorgCommonHelium3_G,Helium3,Common
Ursae Minoris,Ursa Minor I-b,Moon,0005E4B7,UrsaMinorI-bPlanetData,119222,18,20,Inorganic,000057C7,ResInorgCommonIron,Iron,Common
Ursae Minoris,Ursa Minor II,Planet,0005E4B8,UrsaMinorIIPlanetData,119222,0,21,Inorganic,000057EA,ResInorgCommonArgon_G,Argon,Common
Ursae Minoris,Ursa Minor II,Planet,0005E4B8,UrsaMinorIIPlanetData,119222,0,21,Inorganic,000057CF,ResInorgCommonCopper,Copper,Common
Ursae Minoris,Ursa Minor II,Planet,0005E4B8,UrsaMinorIIPlanetData,119222,0,21,Inorganic,000083EC,ResInorgCommonWater_L,Water,Common
Ursae Minoris,Ursa Minor II,Planet,0005E4B8,UrsaMinorIIPlanetData,119222,0,21,Inorganic,000057E8,ResInorgRareCarboxylicAcids_L,CarboxylicAcids,Rare
Ursae Minoris,Ursa Minor II,Planet,0005E4B8,UrsaMinorIIPlanetData,119222,0,21,Inorganic,000057D1,ResInorgRareTetrafluorides_G,Tetrafluorides,Rare
Ursae Minoris,Ursa Minor II,Planet,0005E4B8,UrsaMinorIIPlanetData,119222,0,21,Organic,00077821,ResOrgCommonFiber,Fiber,Common
Ursae Minoris,Ursa Minor II,Planet,0005E4B8,UrsaMinorIIPlanetData,119222,0,21,Organic,0029F3FD,ResOrgCommonMetabolicAgent,MetabolicAgent,Common
Ursae Minoris,Ursa Minor II,Planet,0005E4B8,UrsaMinorIIPlanetData,119222,0,21,Organic,000777E6,ResOrgCommonNutrient,Nutrient,Common
Ursae Minoris,Ursa Minor II,Planet,0005E4B8,UrsaMinorIIPlanetData,119222,0,21,Organic,0022462E,ResOrgCommonSealantFaunaHerbivore,Sealant,Common
Ursae Minoris,Ursa Minor II,Planet,0005E4B8,UrsaMinorIIPlanetData,119222,0,21,Organic,0022462C,ResOrgCommonStructuralFaunaHerbivore,Structural,Common
Ursae Minoris,Ursa Minor II,Planet,0005E4B8,UrsaMinorIIPlanetData,119222,0,21,Organic,00077823,ResOrgCommonToxin,Toxin,Common
Ursae Minoris,Ursa Minor II,Planet,0005E4B8,UrsaMinorIIPlanetData,119222,0,21,Organic,002246D8,ResOrgUncommonAntimicrobialFaunaHerbivore,Antimicrobial,Uncommon
Ursae Minoris,Ursa Minor II,Planet,0005E4B8,UrsaMinorIIPlanetData,119222,0,21,Organic,00224630,ResOrgUncommonMembraneFaunaHerbivore,Membrane,Uncommon
Ursae Minoris,Ursa Minor II,Planet,0005E4B8,UrsaMinorIIPlanetData,119222,0,21,Organic,00224651,ResOrgRareAromaticFaunaCarnivore,Aromatic,Rare
Ursae Minoris,Ursa Minor II-a,Moon,0005E4B9,UrsaMinorII-aPlanetData,119222,21,22,Inorganic,000057D6,ResInorgCommonAluminum,Aluminum,Common
Ursae Minoris,Ursa Minor II-a,Moon,0005E4B9,UrsaMinorII-aPlanetData,119222,21,22,Inorganic,000057F5,ResInorgCommonHelium3_G,Helium3,Common
Ursae Minoris,Ursa Minor II-a,Moon,0005E4B9,UrsaMinorII-aPlanetData,119222,21,22,Inorganic,000057E2,ResInorgExoticEuropium,Europium,Exotic
Ursae Minoris,Ursa Minor III,Planet,0005E4BA,UrsaMinorIIIPlanetData,119222,0,23,Inorganic,000057D5,ResInorgCommonChlorine_G,Chlorine,Common
Ursae Minoris,Ursa Minor III,Planet,0005E4BA,UrsaMinorIIIPlanetData,119222,0,23,Inorganic,000057CF,ResInorgCommonCopper,Copper,Common
Ursae Minoris,Ursa Minor III,Planet,0005E4BA,UrsaMinorIIIPlanetData,119222,0,23,Inorganic,000083EC,ResInorgCommonWater_L,Water,Common
Ursae Minoris,Ursa Minor III,Planet,0005E4BA,UrsaMinorIIIPlanetData,119222,0,23,Inorganic,000057D7,ResInorgUncommonChlorosilanes_L,Chlorosilanes,Uncommon
Ursae Minoris,Ursa Minor III,Planet,0005E4BA,UrsaMinorIIIPlanetData,119222,0,23,Inorganic,000057D0,ResInorgUncommonFluorine_G,Fluorine,Uncommon
Valo,Cantra,Planet,0005E54B,CantraPlanetData,119198,0,2,Inorganic,000057D6,ResInorgCommonAluminum,Aluminum,Common
Valo,Cantra,Planet,0005E54B,CantraPlanetData,119198,0,2,Inorganic,000057F5,ResInorgCommonHelium3_G,Helium3,Common
Valo,Cantra,Planet,0005E54B,CantraPlanetData,119198,0,2,Inorganic,000057D8,ResInorgUncommonBeryllium,Beryllium,Uncommon
Valo,Cantra,Planet,0005E54B,CantraPlanetData,119198,0,2,Inorganic,000057DB,ResInorgRareNeodymium,Neodymium,Rare
Valo,Golga,Moon,0005E550,GolgaPlanetData,119198,5,10,Inorganic,000057D6,ResInorgCommonAluminum,Aluminum,Common
Valo,Golga,Moon,0005E550,GolgaPlanetData,119198,5,10,Inorganic,000057F5,ResInorgCommonHelium3_G,Helium3,Common
Valo,Hillex,Planet,0005E54D,HillexPlanetData,119198,0,4,Inorganic,000057D6,ResInorgCommonAluminum,Aluminum,Common
Valo,Hillex,Planet,0005E54D,HillexPlanetData,119198,0,4,Inorganic,000057F5,ResInorgCommonHelium3_G,Helium3,Common
Valo,Kindi,Moon,0005E551,KindiPlanetData,119198,5,11,Inorganic,000057D6,ResInorgCommonAluminum,Aluminum,Common
Valo,Kindi,Moon,0005E551,KindiPlanetData,119198,5,11,Inorganic,000057F5,ResInorgCommonHelium3_G,Helium3,Common
Valo,Kindi,Moon,0005E551,KindiPlanetData,119198,5,11,Inorganic,000057D8,ResInorgUncommonBeryllium,Beryllium,Uncommon
Valo,Kindi,Moon,0005E551,KindiPlanetData,119198,5,11,Inorganic,000057DB,ResInorgRareNeodymium,Neodymium,Rare
Valo,Miatha,Moon,0005E54A,MiathaPlanetData,119198,1,8,Inorganic,000057D6,ResInorgCommonAluminum,Aluminum,Common
Valo,Miatha,Moon,0005E54A,MiathaPlanetData,119198,1,8,Inorganic,000057F5,ResInorgCommonHelium3_G,Helium3,Common
Valo,Miatha,Moon,0005E54A,MiathaPlanetData,119198,1,8,Inorganic,000057DB,ResInorgRareNeodymium,Neodymium,Rare
Valo,Navacci,Moon,0003F59C,NavacciPlanetData,119198,1,7,Inorganic,000057D6,ResInorgCommonAluminum,Aluminum,Common
Valo,Navacci,Moon,0003F59C,NavacciPlanetData,119198,1,7,Inorganic,000057F5,ResInorgCommonHelium3_G,Helium3,Common
Valo,Navacci,Moon,0003F59C,NavacciPlanetData,119198,1,7,Inorganic,000057E2,ResInorgExoticEuropium,Europium,Exotic
Valo,Polvo,Planet,0003F59B,PolvoPlanetData,119198,0,1,Inorganic,000057EA,ResInorgCommonArgon_G,Argon,Common
Valo,Polvo,Planet,0003F59B,PolvoPlanetData,119198,0,1,Inorganic,000057CB,ResInorgCommonNickel,Nickel,Common
Valo,Polvo,Planet,0003F59B,PolvoPlanetData,119198,0,1,Inorganic,000057EB,ResInorgCommonUranium,Uranium,Common
Valo,Polvo,Planet,0003F59B,PolvoPlanetData,119198,0,1,Inorganic,000083EC,ResInorgCommonWater_L,Water,Common
Valo,Polvo,Planet,0003F59B,PolvoPlanetData,119198,0,1,Inorganic,000057E7,ResInorgUncommonBenzene_G,Benzene,Uncommon
Valo,Polvo,Planet,0003F59B,PolvoPlanetData,119198,0,1,Inorganic,000057EC,ResInorgUncommonIridium,Iridium,Uncommon
Valo,Polvo,Planet,0003F59B,PolvoPlanetData,119198,0,1,Inorganic,000057ED,ResInorgRareVanadium,Vanadium,Rare
Valo,Polvo,Planet,0003F59B,PolvoPlanetData,119198,0,1,Organic,00077821,ResOrgCommonFiber,Fiber,Common
Valo,Polvo,Planet,0003F59B,PolvoPlanetData,119198,0,1,Organic,00224641,ResOrgCommonMetabolicAgentFaunaHerbivore,MetabolicAgent,Common
Valo,Polvo,Planet,0003F59B,PolvoPlanetData,119198,0,1,Organic,00224640,ResOrgCommonNutrientFaunaHerbivore,Nutrient,Common
Valo,Polvo,Planet,0003F59B,PolvoPlanetData,119198,0,1,Organic,0007782D,ResOrgCommonSealant,Sealant,Common
Valo,Polvo,Planet,0003F59B,PolvoPlanetData,119198,0,1,Organic,0022462C,ResOrgCommonStructuralFaunaHerbivore,Structural,Common
Valo,Polvo,Planet,0003F59B,PolvoPlanetData,119198,0,1,Organic,00077823,ResOrgCommonToxin,Toxin,Common
Valo,Polvo,Planet,0003F59B,PolvoPlanetData,119198,0,1,Organic,002246D8,ResOrgUncommonAntimicrobialFaunaHerbivore,Antimicrobial,Uncommon
Valo,Polvo,Planet,0003F59B,PolvoPlanetData,119198,0,1,Organic,00224630,ResOrgUncommonMembraneFaunaHerbivore,Membrane,Uncommon
Valo,Polvo,Planet,0003F59B,PolvoPlanetData,119198,0,1,Organic,0022465C,ResOrgUncommonOrnamentalFaunaCarnivore,Ornamental,Uncommon
Valo,Polvo,Planet,0003F59B,PolvoPlanetData,119198,0,1,Organic,0022464A,ResOrgUncommonSpiceFaunaCarnivore,Spice,Uncommon
Valo,Polvo,Planet,0003F59B,PolvoPlanetData,119198,0,1,Organic,0007782A,ResOrgRareAminoAcids,AminoAcids,Rare
Valo,Polvo,Planet,0003F59B,PolvoPlanetData,119198,0,1,Organic,00224653,ResOrgRareAminoAcidsFaunaCarnivore,AminoAcids,Rare
Valo,Polvo,Planet,0003F59B,PolvoPlanetData,119198,0,1,Organic,00077827,ResOrgExoticSolvent,Solvent,Exotic
Valo,Prax,Planet,0005E54C,PraxPlanetData,119198,0,3,Inorganic,000057D6,ResInorgCommonAluminum,Aluminum,Common
Valo,Prax,Planet,0005E54C,PraxPlanetData,119198,0,3,Inorganic,000057F5,ResInorgCommonHelium3_G,Helium3,Common
Valo,Shorun,Moon,0005E54F,ShorunPlanetData,119198,5,9,Inorganic,000057D5,ResInorgCommonChlorine_G,Chlorine,Common
Valo,Shorun,Moon,0005E54F,ShorunPlanetData,119198,5,9,Inorganic,000083EC,ResInorgCommonWater_L,Water,Common
Valo,Shorun,Moon,0005E54F,ShorunPlanetData,119198,5,9,Inorganic,000057D7,ResInorgUncommonChlorosilanes_L,Chlorosilanes,Uncommon
Valo,Shorun,Moon,0005E54F,ShorunPlanetData,119198,5,9,Inorganic,000057DA,ResInorgRareLithium,Lithium,Rare
Valo,Virum,Moon,0005E552,VirumPlanetData,119198,5,12,Inorganic,000057CB,ResInorgCommonNickel,Nickel,Common
Valo,Virum,Moon,0005E552,VirumPlanetData,119198,5,12,Inorganic,000083EC,ResInorgCommonWater_L,Water,Common
Valo,Virum,Moon,0005E552,VirumPlanetData,119198,5,12,Inorganic,000057CE,ResInorgUncommonCobalt,Cobalt,Uncommon
Van Maanen's Star,Van Maanen I,Planet,0021E05F,VanMaanenIPlanetData,3820,0,1,Inorganic,000057CF,ResInorgCommonCopper,Copper,Common
Van Maanen's Star,Van Maanen I,Planet,0021E05F,VanMaanenIPlanetData,3820,0,1,Inorganic,000083EC,ResInorgCommonWater_L,Water,Common
Vega,Vega I-a,Moon,0005E08A,VegaI-aPlanetData,90979,1,6,Inorganic,000057D5,ResInorgCommonChlorine_G,Chlorine,Common
Vega,Vega I-a,Moon,0005E08A,VegaI-aPlanetData,90979,1,6,Inorganic,000083EC,ResInorgCommonWater_L,Water,Common
Vega,Vega I-b,Moon,0005E088,VegaI-bPlanetData,90979,1,4,Inorganic,000057D6,ResInorgCommonAluminum,Aluminum,Common
Vega,Vega I-b,Moon,0005E088,VegaI-bPlanetData,90979,1,4,Inorganic,000057F5,ResInorgCommonHelium3_G,Helium3,Common
Vega,Vega I-c,Moon,0005E089,VegaI-cPlanetData,90979,1,5,Inorganic,000057D5,ResInorgCommonChlorine_G,Chlorine,Common
Vega,Vega I-c,Moon,0005E089,VegaI-cPlanetData,90979,1,5,Inorganic,000083EC,ResInorgCommonWater_L,Water,Common
Vega,Vega I-c,Moon,0005E089,VegaI-cPlanetData,90979,1,5,Inorganic,000057D7,ResInorgUncommonChlorosilanes_L,Chlorosilanes,Uncommon
Vega,Vega II-a,Moon,0005E08F,VegaII-aPlanetData,90979,2,10,Inorganic,000057CF,ResInorgCommonCopper,Copper,Common
Vega,Vega II-a,Moon,0005E08F,VegaII-aPlanetData,90979,2,10,Inorganic,000083EC,ResInorgCommonWater_L,Water,Common
Vega,Vega II-b,Moon,0005E090,VegaII-bPlanetData,90979,2,11,Inorganic,000057C1,ResInorgCommonLead,Lead,Common
Vega,Vega II-b,Moon,0005E090,VegaII-bPlanetData,90979,2,11,Inorganic,000083EC,ResInorgCommonWater_L,Water,Common
Vega,Vega II-b,Moon,0005E090,VegaII-bPlanetData,90979,2,11,Inorganic,000057C6,ResInorgRareTitanium,Titanium,Rare
Vega,Vega II-b,Moon,0005E090,VegaII-bPlanetData,90979,2,11,Inorganic,000057C2,ResInorgExoticDysprosium,Dysprosium,Exotic
Vega,Vega II-c,Moon,0005E08C,VegaII-cPlanetData,90979,2,7,Inorganic,000057EA,ResInorgCommonArgon_G,Argon,Common
Vega,Vega II-c,Moon,0005E08C,VegaII-cPlanetData,90979,2,7,Inorganic,000057D5,ResInorgCommonChlorine_G,Chlorine,Common
Vega,Vega II-c,Moon,0005E08C,VegaII-cPlanetData,90979,2,7,Inorganic,000057C1,ResInorgCommonLead,Lead,Common
Vega,Vega II-c,Moon,0005E08C,VegaII-cPlanetData,90979,2,7,Inorganic,000057CB,ResInorgCommonNickel,Nickel,Common
Vega,Vega II-c,Moon,0005E08C,VegaII-cPlanetData,90979,2,7,Inorganic,000083EC,ResInorgCommonWater_L,Water,Common
Vega,Vega II-c,Moon,0005E08C,VegaII-cPlanetData,90979,2,7,Organic,00224642,ResOrgCommonFiberFaunaHerbivore,Fiber,Common
Vega,Vega II-c,Moon,0005E08C,VegaII-cPlanetData,90979,2,7,Organic,0029F3FD,ResOrgCommonMetabolicAgent,MetabolicAgent,Common
Vega,Vega II-c,Moon,0005E08C,VegaII-cPlanetData,90979,2,7,Organic,000777E6,ResOrgCommonNutrient,Nutrient,Common
Vega,Vega II-c,Moon,0005E08C,VegaII-cPlanetData,90979,2,7,Organic,00224640,ResOrgCommonNutrientFaunaHerbivore,Nutrient,Common
Vega,Vega II-c,Moon,0005E08C,VegaII-cPlanetData,90979,2,7,Organic,0007782D,ResOrgCommonSealant,Sealant,Common
Vega,Vega II-c,Moon,0005E08C,VegaII-cPlanetData,90979,2,7,Organic,0022462E,ResOrgCommonSealantFaunaHerbivore,Sealant,Common
Vega,Vega II-c,Moon,0005E08C,VegaII-cPlanetData,90979,2,7,Organic,000777FA,ResOrgCommonStructural,Structural,Common
Vega,Vega II-c,Moon,0005E08C,VegaII-cPlanetData,90979,2,7,Organic,00077823,ResOrgCommonToxin,Toxin,Common
Vega,Vega II-c,Moon,0005E08C,VegaII-cPlanetData,90979,2,7,Organic,0022463E,ResOrgCommonToxinFaunaHerbivore,Toxin,Common
Vega,Vega II-c,Moon,0005E08C,VegaII-cPlanetData,90979,2,7,Organic,002246D8,ResOrgUncommonAntimicrobialFaunaHerbivore,Antimicrobial,Uncommon
Vega,Vega II-c,Moon,0005E08C,VegaII-cPlanetData,90979,2,7,Organic,0022464C,ResOrgUncommonPigmentFaunaCarnivore,Pigment,Uncommon
Vega,Vega II-c,Moon,0005E08C,VegaII-cPlanetData,90979,2,7,Organic,00224650,ResOrgRareHallucinogenFaunaCarnivore,Hallucinogen,Rare
Vega,Vega II-d,Moon,0005E08E,VegaII-dPlanetData,90979,2,9,Inorganic,000057D5,ResInorgCommonChlorine_G,Chlorine,Common
Vega,Vega II-d,Moon,0005E08E,VegaII-dPlanetData,90979,2,9,Inorganic,000057C7,ResInorgCommonIron,Iron,Common
Vega,Vega II-d,Moon,0005E08E,VegaII-dPlanetData,90979,2,9,Inorganic,000057CB,ResInorgCommonNickel,Nickel,Common
Vega,Vega II-d,Moon,0005E08E,VegaII-dPlanetData,90979,2,9,Inorganic,000057EB,ResInorgCommonUranium,Uranium,Common
Vega,Vega II-d,Moon,0005E08E,VegaII-dPlanetData,90979,2,9,Inorganic,000083EC,ResInorgCommonWater_L,Water,Common
Vega,Vega II-d,Moon,0005E08E,VegaII-dPlanetData,90979,2,9,Inorganic,000057C9,ResInorgUncommonAlkanes_G,Alkanes,Uncommon
Vega,Vega II-d,Moon,0005E08E,VegaII-dPlanetData,90979,2,9,Inorganic,000057CD,ResInorgExoticPalladium,Palladium,Exotic
Vega,Vega II-e,Moon,0005E08D,VegaII-ePlanetData,90979,2,8,Inorganic,000057CB,ResInorgCommonNickel,Nickel,Common
Vega,Vega II-e,Moon,0005E08D,VegaII-ePlanetData,90979,2,8,Inorganic,000083EC,ResInorgCommonWater_L,Water,Common
Vega,Vega II-e,Moon,0005E08D,VegaII-ePlanetData,90979,2,8,Inorganic,000057CE,ResInorgUncommonCobalt,Cobalt,Uncommon
Vega,Vega II-e,Moon,0005E08D,VegaII-ePlanetData,90979,2,8,Inorganic,000057CD,ResInorgExoticPalladium,Palladium,Exotic
Verne,Verne I,Planet,0005DF38,VerneIPlanetData,63947,0,1,Inorganic,000057EA,ResInorgCommonArgon_G,Argon,Common
Verne,Verne I,Planet,0005DF38,VerneIPlanetData,63947,0,1,Inorganic,000057EB,ResInorgCommonUranium,Uranium,Common
Verne,Verne I,Planet,0005DF38,VerneIPlanetData,63947,0,1,Inorganic,000057E7,ResInorgUncommonBenzene_G,Benzene,Uncommon
Verne,Verne I,Planet,0005DF38,VerneIPlanetData,63947,0,1,Inorganic,000057EC,ResInorgUncommonIridium,Iridium,Uncommon
Verne,Verne I,Planet,0005DF38,VerneIPlanetData,63947,0,1,Inorganic,000057E9,ResInorgExoticNeon_G,Neon,Exotic
Verne,Verne I,Planet,0005DF38,VerneIPlanetData,63947,0,1,Inorganic,000057EE,ResInorgExoticPlutonium,Plutonium,Exotic
Verne,Verne I,Planet,0005DF38,VerneIPlanetData,63947,0,1,Inorganic,00005DF7,ResInorgUniqueVeryl_G,Veryl,Unique
Verne,Verne II,Planet,0005DF3A,VerneIIPlanetData,63947,0,2,Inorganic,000057EA,ResInorgCommonArgon_G,Argon,Common
Verne,Verne II,Planet,0005DF3A,VerneIIPlanetData,63947,0,2,Inorganic,000057D5,ResInorgCommonChlorine_G,Chlorine,Common
Verne,Verne II,Planet,0005DF3A,VerneIIPlanetData,63947,0,2,Inorganic,000057C1,ResInorgCommonLead,Lead,Common
Verne,Verne II,Planet,0005DF3A,VerneIIPlanetData,63947,0,2,Inorganic,000083EC,ResInorgCommonWater_L,Water,Common
Verne,Verne II,Planet,0005DF3A,VerneIIPlanetData,63947,0,2,Inorganic,000057E7,ResInorgUncommonBenzene_G,Benzene,Uncommon
Verne,Verne II,Planet,0005DF3A,VerneIIPlanetData,63947,0,2,Inorganic,000057C4,ResInorgUncommonTungsten,Tungsten,Uncommon
Verne,Verne II,Planet,0005DF3A,VerneIIPlanetData,63947,0,2,Inorganic,000057C6,ResInorgRareTitanium,Titanium,Rare
Verne,Verne II,Planet,0005DF3A,VerneIIPlanetData,63947,0,2,Organic,00077821,ResOrgCommonFiber,Fiber,Common
Verne,Verne II,Planet,0005DF3A,VerneIIPlanetData,63947,0,2,Organic,0029F3FD,ResOrgCommonMetabolicAgent,MetabolicAgent,Common
Verne,Verne II,Planet,0005DF3A,VerneIIPlanetData,63947,0,2,Organic,000777E6,ResOrgCommonNutrient,Nutrient,Common
Verne,Verne II,Planet,0005DF3A,VerneIIPlanetData,63947,0,2,Organic,00224640,ResOrgCommonNutrientFaunaHerbivore,Nutrient,Common
Verne,Verne II,Planet,0005DF3A,VerneIIPlanetData,63947,0,2,Organic,0007782D,ResOrgCommonSealant,Sealant,Common
Verne,Verne II,Planet,0005DF3A,VerneIIPlanetData,63947,0,2,Organic,0022462E,ResOrgCommonSealantFaunaHerbivore,Sealant,Common
Verne,Verne II,Planet,0005DF3A,VerneIIPlanetData,63947,0,2,Organic,000777FA,ResOrgCommonStructural,Structural,Common
Verne,Verne II,Planet,0005DF3A,VerneIIPlanetData,63947,0,2,Organic,0022465B,ResOrgCommonToxinFaunaCarnivore,Toxin,Common
Verne,Verne II,Planet,0005DF3A,VerneIIPlanetData,63947,0,2,Organic,002246D8,ResOrgUncommonAntimicrobialFaunaHerbivore,Antimicrobial,Uncommon
Verne,Verne II,Planet,0005DF3A,VerneIIPlanetData,63947,0,2,Organic,00224631,ResOrgUncommonCosmeticFaunaHerbivore,Cosmetic,Uncommon
Verne,Verne II,Planet,0005DF3A,VerneIIPlanetData,63947,0,2,Organic,0022462D,ResOrgUncommonSpiceFaunaHerbivore,Spice,Uncommon
Verne,Verne II,Planet,0005DF3A,VerneIIPlanetData,63947,0,2,Organic,00224650,ResOrgRareHallucinogenFaunaCarnivore,Hallucinogen,Rare
Verne,Verne II-a,Moon,0005DF3B,VerneII-aPlanetData,63947,2,10,Inorganic,000057D6,ResInorgCommonAluminum,Aluminum,Common
Verne,Verne II-a,Moon,0005DF3B,VerneII-aPlanetData,63947,2,10,Inorganic,000057F5,ResInorgCommonHelium3_G,Helium3,Common
Verne,Verne II-a,Moon,0005DF3B,VerneII-aPlanetData,63947,2,10,Inorganic,000057D8,ResInorgUncommonBeryllium,Beryllium,Uncommon
Verne,Verne III,Planet,0005DF3C,VerneIIIPlanetData,63947,0,3,Inorganic,000057EA,ResInorgCommonArgon_G,Argon,Common
Verne,Verne III,Planet,0005DF3C,VerneIIIPlanetData,63947,0,3,Inorganic,000057CF,ResInorgCommonCopper,Copper,Common
Verne,Verne III,Planet,0005DF3C,VerneIIIPlanetData,63947,0,3,Inorganic,000057CB,ResInorgCommonNickel,Nickel,Common
Verne,Verne III,Planet,0005DF3C,VerneIIIPlanetData,63947,0,3,Inorganic,000057EB,ResInorgCommonUranium,Uranium,Common
Verne,Verne III,Planet,0005DF3C,VerneIIIPlanetData,63947,0,3,Inorganic,000083EC,ResInorgCommonWater_L,Water,Common
Verne,Verne III,Planet,0005DF3C,VerneIIIPlanetData,63947,0,3,Inorganic,000057EC,ResInorgUncommonIridium,Iridium,Uncommon
Verne,Verne III,Planet,0005DF3C,VerneIIIPlanetData,63947,0,3,Inorganic,000057CD,ResInorgExoticPalladium,Palladium,Exotic
Verne,Verne III-a,Moon,0005DF3D,VerneIII-aPlanetData,63947,3,11,Inorganic,000057F5,ResInorgCommonHelium3_G,Helium3,Common
Verne,Verne III-a,Moon,0005DF3D,VerneIII-aPlanetData,63947,3,11,Inorganic,000057C7,ResInorgCommonIron,Iron,Common
Verne,Verne IV,Planet,0005DF3E,VerneIVPlanetData,63947,0,4,Inorganic,000057EA,ResInorgCommonArgon_G,Argon,Common
Verne,Verne IV,Planet,0005DF3E,VerneIVPlanetData,63947,0,4,Inorganic,000057C1,ResInorgCommonLead,Lead,Common
Verne,Verne IV,Planet,0005DF3E,VerneIVPlanetData,63947,0,4,Inorganic,000057EB,ResInorgCommonUranium,Uranium,Common
Verne,Verne IV,Planet,0005DF3E,VerneIVPlanetData,63947,0,4,Inorganic,000083EC,ResInorgCommonWater_L,Water,Common
Verne,Verne IV,Planet,0005DF3E,VerneIVPlanetData,63947,0,4,Inorganic,000057E7,ResInorgUncommonBenzene_G,Benzene,Uncommon
Verne,Verne IV,Planet,0005DF3E,VerneIVPlanetData,63947,0,4,Inorganic,000057EC,ResInorgUncommonIridium,Iridium,Uncommon
Verne,Verne IV,Planet,0005DF3E,VerneIVPlanetData,63947,0,4,Inorganic,000057C3,ResInorgUncommonSilver,Silver,Uncommon
Verne,Verne IV,Planet,0005DF3E,VerneIVPlanetData,63947,0,4,Inorganic,000057ED,ResInorgRareVanadium,Vanadium,Rare
Verne,Verne V,Planet,0005DF3F,VerneVPlanetData,63947,0,5,Inorganic,000057C7,ResInorgCommonIron,Iron,Common
Verne,Verne V,Planet,0005DF3F,VerneVPlanetData,63947,0,5,Inorganic,000057C1,ResInorgCommonLead,Lead,Common
Verne,Verne V,Planet,0005DF3F,VerneVPlanetData,63947,0,5,Inorganic,000057EB,ResInorgCommonUranium,Uranium,Common
Verne,Verne V,Planet,0005DF3F,VerneVPlanetData,63947,0,5,Inorganic,000083EC,ResInorgCommonWater_L,Water,Common
Verne,Verne V,Planet,0005DF3F,VerneVPlanetData,63947,0,5,Inorganic,0027C499,ResInorgRareMercury_L,Mercury,Rare
Verne,Verne V,Planet,0005DF3F,VerneVPlanetData,63947,0,5,Inorganic,000057ED,ResInorgRareVanadium,Vanadium,Rare
Verne,Verne V,Planet,0005DF3F,VerneVPlanetData,63947,0,5,Inorganic,000057CA,ResInorgExoticYtterbium,Ytterbium,Exotic
Verne,Verne VI-a,Moon,0005DF42,VerneVI-aPlanetData,63947,6,13,Inorganic,000057CF,ResInorgCommonCopper,Copper,Common
Verne,Verne VI-a,Moon,0005DF42,VerneVI-aPlanetData,63947,6,13,Inorganic,000057C1,ResInorgCommonLead,Lead,Common
Verne,Verne VI-a,Moon,0005DF42,VerneVI-aPlanetData,63947,6,13,Inorganic,000057CB,ResInorgCommonNickel,Nickel,Common
Verne,Verne VI-a,Moon,0005DF42,VerneVI-aPlanetData,63947,6,13,Inorganic,000083EC,ResInorgCommonWater_L,Water,Common
Verne,Verne VI-a,Moon,0005DF42,VerneVI-aPlanetData,63947,6,13,Inorganic,000057D0,ResInorgUncommonFluorine_G,Fluorine,Uncommon
Verne,Verne VI-a,Moon,0005DF42,VerneVI-aPlanetData,63947,6,13,Inorganic,000057C3,ResInorgUncommonSilver,Silver,Uncommon
Verne,Verne VI-a,Moon,0005DF42,VerneVI-aPlanetData,63947,6,13,Inorganic,000057CC,ResInorgRarePlatinum,Platinum,Rare
Verne,Verne VI-b,Moon,0005DF41,VerneVI-bPlanetData,63947,6,12,Inorganic,000057CF,ResInorgCommonCopper,Copper,Common
Verne,Verne VI-b,Moon,0005DF41,VerneVI-bPlanetData,63947,6,12,Inorganic,000083EC,ResInorgCommonWater_L,Water,Common
Verne,Verne VI-b,Moon,0005DF41,VerneVI-bPlanetData,63947,6,12,Inorganic,000057D0,ResInorgUncommonFluorine_G,Fluorine,Uncommon
Verne,Verne VII-a,Moon,0005DF47,VerneVII-aPlanetData,63947,7,17,Inorganic,000057D5,ResInorgCommonChlorine_G,Chlorine,Common
Verne,Verne VII-a,Moon,0005DF47,VerneVII-aPlanetData,63947,7,17,Inorganic,000083EC,ResInorgCommonWater_L,Water,Common
Verne,Verne VII-a,Moon,0005DF47,VerneVII-aPlanetData,63947,7,17,Inorganic,000057D7,ResInorgUncommonChlorosilanes_L,Chlorosilanes,Uncommon
Verne,Verne VII-b,Moon,0005DF48,VerneVII-bPlanetData,63947,7,18,Inorganic,000057D5,ResInorgCommonChlorine_G,Chlorine,Common
Verne,Verne VII-b,Moon,0005DF48,VerneVII-bPlanetData,63947,7,18,Inorganic,000083EC,ResInorgCommonWater_L,Water,Common
Verne,Verne VII-b,Moon,0005DF48,VerneVII-bPlanetData,63947,7,18,Inorganic,000057DA,ResInorgRareLithium,Lithium,Rare
Verne,Verne VII-c,Moon,0005DF46,VerneVII-cPlanetData,63947,7,16,Inorganic,000057D6,ResInorgCommonAluminum,Aluminum,Common
Verne,Verne VII-c,Moon,0005DF46,VerneVII-cPlanetData,63947,7,16,Inorganic,000057F5,ResInorgCommonHelium3_G,Helium3,Common
Verne,Verne VII-d,Moon,0005DF44,VerneVII-dPlanetData,63947,7,14,Inorganic,000057CF,ResInorgCommonCopper,Copper,Common
Verne,Verne VII-d,Moon,0005DF44,VerneVII-dPlanetData,63947,7,14,Inorganic,000057C1,ResInorgCommonLead,Lead,Common
Verne,Verne VII-d,Moon,0005DF44,VerneVII-dPlanetData,63947,7,14,Inorganic,000057CB,ResInorgCommonNickel,Nickel,Common
Verne,Verne VII-d,Moon,0005DF44,VerneVII-dPlanetData,63947,7,14,Inorganic,000057EB,ResInorgCommonUranium,Uranium,Common
Verne,Verne VII-d,Moon,0005DF44,VerneVII-dPlanetData,63947,7,14,Inorganic,000083EC,ResInorgCommonWater_L,Water,Common
Verne,Verne VII-d,Moon,0005DF44,VerneVII-dPlanetData,63947,7,14,Inorganic,000057C3,ResInorgUncommonSilver,Silver,Uncommon
Verne,Verne VII-d,Moon,0005DF44,VerneVII-dPlanetData,63947,7,14,Inorganic,0027C499,ResInorgRareMercury_L,Mercury,Rare
Verne,Verne VII-e,Moon,0005DF45,VerneVII-ePlanetData,63947,7,15,Inorganic,000057D5,ResInorgCommonChlorine_G,Chlorine,Common
Verne,Verne VII-e,Moon,0005DF45,VerneVII-ePlanetData,63947,7,15,Inorganic,000083EC,ResInorgCommonWater_L,Water,Common
Verne,Verne VII-e,Moon,0005DF45,VerneVII-ePlanetData,63947,7,15,Inorganic,000057DA,ResInorgRareLithium,Lithium,Rare
Volii,Volii Alpha,Planet,0005E3A5,VoliiAlphaPlanetData,64720,0,2,Organic,0022465B,ResOrgCommonToxinFaunaCarnivore,Toxin,Common
Volii,Volii Beta,Planet,0005E3A3,VoliiBetaPlanetData,64720,0,1,Inorganic,000057D6,ResInorgCommonAluminum,Aluminum,Common
Volii,Volii Beta,Planet,0005E3A3,VoliiBetaPlanetData,64720,0,1,Inorganic,000057F5,ResInorgCommonHelium3_G,Helium3,Common
Volii,Volii Beta,Planet,0005E3A3,VoliiBetaPlanetData,64720,0,1,Inorganic,000057D8,ResInorgUncommonBeryllium,Beryllium,Uncommon
Volii,Volii Chi,Planet,0005E3AD,VoliiChiPlanetData,64720,0,6,Inorganic,000057C1,ResInorgCommonLead,Lead,Common
Volii,Volii Chi,Planet,0005E3AD,VoliiChiPlanetData,64720,0,6,Inorganic,000083EC,ResInorgCommonWater_L,Water,Common
Volii,Volii Epsilon,Planet,0005E3A6,VoliiEpsilonPlanetData,64720,0,3,Inorganic,000057D5,ResInorgCommonChlorine_G,Chlorine,Common
Volii,Volii Epsilon,Planet,0005E3A6,VoliiEpsilonPlanetData,64720,0,3,Inorganic,000057CF,ResInorgCommonCopper,Copper,Common
Volii,Volii Epsilon,Planet,0005E3A6,VoliiEpsilonPlanetData,64720,0,3,Inorganic,000057C1,ResInorgCommonLead,Lead,Common
Volii,Volii Epsilon,Planet,0005E3A6,VoliiEpsilonPlanetData,64720,0,3,Inorganic,000083EC,ResInorgCommonWater_L,Water,Common
Volii,Volii Epsilon,Planet,0005E3A6,VoliiEpsilonPlanetData,64720,0,3,Inorganic,000057D7,ResInorgUncommonChlorosilanes_L,Chlorosilanes,Uncommon
Volii,Volii Epsilon,Planet,0005E3A6,VoliiEpsilonPlanetData,64720,0,3,Inorganic,000057D0,ResInorgUncommonFluorine_G,Fluorine,Uncommon
Volii,Volii Epsilon,Planet,0005E3A6,VoliiEpsilonPlanetData,64720,0,3,Inorganic,000057D4,ResInorgExoticIonicLiquids_L,IonicLiquids,Exotic
Volii,Volii Epsilon,Planet,0005E3A6,VoliiEpsilonPlanetData,64720,0,3,Organic,0022462C,ResOrgCommonStructuralFaunaHerbivore,Structural,Common
Volii,Volii Epsilon,Planet,0005E3A6,VoliiEpsilonPlanetData,64720,0,3,Organic,0022463B,ResOrgExoticLubricantFaunaHerbivore,Lubricant,Exotic
Volii,Volii Gamma,Moon,0005E3A7,VoliiGammaPlanetData,64720,3,9,Inorganic,000057F5,ResInorgCommonHelium3_G,Helium3,Common
Volii,Volii Gamma,Moon,0005E3A7,VoliiGammaPlanetData,64720,3,9,Inorganic,000057C7,ResInorgCommonIron,Iron,Common
Volii,Volii Phi,Moon,0005E3AA,VoliiPhiPlanetData,64720,4,11,Inorganic,000057D6,ResInorgCommonAluminum,Aluminum,Common
Volii,Volii Phi,Moon,0005E3AA,VoliiPhiPlanetData,64720,4,11,Inorganic,000057F5,ResInorgCommonHelium3_G,Helium3,Common
Volii,Volii Phi,Moon,0005E3AA,VoliiPhiPlanetData,64720,4,11,Inorganic,000057DB,ResInorgRareNeodymium,Neodymium,Rare
Volii,Volii Psi,Moon,0005E3A9,VoliiPsiPlanetData,64720,4,10,Inorganic,000057F5,ResInorgCommonHelium3_G,Helium3,Common
Volii,Volii Psi,Moon,0005E3A9,VoliiPsiPlanetData,64720,4,10,Inorganic,000057C7,ResInorgCommonIron,Iron,Common
Volii,Volii Tau,Planet,0005E3A8,VoliiTauPlanetData,64720,0,4,Inorganic,000057F5,ResInorgCommonHelium3_G,Helium3,Common
Volii,Volii Tau,Planet,0005E3A8,VoliiTauPlanetData,64720,0,4,Inorganic,000057C7,ResInorgCommonIron,Iron,Common
Volii,Volii Upsilon,Moon,0005E3AC,VoliiUpsilonPlanetData,64720,5,12,Inorganic,000057CF,ResInorgCommonCopper,Copper,Common
Volii,Volii Upsilon,Moon,0005E3AC,VoliiUpsilonPlanetData,64720,5,12,Inorganic,000083EC,ResInorgCommonWater_L,Water,Common
Wolf,Chthonia,Planet,00290FC8,ChthoniaPlanetData,118720,0,1,Inorganic,000057D6,ResInorgCommonAluminum,Aluminum,Common
Wolf,Chthonia,Planet,00290FC8,ChthoniaPlanetData,118720,0,1,Inorganic,000057F5,ResInorgCommonHelium3_G,Helium3,Common
Wolf,Chthonia,Planet,00290FC8,ChthoniaPlanetData,118720,0,1,Inorganic,000057D8,ResInorgUncommonBeryllium,Beryllium,Uncommon
Wolf,Pontem,Moon,00290FC6,PontemPlanetData,118720,2,3,Inorganic,000057C1,ResInorgCommonLead,Lead,Common
Wolf,Pontem,Moon,00290FC6,PontemPlanetData,118720,2,3,Inorganic,000083EC,ResInorgCommonWater_L,Water,Common
Wolf,Pontem,Moon,00290FC6,PontemPlanetData,118720,2,3,Inorganic,000057C3,ResInorgUncommonSilver,Silver,Uncommon
Wolf,Pontem,Moon,00290FC6,PontemPlanetData,118720,2,3,Inorganic,0027C499,ResInorgRareMercury_L,Mercury,Rare
Xi Ophiuchi,Xi Ophiuchi I,Planet,0005E166,XiOphiuchiIPlanetData,84636,0,1,Inorganic,000057D6,ResInorgCommonAluminum,Aluminum,Common
Xi Ophiuchi,Xi Ophiuchi I,Planet,0005E166,XiOphiuchiIPlanetData,84636,0,1,Inorganic,000057F5,ResInorgCommonHelium3_G,Helium3,Common
Xi Ophiuchi,Xi Ophiuchi I,Planet,0005E166,XiOphiuchiIPlanetData,84636,0,1,Inorganic,000057D8,ResInorgUncommonBeryllium,Beryllium,Uncommon
Xi Ophiuchi,Xi Ophiuchi II,Planet,0005E167,XiOphiuchiIIPlanetData,84636,0,2,Inorganic,000057C7,ResInorgCommonIron,Iron,Common
Xi Ophiuchi,Xi Ophiuchi II,Planet,0005E167,XiOphiuchiIIPlanetData,84636,0,2,Inorganic,000057CB,ResInorgCommonNickel,Nickel,Common
Xi Ophiuchi,Xi Ophiuchi II,Planet,0005E167,XiOphiuchiIIPlanetData,84636,0,2,Inorganic,000057EB,ResInorgCommonUranium,Uranium,Common
Xi Ophiuchi,Xi Ophiuchi II,Planet,0005E167,XiOphiuchiIIPlanetData,84636,0,2,Inorganic,000057ED,ResInorgRareVanadium,Vanadium,Rare
Xi Ophiuchi,Xi Ophiuchi III,Planet,0005E168,XiOphiuchiIIIPlanetData,84636,0,3,Inorganic,000057CF,ResInorgCommonCopper,Copper,Common
Xi Ophiuchi,Xi Ophiuchi III,Planet,0005E168,XiOphiuchiIIIPlanetData,84636,0,3,Inorganic,000057C7,ResInorgCommonIron,Iron,Common
Xi Ophiuchi,Xi Ophiuchi III,Planet,0005E168,XiOphiuchiIIIPlanetData,84636,0,3,Inorganic,000057EB,ResInorgCommonUranium,Uranium,Common
Xi Ophiuchi,Xi Ophiuchi III,Planet,0005E168,XiOphiuchiIIIPlanetData,84636,0,3,Inorganic,000057C9,ResInorgUncommonAlkanes_G,Alkanes,Uncommon
Xi Ophiuchi,Xi Ophiuchi III,Planet,0005E168,XiOphiuchiIIIPlanetData,84636,0,3,Inorganic,000057D0,ResInorgUncommonFluorine_G,Fluorine,Uncommon
Xi Ophiuchi,Xi Ophiuchi III,Planet,0005E168,XiOphiuchiIIIPlanetData,84636,0,3,Inorganic,000057EC,ResInorgUncommonIridium,Iridium,Uncommon
Xi Ophiuchi,Xi Ophiuchi III,Planet,0005E168,XiOphiuchiIIIPlanetData,84636,0,3,Inorganic,000057D3,ResInorgExoticAntimony,Antimony,Exotic
Xi Ophiuchi,Xi Ophiuchi III,Planet,0005E168,XiOphiuchiIIIPlanetData,84636,0,3,Inorganic,000057CA,ResInorgExoticYtterbium,Ytterbium,Exotic
Xi Ophiuchi,Xi Ophiuchi III-a,Moon,0005E169,XiOphiuchiIII-aPlanetData,84636,3,11,Inorganic,000057F5,ResInorgCommonHelium3_G,Helium3,Common
Xi Ophiuchi,Xi Ophiuchi III-a,Moon,0005E169,XiOphiuchiIII-aPlanetData,84636,3,11,Inorganic,000057C7,ResInorgCommonIron,Iron,Common
Xi Ophiuchi,Xi Ophiuchi IV,Planet,0005E16A,XiOphiuchiIVPlanetData,84636,0,4,Inorganic,000057D5,ResInorgCommonChlorine_G,Chlorine,Common
Xi Ophiuchi,Xi Ophiuchi IV,Planet,0005E16A,XiOphiuchiIVPlanetData,84636,0,4,Inorganic,000057CB,ResInorgCommonNickel,Nickel,Common
Xi Ophiuchi,Xi Ophiuchi IV,Planet,0005E16A,XiOphiuchiIVPlanetData,84636,0,4,Inorganic,000083EC,ResInorgCommonWater_L,Water,Common
Xi Ophiuchi,Xi Ophiuchi IX,Planet,0005E17C,XiOphiuchiIXPlanetData,84636,0,9,Inorganic,000057F5,ResInorgCommonHelium3_G,Helium3,Common
Xi Ophiuchi,Xi Ophiuchi IX,Planet,0005E17C,XiOphiuchiIXPlanetData,84636,0,9,Inorganic,000057C7,ResInorgCommonIron,Iron,Common
Xi Ophiuchi,Xi Ophiuchi V,Planet,0005E16B,XiOphiuchiVPlanetData,84636,0,5,Inorganic,000057CF,ResInorgCommonCopper,Copper,Common
Xi Ophiuchi,Xi Ophiuchi V,Planet,0005E16B,XiOphiuchiVPlanetData,84636,0,5,Inorganic,000057C1,ResInorgCommonLead,Lead,Common
Xi Ophiuchi,Xi Ophiuchi V,Planet,0005E16B,XiOphiuchiVPlanetData,84636,0,5,Inorganic,000057CB,ResInorgCommonNickel,Nickel,Common
Xi Ophiuchi,Xi Ophiuchi V,Planet,0005E16B,XiOphiuchiVPlanetData,84636,0,5,Inorganic,000083EC,ResInorgCommonWater_L,Water,Common
Xi Ophiuchi,Xi Ophiuchi V,Planet,0005E16B,XiOphiuchiVPlanetData,84636,0,5,Inorganic,000057CE,ResInorgUncommonCobalt,Cobalt,Uncommon
Xi Ophiuchi,Xi Ophiuchi V,Planet,0005E16B,XiOphiuchiVPlanetData,84636,0,5,Inorganic,000057D0,ResInorgUncommonFluorine_G,Fluorine,Uncommon
Xi Ophiuchi,Xi Ophiuchi V,Planet,0005E16B,XiOphiuchiVPlanetData,84636,0,5,Inorganic,000057CC,ResInorgRarePlatinum,Platinum,Rare
Xi Ophiuchi,Xi Ophiuchi V,Planet,0005E16B,XiOphiuchiVPlanetData,84636,0,5,Inorganic,000057D1,ResInorgRareTetrafluorides_G,Tetrafluorides,Rare
Xi Ophiuchi,Xi Ophiuchi V-a,Moon,0005E16C,XiOphiuchiV-aPlanetData,84636,5,12,Inorganic,000057F5,ResInorgCommonHelium3_G,Helium3,Common
Xi Ophiuchi,Xi Ophiuchi V-a,Moon,0005E16C,XiOphiuchiV-aPlanetData,84636,5,12,Inorganic,000057C7,ResInorgCommonIron,Iron,Common
Xi Ophiuchi,Xi Ophiuchi V-a,Moon,0005E16C,XiOphiuchiV-aPlanetData,84636,5,12,Inorganic,000057CA,ResInorgExoticYtterbium,Ytterbium,Exotic
Xi Ophiuchi,Xi Ophiuchi VI-a,Moon,0005E16F,XiOphiuchiVI-aPlanetData,84636,6,14,Inorganic,000057D5,ResInorgCommonChlorine_G,Chlorine,Common
Xi Ophiuchi,Xi Ophiuchi VI-a,Moon,0005E16F,XiOphiuchiVI-aPlanetData,84636,6,14,Inorganic,000083EC,ResInorgCommonWater_L,Water,Common
Xi Ophiuchi,Xi Ophiuchi VI-a,Moon,0005E16F,XiOphiuchiVI-aPlanetData,84636,6,14,Inorganic,000057D7,ResInorgUncommonChlorosilanes_L,Chlorosilanes,Uncommon
Xi Ophiuchi,Xi Ophiuchi VI-b,Moon,0005E170,XiOphiuchiVI-bPlanetData,84636,6,15,Inorganic,000057CF,ResInorgCommonCopper,Copper,Common
Xi Ophiuchi,Xi Ophiuchi VI-b,Moon,0005E170,XiOphiuchiVI-bPlanetData,84636,6,15,Inorganic,000083EC,ResInorgCommonWater_L,Water,Common
Xi Ophiuchi,Xi Ophiuchi VI-b,Moon,0005E170,XiOphiuchiVI-bPlanetData,84636,6,15,Inorganic,000057D0,ResInorgUncommonFluorine_G,Fluorine,Uncommon
Xi Ophiuchi,Xi Ophiuchi VI-c,Moon,0005E16E,XiOphiuchiVI-cPlanetData,84636,6,13,Inorganic,000057CB,ResInorgCommonNickel,Nickel,Common
Xi Ophiuchi,Xi Ophiuchi VI-c,Moon,0005E16E,XiOphiuchiVI-cPlanetData,84636,6,13,Inorganic,000083EC,ResInorgCommonWater_L,Water,Common
Xi Ophiuchi,Xi Ophiuchi VI-d,Moon,0005E172,XiOphiuchiVI-dPlanetData,84636,6,17,Inorganic,000057C1,ResInorgCommonLead,Lead,Common
Xi Ophiuchi,Xi Ophiuchi VI-d,Moon,0005E172,XiOphiuchiVI-dPlanetData,84636,6,17,Inorganic,000057CB,ResInorgCommonNickel,Nickel,Common
Xi Ophiuchi,Xi Ophiuchi VI-d,Moon,0005E172,XiOphiuchiVI-dPlanetData,84636,6,17,Inorganic,000057EB,ResInorgCommonUranium,Uranium,Common
Xi Ophiuchi,Xi Ophiuchi VI-d,Moon,0005E172,XiOphiuchiVI-dPlanetData,84636,6,17,Inorganic,000083EC,ResInorgCommonWater_L,Water,Common
Xi Ophiuchi,Xi Ophiuchi VI-d,Moon,0005E172,XiOphiuchiVI-dPlanetData,84636,6,17,Inorganic,000057CE,ResInorgUncommonCobalt,Cobalt,Uncommon
Xi Ophiuchi,Xi Ophiuchi VI-d,Moon,0005E172,XiOphiuchiVI-dPlanetData,84636,6,17,Inorganic,000057EC,ResInorgUncommonIridium,Iridium,Uncommon
Xi Ophiuchi,Xi Ophiuchi VI-d,Moon,0005E172,XiOphiuchiVI-dPlanetData,84636,6,17,Inorganic,000057CC,ResInorgRarePlatinum,Platinum,Rare
Xi Ophiuchi,Xi Ophiuchi VI-e,Moon,0005E171,XiOphiuchiVI-ePlanetData,84636,6,16,Inorganic,000057C1,ResInorgCommonLead,Lead,Common
Xi Ophiuchi,Xi Ophiuchi VI-e,Moon,0005E171,XiOphiuchiVI-ePlanetData,84636,6,16,Inorganic,000057EB,ResInorgCommonUranium,Uranium,Common
Xi Ophiuchi,Xi Ophiuchi VI-e,Moon,0005E171,XiOphiuchiVI-ePlanetData,84636,6,16,Inorganic,000083EC,ResInorgCommonWater_L,Water,Common
Xi Ophiuchi,Xi Ophiuchi VI-e,Moon,0005E171,XiOphiuchiVI-ePlanetData,84636,6,16,Inorganic,000057EC,ResInorgUncommonIridium,Iridium,Uncommon
Xi Ophiuchi,Xi Ophiuchi VI-e,Moon,0005E171,XiOphiuchiVI-ePlanetData,84636,6,16,Inorganic,000057C4,ResInorgUncommonTungsten,Tungsten,Uncommon
Xi Ophiuchi,Xi Ophiuchi VI-e,Moon,0005E171,XiOphiuchiVI-ePlanetData,84636,6,16,Inorganic,000057ED,ResInorgRareVanadium,Vanadium,Rare
Xi Ophiuchi,Xi Ophiuchi VI-e,Moon,0005E171,XiOphiuchiVI-ePlanetData,84636,6,16,Inorganic,000057C2,ResInorgExoticDysprosium,Dysprosium,Exotic
Xi Ophiuchi,Xi Ophiuchi VII-a,Moon,0005E175,XiOphiuchiVII-aPlanetData,84636,7,19,Inorganic,000057D5,ResInorgCommonChlorine_G,Chlorine,Common
Xi Ophiuchi,Xi Ophiuchi VII-a,Moon,0005E175,XiOphiuchiVII-aPlanetData,84636,7,19,Inorganic,000057C1,ResInorgCommonLead,Lead,Common
Xi Ophiuchi,Xi Ophiuchi VII-a,Moon,0005E175,XiOphiuchiVII-aPlanetData,84636,7,19,Inorganic,000057CB,ResInorgCommonNickel,Nickel,Common
Xi Ophiuchi,Xi Ophiuchi VII-a,Moon,0005E175,XiOphiuchiVII-aPlanetData,84636,7,19,Inorganic,000083EC,ResInorgCommonWater_L,Water,Common
Xi Ophiuchi,Xi Ophiuchi VII-a,Moon,0005E175,XiOphiuchiVII-aPlanetData,84636,7,19,Inorganic,000057D7,ResInorgUncommonChlorosilanes_L,Chlorosilanes,Uncommon
Xi Ophiuchi,Xi Ophiuchi VII-a,Moon,0005E175,XiOphiuchiVII-aPlanetData,84636,7,19,Inorganic,000057C3,ResInorgUncommonSilver,Silver,Uncommon
Xi Ophiuchi,Xi Ophiuchi VII-a,Moon,0005E175,XiOphiuchiVII-aPlanetData,84636,7,19,Inorganic,000057DA,ResInorgRareLithium,Lithium,Rare
Xi Ophiuchi,Xi Ophiuchi VII-a,Moon,0005E175,XiOphiuchiVII-aPlanetData,84636,7,19,Inorganic,0027C499,ResInorgRareMercury_L,Mercury,Rare
Xi Ophiuchi,Xi Ophiuchi VII-b,Moon,0005E174,XiOphiuchiVII-bPlanetData,84636,7,18,Inorganic,000057EA,ResInorgCommonArgon_G,Argon,Common
Xi Ophiuchi,Xi Ophiuchi VII-b,Moon,0005E174,XiOphiuchiVII-bPlanetData,84636,7,18,Inorganic,000057D5,ResInorgCommonChlorine_G,Chlorine,Common
Xi Ophiuchi,Xi Ophiuchi VII-b,Moon,0005E174,XiOphiuchiVII-bPlanetData,84636,7,18,Inorganic,000057C1,ResInorgCommonLead,Lead,Common
Xi Ophiuchi,Xi Ophiuchi VII-b,Moon,0005E174,XiOphiuchiVII-bPlanetData,84636,7,18,Inorganic,000057CB,ResInorgCommonNickel,Nickel,Common
Xi Ophiuchi,Xi Ophiuchi VII-b,Moon,0005E174,XiOphiuchiVII-bPlanetData,84636,7,18,Inorganic,000083EC,ResInorgCommonWater_L,Water,Common
Xi Ophiuchi,Xi Ophiuchi VII-b,Moon,0005E174,XiOphiuchiVII-bPlanetData,84636,7,18,Inorganic,000057CE,ResInorgUncommonCobalt,Cobalt,Uncommon
Xi Ophiuchi,Xi Ophiuchi VII-b,Moon,0005E174,XiOphiuchiVII-bPlanetData,84636,7,18,Inorganic,000057E8,ResInorgRareCarboxylicAcids_L,CarboxylicAcids,Rare
Xi Ophiuchi,Xi Ophiuchi VII-b,Moon,0005E174,XiOphiuchiVII-bPlanetData,84636,7,18,Inorganic,000057CC,ResInorgRarePlatinum,Platinum,Rare
Xi Ophiuchi,Xi Ophiuchi VIII-a,Moon,0005E178,XiOphiuchiVIII-aPlanetData,84636,8,21,Inorganic,000057CF,ResInorgCommonCopper,Copper,Common
Xi Ophiuchi,Xi Ophiuchi VIII-a,Moon,0005E178,XiOphiuchiVIII-aPlanetData,84636,8,21,Inorganic,000083EC,ResInorgCommonWater_L,Water,Common
Xi Ophiuchi,Xi Ophiuchi VIII-b,Moon,0005E17B,XiOphiuchiVIII-bPlanetData,84636,8,24,Inorganic,000057C7,ResInorgCommonIron,Iron,Common
Xi Ophiuchi,Xi Ophiuchi VIII-b,Moon,0005E17B,XiOphiuchiVIII-bPlanetData,84636,8,24,Inorganic,000057CB,ResInorgCommonNickel,Nickel,Common
Xi Ophiuchi,Xi Ophiuchi VIII-b,Moon,0005E17B,XiOphiuchiVIII-bPlanetData,84636,8,24,Inorganic,000083EC,ResInorgCommonWater_L,Water,Common
Xi Ophiuchi,Xi Ophiuchi VIII-b,Moon,0005E17B,XiOphiuchiVIII-bPlanetData,84636,8,24,Organic,00224641,ResOrgCommonMetabolicAgentFaunaHerbivore,MetabolicAgent,Common
Xi Ophiuchi,Xi Ophiuchi VIII-b,Moon,0005E17B,XiOphiuchiVIII-bPlanetData,84636,8,24,Organic,000777E6,ResOrgCommonNutrient,Nutrient,Common
Xi Ophiuchi,Xi Ophiuchi VIII-b,Moon,0005E17B,XiOphiuchiVIII-bPlanetData,84636,8,24,Organic,0022462E,ResOrgCommonSealantFaunaHerbivore,Sealant,Common
Xi Ophiuchi,Xi Ophiuchi VIII-b,Moon,0005E17B,XiOphiuchiVIII-bPlanetData,84636,8,24,Organic,000777FA,ResOrgCommonStructural,Structural,Common
Xi Ophiuchi,Xi Ophiuchi VIII-b,Moon,0005E17B,XiOphiuchiVIII-bPlanetData,84636,8,24,Organic,00077823,ResOrgCommonToxin,Toxin,Common
Xi Ophiuchi,Xi Ophiuchi VIII-b,Moon,0005E17B,XiOphiuchiVIII-bPlanetData,84636,8,24,Organic,0022464D,ResOrgUncommonMembraneFaunaCarnivore,Membrane,Uncommon
Xi Ophiuchi,Xi Ophiuchi VIII-b,Moon,0005E17B,XiOphiuchiVIII-bPlanetData,84636,8,24,Organic,0022463F,ResOrgUncommonOrnamentalFaunaHerbivore,Ornamental,Uncommon
Xi Ophiuchi,Xi Ophiuchi VIII-b,Moon,0005E17B,XiOphiuchiVIII-bPlanetData,84636,8,24,Organic,00224654,ResOrgRareAdhesiveFaunaCarnivore,Adhesive,Rare
Xi Ophiuchi,Xi Ophiuchi VIII-c,Moon,0005E179,XiOphiuchiVIII-cPlanetData,84636,8,22,Inorganic,000057D6,ResInorgCommonAluminum,Aluminum,Common
Xi Ophiuchi,Xi Ophiuchi VIII-c,Moon,0005E179,XiOphiuchiVIII-cPlanetData,84636,8,22,Inorganic,000057EA,ResInorgCommonArgon_G,Argon,Common
Xi Ophiuchi,Xi Ophiuchi VIII-c,Moon,0005E179,XiOphiuchiVIII-cPlanetData,84636,8,22,Inorganic,000057F5,ResInorgCommonHelium3_G,Helium3,Common
Xi Ophiuchi,Xi Ophiuchi VIII-c,Moon,0005E179,XiOphiuchiVIII-cPlanetData,84636,8,22,Inorganic,000057C1,ResInorgCommonLead,Lead,Common
Xi Ophiuchi,Xi Ophiuchi VIII-c,Moon,0005E179,XiOphiuchiVIII-cPlanetData,84636,8,22,Inorganic,000057EB,ResInorgCommonUranium,Uranium,Common
Xi Ophiuchi,Xi Ophiuchi VIII-c,Moon,0005E179,XiOphiuchiVIII-cPlanetData,84636,8,22,Inorganic,000083EC,ResInorgCommonWater_L,Water,Common
Xi Ophiuchi,Xi Ophiuchi VIII-c,Moon,0005E179,XiOphiuchiVIII-cPlanetData,84636,8,22,Inorganic,000057C3,ResInorgUncommonSilver,Silver,Uncommon
Xi Ophiuchi,Xi Ophiuchi VIII-c,Moon,0005E179,XiOphiuchiVIII-cPlanetData,84636,8,22,Inorganic,000057ED,ResInorgRareVanadium,Vanadium,Rare
Xi Ophiuchi,Xi Ophiuchi VIII-d,Moon,0005E177,XiOphiuchiVIII-dPlanetData,84636,8,20,Inorganic,000057EA,ResInorgCommonArgon_G,Argon,Common
Xi Ophiuchi,Xi Ophiuchi VIII-d,Moon,0005E177,XiOphiuchiVIII-dPlanetData,84636,8,20,Inorganic,000083EC,ResInorgCommonWater_L,Water,Common
Xi Ophiuchi,Xi Ophiuchi VIII-d,Moon,0005E177,XiOphiuchiVIII-dPlanetData,84636,8,20,Inorganic,000057E7,ResInorgUncommonBenzene_G,Benzene,Uncommon
Xi Ophiuchi,Xi Ophiuchi VIII-e,Moon,0005E17A,XiOphiuchiVIII-ePlanetData,84636,8,23,Inorganic,000057D5,ResInorgCommonChlorine_G,Chlorine,Common
Xi Ophiuchi,Xi Ophiuchi VIII-e,Moon,0005E17A,XiOphiuchiVIII-ePlanetData,84636,8,23,Inorganic,000083EC,ResInorgCommonWater_L,Water,Common
Xi Ophiuchi,Xi Ophiuchi VIII-e,Moon,0005E17A,XiOphiuchiVIII-ePlanetData,84636,8,23,Inorganic,000057D7,ResInorgUncommonChlorosilanes_L,Chlorosilanes,Uncommon
Zelazny,Zelazny I,Planet,0005DF4B,ZelaznyIPlanetData,59092,0,1,Inorganic,000057D5,ResInorgCommonChlorine_G,Chlorine,Common
Zelazny,Zelazny I,Planet,0005DF4B,ZelaznyIPlanetData,59092,0,1,Inorganic,000057C1,ResInorgCommonLead,Lead,Common
Zelazny,Zelazny I,Planet,0005DF4B,ZelaznyIPlanetData,59092,0,1,Inorganic,000057DC,ResInorgExoticXenon_G,Xenon,Exotic
Zelazny,Zelazny II,Planet,0005DF4C,ZelaznyIIPlanetData,59092,0,2,Inorganic,000057EA,ResInorgCommonArgon_G,Argon,Common
Zelazny,Zelazny II,Planet,0005DF4C,ZelaznyIIPlanetData,59092,0,2,Inorganic,000057D5,ResInorgCommonChlorine_G,Chlorine,Common
Zelazny,Zelazny II,Planet,0005DF4C,ZelaznyIIPlanetData,59092,0,2,Inorganic,000057C7,ResInorgCommonIron,Iron,Common
Zelazny,Zelazny II,Planet,0005DF4C,ZelaznyIIPlanetData,59092,0,2,Inorganic,000057C1,ResInorgCommonLead,Lead,Common
Zelazny,Zelazny II,Planet,0005DF4C,ZelaznyIIPlanetData,59092,0,2,Inorganic,000083EC,ResInorgCommonWater_L,Water,Common
Zelazny,Zelazny II,Planet,0005DF4C,ZelaznyIIPlanetData,59092,0,2,Inorganic,000057D7,ResInorgUncommonChlorosilanes_L,Chlorosilanes,Uncommon
Zelazny,Zelazny II,Planet,0005DF4C,ZelaznyIIPlanetData,59092,0,2,Inorganic,000057C4,ResInorgUncommonTungsten,Tungsten,Uncommon
Zelazny,Zelazny II,Planet,0005DF4C,ZelaznyIIPlanetData,59092,0,2,Inorganic,000057C6,ResInorgRareTitanium,Titanium,Rare
Zelazny,Zelazny II,Planet,0005DF4C,ZelaznyIIPlanetData,59092,0,2,Organic,00077821,ResOrgCommonFiber,Fiber,Common
Zelazny,Zelazny II,Planet,0005DF4C,ZelaznyIIPlanetData,59092,0,2,Organic,0029F3FD,ResOrgCommonMetabolicAgent,MetabolicAgent,Common
Zelazny,Zelazny II,Planet,0005DF4C,ZelaznyIIPlanetData,59092,0,2,Organic,00224641,ResOrgCommonMetabolicAgentFaunaHerbivore,MetabolicAgent,Common
Zelazny,Zelazny II,Planet,0005DF4C,ZelaznyIIPlanetData,59092,0,2,Organic,000777E6,ResOrgCommonNutrient,Nutrient,Common
Zelazny,Zelazny II,Planet,0005DF4C,ZelaznyIIPlanetData,59092,0,2,Organic,00224640,ResOrgCommonNutrientFaunaHerbivore,Nutrient,Common
Zelazny,Zelazny II,Planet,0005DF4C,ZelaznyIIPlanetData,59092,0,2,Organic,0007782D,ResOrgCommonSealant,Sealant,Common
Zelazny,Zelazny II,Planet,0005DF4C,ZelaznyIIPlanetData,59092,0,2,Organic,0022462E,ResOrgCommonSealantFaunaHerbivore,Sealant,Common
Zelazny,Zelazny II,Planet,0005DF4C,ZelaznyIIPlanetData,59092,0,2,Organic,000777FA,ResOrgCommonStructural,Structural,Common
Zelazny,Zelazny II,Planet,0005DF4C,ZelaznyIIPlanetData,59092,0,2,Organic,00224649,ResOrgCommonStructuralFaunaCarnivore,Structural,Common
Zelazny,Zelazny II,Planet,0005DF4C,ZelaznyIIPlanetData,59092,0,2,Organic,0022462C,ResOrgCommonStructuralFaunaHerbivore,Structural,Common
Zelazny,Zelazny II,Planet,0005DF4C,ZelaznyIIPlanetData,59092,0,2,Organic,00077823,ResOrgCommonToxin,Toxin,Common
Zelazny,Zelazny II,Planet,0005DF4C,ZelaznyIIPlanetData,59092,0,2,Organic,0022465B,ResOrgCommonToxinFaunaCarnivore,Toxin,Common
Zelazny,Zelazny II,Planet,0005DF4C,ZelaznyIIPlanetData,59092,0,2,Organic,000777F8,ResOrgUncommonCosmetic,Cosmetic,Uncommon
Zelazny,Zelazny II,Planet,0005DF4C,ZelaznyIIPlanetData,59092,0,2,Organic,00224630,ResOrgUncommonMembraneFaunaHerbivore,Membrane,Uncommon
Zelazny,Zelazny II,Planet,0005DF4C,ZelaznyIIPlanetData,59092,0,2,Organic,00224654,ResOrgRareAdhesiveFaunaCarnivore,Adhesive,Rare
Zelazny,Zelazny II,Planet,0005DF4C,ZelaznyIIPlanetData,59092,0,2,Organic,00224651,ResOrgRareAromaticFaunaCarnivore,Aromatic,Rare
Zelazny,Zelazny II-a,Moon,0005DF4D,ZelaznyII-aPlanetData,59092,2,10,Inorganic,000057F5,ResInorgCommonHelium3_G,Helium3,Common
Zelazny,Zelazny II-a,Moon,0005DF4D,ZelaznyII-aPlanetData,59092,2,10,Inorganic,000057C7,ResInorgCommonIron,Iron,Common
Zelazny,Zelazny III,Planet,0005DF4E,ZelaznyIIIPlanetData,59092,0,3,Inorganic,000057EA,ResInorgCommonArgon_G,Argon,Common
Zelazny,Zelazny III,Planet,0005DF4E,ZelaznyIIIPlanetData,59092,0,3,Inorganic,000057D5,ResInorgCommonChlorine_G,Chlorine,Common
Zelazny,Zelazny III,Planet,0005DF4E,ZelaznyIIIPlanetData,59092,0,3,Inorganic,000057C1,ResInorgCommonLead,Lead,Common
Zelazny,Zelazny III,Planet,0005DF4E,ZelaznyIIIPlanetData,59092,0,3,Inorganic,000083EC,ResInorgCommonWater_L,Water,Common
Zelazny,Zelazny III,Planet,0005DF4E,ZelaznyIIIPlanetData,59092,0,3,Inorganic,000057C4,ResInorgUncommonTungsten,Tungsten,Uncommon
Zelazny,Zelazny III,Planet,0005DF4E,ZelaznyIIIPlanetData,59092,0,3,Inorganic,000057E0,ResInorgExoticCaesium_L,Caesium,Exotic
Zelazny,Zelazny III,Planet,0005DF4E,ZelaznyIIIPlanetData,59092,0,3,Organic,00077821,ResOrgCommonFiber,Fiber,Common
Zelazny,Zelazny III,Planet,0005DF4E,ZelaznyIIIPlanetData,59092,0,3,Organic,00224641,ResOrgCommonMetabolicAgentFaunaHerbivore,MetabolicAgent,Common
Zelazny,Zelazny III,Planet,0005DF4E,ZelaznyIIIPlanetData,59092,0,3,Organic,000777E6,ResOrgCommonNutrient,Nutrient,Common
Zelazny,Zelazny III,Planet,0005DF4E,ZelaznyIIIPlanetData,59092,0,3,Organic,00224640,ResOrgCommonNutrientFaunaHerbivore,Nutrient,Common
Zelazny,Zelazny III,Planet,0005DF4E,ZelaznyIIIPlanetData,59092,0,3,Organic,0007782D,ResOrgCommonSealant,Sealant,Common
Zelazny,Zelazny III,Planet,0005DF4E,ZelaznyIIIPlanetData,59092,0,3,Organic,0022464B,ResOrgCommonSealantFaunaCarnivore,Sealant,Common
Zelazny,Zelazny III,Planet,0005DF4E,ZelaznyIIIPlanetData,59092,0,3,Organic,0022462E,ResOrgCommonSealantFaunaHerbivore,Sealant,Common
Zelazny,Zelazny III,Planet,0005DF4E,ZelaznyIIIPlanetData,59092,0,3,Organic,000777FA,ResOrgCommonStructural,Structural,Common
Zelazny,Zelazny III,Planet,0005DF4E,ZelaznyIIIPlanetData,59092,0,3,Organic,0022462C,ResOrgCommonStructuralFaunaHerbivore,Structural,Common
Zelazny,Zelazny III,Planet,0005DF4E,ZelaznyIIIPlanetData,59092,0,3,Organic,00077823,ResOrgCommonToxin,Toxin,Common
Zelazny,Zelazny III,Planet,0005DF4E,ZelaznyIIIPlanetData,59092,0,3,Organic,0022465B,ResOrgCommonToxinFaunaCarnivore,Toxin,Common
Zelazny,Zelazny III,Planet,0005DF4E,ZelaznyIIIPlanetData,59092,0,3,Organic,0022463E,ResOrgCommonToxinFaunaHerbivore,Toxin,Common
Zelazny,Zelazny III,Planet,0005DF4E,ZelaznyIIIPlanetData,59092,0,3,Organic,002246D7,ResOrgUncommonAntimicrobialFaunaCarnivore,Antimicrobial,Uncommon
Zelazny,Zelazny III,Planet,0005DF4E,ZelaznyIIIPlanetData,59092,0,3,Organic,0007782C,ResOrgUncommonMembrane,Membrane,Uncommon
Zelazny,Zelazny III,Planet,0005DF4E,ZelaznyIIIPlanetData,59092,0,3,Organic,00224630,ResOrgUncommonMembraneFaunaHerbivore,Membrane,Uncommon
Zelazny,Zelazny III,Planet,0005DF4E,ZelaznyIIIPlanetData,59092,0,3,Organic,0029F403,ResOrgRareHallucinogen,Hallucinogen,Rare
Zelazny,Zelazny III,Planet,0005DF4E,ZelaznyIIIPlanetData,59092,0,3,Organic,00077830,ResOrgUniqueImmunostimulant,Immunostimulant,Unique
Zelazny,Zelazny IV,Planet,0005DF4F,ZelaznyIVPlanetData,59092,0,4,Inorganic,000057D5,ResInorgCommonChlorine_G,Chlorine,Common
Zelazny,Zelazny IV,Planet,0005DF4F,ZelaznyIVPlanetData,59092,0,4,Inorganic,000057CF,ResInorgCommonCopper,Copper,Common
Zelazny,Zelazny IV,Planet,0005DF4F,ZelaznyIVPlanetData,59092,0,4,Inorganic,000057C1,ResInorgCommonLead,Lead,Common
Zelazny,Zelazny IV,Planet,0005DF4F,ZelaznyIVPlanetData,59092,0,4,Inorganic,000083EC,ResInorgCommonWater_L,Water,Common
Zelazny,Zelazny IV,Planet,0005DF4F,ZelaznyIVPlanetData,59092,0,4,Inorganic,000057D7,ResInorgUncommonChlorosilanes_L,Chlorosilanes,Uncommon
Zelazny,Zelazny IV,Planet,0005DF4F,ZelaznyIVPlanetData,59092,0,4,Inorganic,000057D0,ResInorgUncommonFluorine_G,Fluorine,Uncommon
Zelazny,Zelazny IV,Planet,0005DF4F,ZelaznyIVPlanetData,59092,0,4,Inorganic,000057DA,ResInorgRareLithium,Lithium,Rare
Zelazny,Zelazny IV,Planet,0005DF4F,ZelaznyIVPlanetData,59092,0,4,Inorganic,000057D1,ResInorgRareTetrafluorides_G,Tetrafluorides,Rare
Zelazny,Zelazny V,Planet,0005DF50,ZelaznyVPlanetData,59092,0,5,Inorganic,000057D5,ResInorgCommonChlorine_G,Chlorine,Common
Zelazny,Zelazny V,Planet,0005DF50,ZelaznyVPlanetData,59092,0,5,Inorganic,000057C1,ResInorgCommonLead,Lead,Common
Zelazny,Zelazny V,Planet,0005DF50,ZelaznyVPlanetData,59092,0,5,Inorganic,000057CB,ResInorgCommonNickel,Nickel,Common
Zelazny,Zelazny V,Planet,0005DF50,ZelaznyVPlanetData,59092,0,5,Inorganic,000057EB,ResInorgCommonUranium,Uranium,Common
Zelazny,Zelazny V,Planet,0005DF50,ZelaznyVPlanetData,59092,0,5,Inorganic,000083EC,ResInorgCommonWater_L,Water,Common
Zelazny,Zelazny V,Planet,0005DF50,ZelaznyVPlanetData,59092,0,5,Inorganic,000057DA,ResInorgRareLithium,Lithium,Rare
Zelazny,Zelazny V,Planet,0005DF50,ZelaznyVPlanetData,59092,0,5,Inorganic,000057CC,ResInorgRarePlatinum,Platinum,Rare
Zelazny,Zelazny V,Planet,0005DF50,ZelaznyVPlanetData,59092,0,5,Inorganic,000057DC,ResInorgExoticXenon_G,Xenon,Exotic
Zelazny,Zelazny VI,Planet,0005DF51,ZelaznyVIPlanetData,59092,0,6,Inorganic,000057D5,ResInorgCommonChlorine_G,Chlorine,Common
Zelazny,Zelazny VI,Planet,0005DF51,ZelaznyVIPlanetData,59092,0,6,Inorganic,000057C7,ResInorgCommonIron,Iron,Common
Zelazny,Zelazny VI,Planet,0005DF51,ZelaznyVIPlanetData,59092,0,6,Inorganic,000057C1,ResInorgCommonLead,Lead,Common
Zelazny,Zelazny VI,Planet,0005DF51,ZelaznyVIPlanetData,59092,0,6,Inorganic,000083EC,ResInorgCommonWater_L,Water,Common
Zelazny,Zelazny VI,Planet,0005DF51,ZelaznyVIPlanetData,59092,0,6,Inorganic,000057D7,ResInorgUncommonChlorosilanes_L,Chlorosilanes,Uncommon
Zelazny,Zelazny VI,Planet,0005DF51,ZelaznyVIPlanetData,59092,0,6,Inorganic,000057DA,ResInorgRareLithium,Lithium,Rare
Zelazny,Zelazny VII-a,Moon,0005DF55,ZelaznyVII-aPlanetData,59092,7,13,Inorganic,000057CB,ResInorgCommonNickel,Nickel,Common
Zelazny,Zelazny VII-a,Moon,0005DF55,ZelaznyVII-aPlanetData,59092,7,13,Inorganic,000083EC,ResInorgCommonWater_L,Water,Common
Zelazny,Zelazny VII-a,Moon,0005DF55,ZelaznyVII-aPlanetData,59092,7,13,Inorganic,000057CE,ResInorgUncommonCobalt,Cobalt,Uncommon
Zelazny,Zelazny VII-b,Moon,0005DF56,ZelaznyVII-bPlanetData,59092,7,14,Inorganic,000057C7,ResInorgCommonIron,Iron,Common
Zelazny,Zelazny VII-b,Moon,0005DF56,ZelaznyVII-bPlanetData,59092,7,14,Inorganic,000057C1,ResInorgCommonLead,Lead,Common
Zelazny,Zelazny VII-b,Moon,0005DF56,ZelaznyVII-bPlanetData,59092,7,14,Inorganic,000057CB,ResInorgCommonNickel,Nickel,Common
Zelazny,Zelazny VII-b,Moon,0005DF56,ZelaznyVII-bPlanetData,59092,7,14,Inorganic,000083EC,ResInorgCommonWater_L,Water,Common
Zelazny,Zelazny VII-b,Moon,0005DF56,ZelaznyVII-bPlanetData,59092,7,14,Inorganic,000057CE,ResInorgUncommonCobalt,Cobalt,Uncommon
Zelazny,Zelazny VII-b,Moon,0005DF56,ZelaznyVII-bPlanetData,59092,7,14,Inorganic,000057CC,ResInorgRarePlatinum,Platinum,Rare
Zelazny,Zelazny VII-b,Moon,0005DF56,ZelaznyVII-bPlanetData,59092,7,14,Inorganic,000057C6,ResInorgRareTitanium,Titanium,Rare
Zelazny,Zelazny VII-c,Moon,0005DF54,ZelaznyVII-cPlanetData,59092,7,12,Inorganic,000057C1,ResInorgCommonLead,Lead,Common
Zelazny,Zelazny VII-c,Moon,0005DF54,ZelaznyVII-cPlanetData,59092,7,12,Inorganic,000083EC,ResInorgCommonWater_L,Water,Common
Zelazny,Zelazny VII-c,Moon,0005DF54,ZelaznyVII-cPlanetData,59092,7,12,Inorganic,000057C6,ResInorgRareTitanium,Titanium,Rare
Zelazny,Zelazny VII-d,Moon,0005DF53,ZelaznyVII-dPlanetData,59092,7,11,Inorganic,000057EA,ResInorgCommonArgon_G,Argon,Common
Zelazny,Zelazny VII-d,Moon,0005DF53,ZelaznyVII-dPlanetData,59092,7,11,Inorganic,000057CB,ResInorgCommonNickel,Nickel,Common
Zelazny,Zelazny VII-d,Moon,0005DF53,ZelaznyVII-dPlanetData,59092,7,11,Inorganic,000057EB,ResInorgCommonUranium,Uranium,Common
Zelazny,Zelazny VII-d,Moon,0005DF53,ZelaznyVII-dPlanetData,59092,7,11,Inorganic,000083EC,ResInorgCommonWater_L,Water,Common
Zelazny,Zelazny VII-d,Moon,0005DF53,ZelaznyVII-dPlanetData,59092,7,11,Inorganic,000057EC,ResInorgUncommonIridium,Iridium,Uncommon
Zelazny,Zelazny VII-d,Moon,0005DF53,ZelaznyVII-dPlanetData,59092,7,11,Inorganic,000057ED,ResInorgRareVanadium,Vanadium,Rare
Zelazny,Zelazny VII-d,Moon,0005DF53,ZelaznyVII-dPlanetData,59092,7,11,Inorganic,000057CD,ResInorgExoticPalladium,Palladium,Exotic
Zelazny,Zelazny VII-d,Moon,0005DF53,ZelaznyVII-dPlanetData,59092,7,11,Inorganic,000057EE,ResInorgExoticPlutonium,Plutonium,Exotic
Zelazny,Zelazny VIII-a,Moon,0005DF5B,ZelaznyVIII-aPlanetData,59092,8,18,Inorganic,000057EA,ResInorgCommonArgon_G,Argon,Common
Zelazny,Zelazny VIII-a,Moon,0005DF5B,ZelaznyVIII-aPlanetData,59092,8,18,Inorganic,000083EC,ResInorgCommonWater_L,Water,Common
Zelazny,Zelazny VIII-a,Moon,0005DF5B,ZelaznyVIII-aPlanetData,59092,8,18,Inorganic,000057E7,ResInorgUncommonBenzene_G,Benzene,Uncommon
Zelazny,Zelazny VIII-a,Moon,0005DF5B,ZelaznyVIII-aPlanetData,59092,8,18,Inorganic,000057E9,ResInorgExoticNeon_G,Neon,Exotic
Zelazny,Zelazny VIII-b,Moon,0005DF59,ZelaznyVIII-bPlanetData,59092,8,16,Inorganic,000057EA,ResInorgCommonArgon_G,Argon,Common
Zelazny,Zelazny VIII-b,Moon,0005DF59,ZelaznyVIII-bPlanetData,59092,8,16,Inorganic,000083EC,ResInorgCommonWater_L,Water,Common
Zelazny,Zelazny VIII-b,Moon,0005DF59,ZelaznyVIII-bPlanetData,59092,8,16,Inorganic,000057E7,ResInorgUncommonBenzene_G,Benzene,Uncommon
Zelazny,Zelazny VIII-c,Moon,0005DF5A,ZelaznyVIII-cPlanetData,59092,8,17,Inorganic,000057C1,ResInorgCommonLead,Lead,Common
Zelazny,Zelazny VIII-c,Moon,0005DF5A,ZelaznyVIII-cPlanetData,59092,8,17,Inorganic,000057CB,ResInorgCommonNickel,Nickel,Common
Zelazny,Zelazny VIII-c,Moon,0005DF5A,ZelaznyVIII-cPlanetData,59092,8,17,Inorganic,000057EB,ResInorgCommonUranium,Uranium,Common
Zelazny,Zelazny VIII-c,Moon,0005DF5A,ZelaznyVIII-cPlanetData,59092,8,17,Inorganic,000083EC,ResInorgCommonWater_L,Water,Common
Zelazny,Zelazny VIII-c,Moon,0005DF5A,ZelaznyVIII-cPlanetData,59092,8,17,Inorganic,000057CE,ResInorgUncommonCobalt,Cobalt,Uncommon
Zelazny,Zelazny VIII-c,Moon,0005DF5A,ZelaznyVIII-cPlanetData,59092,8,17,Inorganic,000057C3,ResInorgUncommonSilver,Silver,Uncommon
Zelazny,Zelazny VIII-c,Moon,0005DF5A,ZelaznyVIII-cPlanetData,59092,8,17,Inorganic,000057CC,ResInorgRarePlatinum,Platinum,Rare
Zelazny,Zelazny VIII-c,Moon,0005DF5A,ZelaznyVIII-cPlanetData,59092,8,17,Inorganic,000057CD,ResInorgExoticPalladium,Palladium,Exotic
Zelazny,Zelazny VIII-d,Moon,0005DF5C,ZelaznyVIII-dPlanetData,59092,8,19,Inorganic,000057D5,ResInorgCommonChlorine_G,Chlorine,Common
Zelazny,Zelazny VIII-d,Moon,0005DF5C,ZelaznyVIII-dPlanetData,59092,8,19,Inorganic,000083EC,ResInorgCommonWater_L,Water,Common
Zelazny,Zelazny VIII-e,Moon,0005DF58,ZelaznyVIII-ePlanetData,59092,8,15,Inorganic,000057D5,ResInorgCommonChlorine_G,Chlorine,Common
Zelazny,Zelazny VIII-e,Moon,0005DF58,ZelaznyVIII-ePlanetData,59092,8,15,Inorganic,000083EC,ResInorgCommonWater_L,Water,Common
Zelazny,Zelazny VIII-e,Moon,0005DF58,ZelaznyVIII-ePlanetData,59092,8,15,Inorganic,000057D7,ResInorgUncommonChlorosilanes_L,Chlorosilanes,Uncommon
Zeta Ophiuchi,Zeta Ophiuchi I,Planet,0005E151,ZetaOphiuchiIPlanetData,119147,0,1,Inorganic,000057C7,ResInorgCommonIron,Iron,Common
Zeta Ophiuchi,Zeta Ophiuchi I,Planet,0005E151,ZetaOphiuchiIPlanetData,119147,0,1,Inorganic,000057C1,ResInorgCommonLead,Lead,Common
Zeta Ophiuchi,Zeta Ophiuchi I,Planet,0005E151,ZetaOphiuchiIPlanetData,119147,0,1,Inorganic,000083EC,ResInorgCommonWater_L,Water,Common
Zeta Ophiuchi,Zeta Ophiuchi I,Planet,0005E151,ZetaOphiuchiIPlanetData,119147,0,1,Inorganic,000057C9,ResInorgUncommonAlkanes_G,Alkanes,Uncommon
Zeta Ophiuchi,Zeta Ophiuchi I,Planet,0005E151,ZetaOphiuchiIPlanetData,119147,0,1,Inorganic,000057C3,ResInorgUncommonSilver,Silver,Uncommon
Zeta Ophiuchi,Zeta Ophiuchi I,Planet,0005E151,ZetaOphiuchiIPlanetData,119147,0,1,Inorganic,000057C8,ResInorgRareTantalum,Tantalum,Rare
Zeta Ophiuchi,Zeta Ophiuchi I,Planet,0005E151,ZetaOphiuchiIPlanetData,119147,0,1,Inorganic,000057CA,ResInorgExoticYtterbium,Ytterbium,Exotic
Zeta Ophiuchi,Zeta Ophiuchi I,Planet,0005E151,ZetaOphiuchiIPlanetData,119147,0,1,Organic,00077821,ResOrgCommonFiber,Fiber,Common
Zeta Ophiuchi,Zeta Ophiuchi I,Planet,0005E151,ZetaOphiuchiIPlanetData,119147,0,1,Organic,0029F3FD,ResOrgCommonMetabolicAgent,MetabolicAgent,Common
Zeta Ophiuchi,Zeta Ophiuchi I,Planet,0005E151,ZetaOphiuchiIPlanetData,119147,0,1,Organic,00224641,ResOrgCommonMetabolicAgentFaunaHerbivore,MetabolicAgent,Common
Zeta Ophiuchi,Zeta Ophiuchi I,Planet,0005E151,ZetaOphiuchiIPlanetData,119147,0,1,Organic,000777E6,ResOrgCommonNutrient,Nutrient,Common
Zeta Ophiuchi,Zeta Ophiuchi I,Planet,0005E151,ZetaOphiuchiIPlanetData,119147,0,1,Organic,0022465D,ResOrgCommonNutrientFaunaCarnivore,Nutrient,Common
Zeta Ophiuchi,Zeta Ophiuchi I,Planet,0005E151,ZetaOphiuchiIPlanetData,119147,0,1,Organic,0007782D,ResOrgCommonSealant,Sealant,Common
Zeta Ophiuchi,Zeta Ophiuchi I,Planet,0005E151,ZetaOphiuchiIPlanetData,119147,0,1,Organic,0022464B,ResOrgCommonSealantFaunaCarnivore,Sealant,Common
Zeta Ophiuchi,Zeta Ophiuchi I,Planet,0005E151,ZetaOphiuchiIPlanetData,119147,0,1,Organic,0022462E,ResOrgCommonSealantFaunaHerbivore,Sealant,Common
Zeta Ophiuchi,Zeta Ophiuchi I,Planet,0005E151,ZetaOphiuchiIPlanetData,119147,0,1,Organic,000777FA,ResOrgCommonStructural,Structural,Common
Zeta Ophiuchi,Zeta Ophiuchi I,Planet,0005E151,ZetaOphiuchiIPlanetData,119147,0,1,Organic,0022462C,ResOrgCommonStructuralFaunaHerbivore,Structural,Common
Zeta Ophiuchi,Zeta Ophiuchi I,Planet,0005E151,ZetaOphiuchiIPlanetData,119147,0,1,Organic,00077823,ResOrgCommonToxin,Toxin,Common
Zeta Ophiuchi,Zeta Ophiuchi I,Planet,0005E151,ZetaOphiuchiIPlanetData,119147,0,1,Organic,0022465B,ResOrgCommonToxinFaunaCarnivore,Toxin,Common
Zeta Ophiuchi,Zeta Ophiuchi I,Planet,0005E151,ZetaOphiuchiIPlanetData,119147,0,1,Organic,0022463E,ResOrgCommonToxinFaunaHerbivore,Toxin,Common
Zeta Ophiuchi,Zeta Ophiuchi I,Planet,0005E151,ZetaOphiuchiIPlanetData,119147,0,1,Organic,0022462F,ResOrgUncommonPigmentFaunaHerbivore,Pigment,Uncommon
Zeta Ophiuchi,Zeta Ophiuchi I,Planet,0005E151,ZetaOphiuchiIPlanetData,119147,0,1,Organic,0022462D,ResOrgUncommonSpiceFaunaHerbivore,Spice,Uncommon
Zeta Ophiuchi,Zeta Ophiuchi I,Planet,0005E151,ZetaOphiuchiIPlanetData,119147,0,1,Organic,0022464F,ResOrgRareSedativeFaunaCarnivore,Sedative,Rare
Zeta Ophiuchi,Zeta Ophiuchi I,Planet,0005E151,ZetaOphiuchiIPlanetData,119147,0,1,Organic,00077826,ResOrgExoticPolymer,Polymer,Exotic
Zeta Ophiuchi,Zeta Ophiuchi I,Planet,0005E151,ZetaOphiuchiIPlanetData,119147,0,1,Organic,0029F408,ResOrgUniqueNeurologic,Neurologic,Unique
Zeta Ophiuchi,Zeta Ophiuchi II,Planet,0005E152,ZetaOphiuchiIIPlanetData,119147,0,2,Inorganic,000057D6,ResInorgCommonAluminum,Aluminum,Common
Zeta Ophiuchi,Zeta Ophiuchi II,Planet,0005E152,ZetaOphiuchiIIPlanetData,119147,0,2,Inorganic,000057F5,ResInorgCommonHelium3_G,Helium3,Common
Zeta Ophiuchi,Zeta Ophiuchi II,Planet,0005E152,ZetaOphiuchiIIPlanetData,119147,0,2,Inorganic,000057D8,ResInorgUncommonBeryllium,Beryllium,Uncommon
Zeta Ophiuchi,Zeta Ophiuchi III,Planet,0005E153,ZetaOphiuchiIIIPlanetData,119147,0,3,Inorganic,000057D6,ResInorgCommonAluminum,Aluminum,Common
Zeta Ophiuchi,Zeta Ophiuchi III,Planet,0005E153,ZetaOphiuchiIIIPlanetData,119147,0,3,Inorganic,000057F5,ResInorgCommonHelium3_G,Helium3,Common
Zeta Ophiuchi,Zeta Ophiuchi III,Planet,0005E153,ZetaOphiuchiIIIPlanetData,119147,0,3,Inorganic,000057D8,ResInorgUncommonBeryllium,Beryllium,Uncommon
Zeta Ophiuchi,Zeta Ophiuchi III-a,Moon,0005E154,ZetaOphiuchiIII-aPlanetData,119147,3,8,Inorganic,000057F5,ResInorgCommonHelium3_G,Helium3,Common
Zeta Ophiuchi,Zeta Ophiuchi III-a,Moon,0005E154,ZetaOphiuchiIII-aPlanetData,119147,3,8,Inorganic,000057C7,ResInorgCommonIron,Iron,Common
Zeta Ophiuchi,Zeta Ophiuchi IV-a,Moon,0005E158,ZetaOphiuchiIV-aPlanetData,119147,4,13,Inorganic,000057CB,ResInorgCommonNickel,Nickel,Common
Zeta Ophiuchi,Zeta Ophiuchi IV-a,Moon,0005E158,ZetaOphiuchiIV-aPlanetData,119147,4,13,Inorganic,000083EC,ResInorgCommonWater_L,Water,Common
Zeta Ophiuchi,Zeta Ophiuchi IV-a,Moon,0005E158,ZetaOphiuchiIV-aPlanetData,119147,4,13,Inorganic,000057CE,ResInorgUncommonCobalt,Cobalt,Uncommon
Zeta Ophiuchi,Zeta Ophiuchi IV-b,Moon,0005E159,ZetaOphiuchiIV-bPlanetData,119147,4,14,Inorganic,000057F5,ResInorgCommonHelium3_G,Helium3,Common
Zeta Ophiuchi,Zeta Ophiuchi IV-b,Moon,0005E159,ZetaOphiuchiIV-bPlanetData,119147,4,14,Inorganic,000057C7,ResInorgCommonIron,Iron,Common
Zeta Ophiuchi,Zeta Ophiuchi IV-c,Moon,0005E157,ZetaOphiuchiIV-cPlanetData,119147,4,10,Inorganic,000057CB,ResInorgCommonNickel,Nickel,Common
Zeta Ophiuchi,Zeta Ophiuchi IV-c,Moon,0005E157,ZetaOphiuchiIV-cPlanetData,119147,4,10,Inorganic,000083EC,ResInorgCommonWater_L,Water,Common
Zeta Ophiuchi,Zeta Ophiuchi IV-d,Moon,0005E15A,ZetaOphiuchiIV-dPlanetData,119147,4,15,Inorganic,000057D6,ResInorgCommonAluminum,Aluminum,Common
Zeta Ophiuchi,Zeta Ophiuchi IV-d,Moon,0005E15A,ZetaOphiuchiIV-dPlanetData,119147,4,15,Inorganic,000057F5,ResInorgCommonHelium3_G,Helium3,Common
Zeta Ophiuchi,Zeta Ophiuchi IV-d,Moon,0005E15A,ZetaOphiuchiIV-dPlanetData,119147,4,15,Inorganic,000057D8,ResInorgUncommonBeryllium,Beryllium,Uncommon
Zeta Ophiuchi,Zeta Ophiuchi IV-e,Moon,0005E156,ZetaOphiuchiIV-ePlanetData,119147,4,9,Inorganic,000057C1,ResInorgCommonLead,Lead,Common
Zeta Ophiuchi,Zeta Ophiuchi IV-e,Moon,0005E156,ZetaOphiuchiIV-ePlanetData,119147,4,9,Inorganic,000083EC,ResInorgCommonWater_L,Water,Common
Zeta Ophiuchi,Zeta Ophiuchi IV-e,Moon,0005E156,ZetaOphiuchiIV-ePlanetData,119147,4,9,Inorganic,000057C3,ResInorgUncommonSilver,Silver,Uncommon
Zeta Ophiuchi,Zeta Ophiuchi V-a,Moon,0005E15D,ZetaOphiuchiV-aPlanetData,119147,5,17,Inorganic,000057EA,ResInorgCommonArgon_G,Argon,Common
Zeta Ophiuchi,Zeta Ophiuchi V-a,Moon,0005E15D,ZetaOphiuchiV-aPlanetData,119147,5,17,Inorganic,000083EC,ResInorgCommonWater_L,Water,Common
Zeta Ophiuchi,Zeta Ophiuchi V-a,Moon,0005E15D,ZetaOphiuchiV-aPlanetData,119147,5,17,Inorganic,000057E7,ResInorgUncommonBenzene_G,Benzene,Uncommon
Zeta Ophiuchi,Zeta Ophiuchi V-a,Moon,0005E15D,ZetaOphiuchiV-aPlanetData,119147,5,17,Inorganic,000057E9,ResInorgExoticNeon_G,Neon,Exotic
Zeta Ophiuchi,Zeta Ophiuchi V-b,Moon,0005E15C,ZetaOphiuchiV-bPlanetData,119147,5,16,Inorganic,000057CF,ResInorgCommonCopper,Copper,Common
Zeta Ophiuchi,Zeta Ophiuchi V-b,Moon,0005E15C,ZetaOphiuchiV-bPlanetData,119147,5,16,Inorganic,000083EC,ResInorgCommonWater_L,Water,Common
Zeta Ophiuchi,Zeta Ophiuchi V-b,Moon,0005E15C,ZetaOphiuchiV-bPlanetData,119147,5,16,Inorganic,000057D0,ResInorgUncommonFluorine_G,Fluorine,Uncommon
Zeta Ophiuchi,Zeta Ophiuchi VI-a,Moon,0005E15F,ZetaOphiuchiVI-aPlanetData,119147,6,18,Inorganic,000057CF,ResInorgCommonCopper,Copper,Common
Zeta Ophiuchi,Zeta Ophiuchi VI-a,Moon,0005E15F,ZetaOphiuchiVI-aPlanetData,119147,6,18,Inorganic,000057C7,ResInorgCommonIron,Iron,Common
Zeta Ophiuchi,Zeta Ophiuchi VI-a,Moon,0005E15F,ZetaOphiuchiVI-aPlanetData,119147,6,18,Inorganic,000057C1,ResInorgCommonLead,Lead,Common
Zeta Ophiuchi,Zeta Ophiuchi VI-a,Moon,0005E15F,ZetaOphiuchiVI-aPlanetData,119147,6,18,Inorganic,000057EB,ResInorgCommonUranium,Uranium,Common
Zeta Ophiuchi,Zeta Ophiuchi VI-a,Moon,0005E15F,ZetaOphiuchiVI-aPlanetData,119147,6,18,Inorganic,000083EC,ResInorgCommonWater_L,Water,Common
Zeta Ophiuchi,Zeta Ophiuchi VI-a,Moon,0005E15F,ZetaOphiuchiVI-aPlanetData,119147,6,18,Inorganic,000057D0,ResInorgUncommonFluorine_G,Fluorine,Uncommon
Zeta Ophiuchi,Zeta Ophiuchi VI-a,Moon,0005E15F,ZetaOphiuchiVI-aPlanetData,119147,6,18,Inorganic,000057D2,ResInorgRareGold,Gold,Rare
Zeta Ophiuchi,Zeta Ophiuchi VI-a,Moon,0005E15F,ZetaOphiuchiVI-aPlanetData,119147,6,18,Inorganic,000057D3,ResInorgExoticAntimony,Antimony,Exotic
Zeta Ophiuchi,Zeta Ophiuchi VI-a,Moon,0005E15F,ZetaOphiuchiVI-aPlanetData,119147,6,18,Organic,0022462D,ResOrgUncommonSpiceFaunaHerbivore,Spice,Uncommon
Zeta Ophiuchi,Zeta Ophiuchi VI-a,Moon,0005E15F,ZetaOphiuchiVI-aPlanetData,119147,6,18,Organic,00224652,ResOrgRareAnalgesicFaunaCarnivore,Analgesic,Rare
Zeta Ophiuchi,Zeta Ophiuchi VI-b,Moon,0005E163,ZetaOphiuchiVI-bPlanetData,119147,6,22,Inorganic,000057EA,ResInorgCommonArgon_G,Argon,Common
Zeta Ophiuchi,Zeta Ophiuchi VI-b,Moon,0005E163,ZetaOphiuchiVI-bPlanetData,119147,6,22,Inorganic,000083EC,ResInorgCommonWater_L,Water,Common
Zeta Ophiuchi,Zeta Ophiuchi VI-c,Moon,0005E162,ZetaOphiuchiVI-cPlanetData,119147,6,21,Inorganic,000057CF,ResInorgCommonCopper,Copper,Common
Zeta Ophiuchi,Zeta Ophiuchi VI-c,Moon,0005E162,ZetaOphiuchiVI-cPlanetData,119147,6,21,Inorganic,000057C1,ResInorgCommonLead,Lead,Common
Zeta Ophiuchi,Zeta Ophiuchi VI-c,Moon,0005E162,ZetaOphiuchiVI-cPlanetData,119147,6,21,Inorganic,000057CB,ResInorgCommonNickel,Nickel,Common
Zeta Ophiuchi,Zeta Ophiuchi VI-c,Moon,0005E162,ZetaOphiuchiVI-cPlanetData,119147,6,21,Inorganic,000057EB,ResInorgCommonUranium,Uranium,Common
Zeta Ophiuchi,Zeta Ophiuchi VI-c,Moon,0005E162,ZetaOphiuchiVI-cPlanetData,119147,6,21,Inorganic,000083EC,ResInorgCommonWater_L,Water,Common
Zeta Ophiuchi,Zeta Ophiuchi VI-c,Moon,0005E162,ZetaOphiuchiVI-cPlanetData,119147,6,21,Inorganic,000057CE,ResInorgUncommonCobalt,Cobalt,Uncommon
Zeta Ophiuchi,Zeta Ophiuchi VI-c,Moon,0005E162,ZetaOphiuchiVI-cPlanetData,119147,6,21,Inorganic,000057CC,ResInorgRarePlatinum,Platinum,Rare
Zeta Ophiuchi,Zeta Ophiuchi VI-d,Moon,0005E161,ZetaOphiuchiVI-dPlanetData,119147,6,20,Inorganic,000057D5,ResInorgCommonChlorine_G,Chlorine,Common
Zeta Ophiuchi,Zeta Ophiuchi VI-d,Moon,0005E161,ZetaOphiuchiVI-dPlanetData,119147,6,20,Inorganic,000083EC,ResInorgCommonWater_L,Water,Common
Zeta Ophiuchi,Zeta Ophiuchi VI-d,Moon,0005E161,ZetaOphiuchiVI-dPlanetData,119147,6,20,Inorganic,000057D7,ResInorgUncommonChlorosilanes_L,Chlorosilanes,Uncommon
Zeta Ophiuchi,Zeta Ophiuchi VI-e,Moon,0005E160,ZetaOphiuchiVI-ePlanetData,119147,6,19,Inorganic,000057D5,ResInorgCommonChlorine_G,Chlorine,Common
Zeta Ophiuchi,Zeta Ophiuchi VI-e,Moon,0005E160,ZetaOphiuchiVI-ePlanetData,119147,6,19,Inorganic,000057CF,ResInorgCommonCopper,Copper,Common
Zeta Ophiuchi,Zeta Ophiuchi VI-e,Moon,0005E160,ZetaOphiuchiVI-ePlanetData,119147,6,19,Inorganic,000057CB,ResInorgCommonNickel,Nickel,Common
Zeta Ophiuchi,Zeta Ophiuchi VI-e,Moon,0005E160,ZetaOphiuchiVI-ePlanetData,119147,6,19,Inorganic,000057EB,ResInorgCommonUranium,Uranium,Common
Zeta Ophiuchi,Zeta Ophiuchi VI-e,Moon,0005E160,ZetaOphiuchiVI-ePlanetData,119147,6,19,Inorganic,000083EC,ResInorgCommonWater_L,Water,Common
Zeta Ophiuchi,Zeta Ophiuchi VI-e,Moon,0005E160,ZetaOphiuchiVI-ePlanetData,119147,6,19,Inorganic,000057EC,ResInorgUncommonIridium,Iridium,Uncommon
Zeta Ophiuchi,Zeta Ophiuchi VI-e,Moon,0005E160,ZetaOphiuchiVI-ePlanetData,119147,6,19,Inorganic,000057DA,ResInorgRareLithium,Lithium,Rare
Zeta Ophiuchi,Zeta Ophiuchi VI-e,Moon,0005E160,ZetaOphiuchiVI-ePlanetData,119147,6,19,Inorganic,000057EE,ResInorgExoticPlutonium,Plutonium,Exotic
Zosma,Zosma I,Planet,0005E4C5,ZosmaIPlanetData,54712,0,1,Inorganic,000057C1,ResInorgCommonLead,Lead,Common
Zosma,Zosma I,Planet,0005E4C5,ZosmaIPlanetData,54712,0,1,Inorganic,000057CB,ResInorgCommonNickel,Nickel,Common
Zosma,Zosma I,Planet,0005E4C5,ZosmaIPlanetData,54712,0,1,Inorganic,000057CE,ResInorgUncommonCobalt,Cobalt,Uncommon
Zosma,Zosma I-a,Moon,0005E4C6,ZosmaI-aPlanetData,54712,1,7,Inorganic,000057D5,ResInorgCommonChlorine_G,Chlorine,Common
Zosma,Zosma I-a,Moon,0005E4C6,ZosmaI-aPlanetData,54712,1,7,Inorganic,000083EC,ResInorgCommonWater_L,Water,Common
Zosma,Zosma I-a,Moon,0005E4C6,ZosmaI-aPlanetData,54712,1,7,Inorganic,000057D7,ResInorgUncommonChlorosilanes_L,Chlorosilanes,Uncommon
Zosma,Zosma I-a,Moon,0005E4C6,ZosmaI-aPlanetData,54712,1,7,Inorganic,000057DC,ResInorgExoticXenon_G,Xenon,Exotic
Zosma,Zosma II,Planet,0005E4C7,ZosmaIIPlanetData,54712,0,2,Inorganic,000057D5,ResInorgCommonChlorine_G,Chlorine,Common
Zosma,Zosma II,Planet,0005E4C7,ZosmaIIPlanetData,54712,0,2,Inorganic,000057C7,ResInorgCommonIron,Iron,Common
Zosma,Zosma II,Planet,0005E4C7,ZosmaIIPlanetData,54712,0,2,Inorganic,000057EB,ResInorgCommonUranium,Uranium,Common
Zosma,Zosma II,Planet,0005E4C7,ZosmaIIPlanetData,54712,0,2,Inorganic,000083EC,ResInorgCommonWater_L,Water,Common
Zosma,Zosma II,Planet,0005E4C7,ZosmaIIPlanetData,54712,0,2,Inorganic,000057C9,ResInorgUncommonAlkanes_G,Alkanes,Uncommon
Zosma,Zosma II,Planet,0005E4C7,ZosmaIIPlanetData,54712,0,2,Inorganic,000057EC,ResInorgUncommonIridium,Iridium,Uncommon
Zosma,Zosma II,Planet,0005E4C7,ZosmaIIPlanetData,54712,0,2,Inorganic,000057C8,ResInorgRareTantalum,Tantalum,Rare
Zosma,Zosma III-a,Moon,0005E4C9,ZosmaIII-aPlanetData,54712,3,8,Inorganic,000057D5,ResInorgCommonChlorine_G,Chlorine,Common
Zosma,Zosma III-a,Moon,0005E4C9,ZosmaIII-aPlanetData,54712,3,8,Inorganic,000057EB,ResInorgCommonUranium,Uranium,Common
Zosma,Zosma III-a,Moon,0005E4C9,ZosmaIII-aPlanetData,54712,3,8,Inorganic,000083EC,ResInorgCommonWater_L,Water,Common
Zosma,Zosma IV-a,Moon,0005E4CD,ZosmaIV-aPlanetData,54712,4,11,Inorganic,000057CB,ResInorgCommonNickel,Nickel,Common
Zosma,Zosma IV-a,Moon,0005E4CD,ZosmaIV-aPlanetData,54712,4,11,Inorganic,000083EC,ResInorgCommonWater_L,Water,Common
Zosma,Zosma IV-b,Moon,0005E4CC,ZosmaIV-bPlanetData,54712,4,10,Inorganic,000057C1,ResInorgCommonLead,Lead,Common
Zosma,Zosma IV-b,Moon,0005E4CC,ZosmaIV-bPlanetData,54712,4,10,Inorganic,000083EC,ResInorgCommonWater_L,Water,Common
Zosma,Zosma IV-c,Moon,0005E4CB,ZosmaIV-cPlanetData,54712,4,9,Inorganic,000057C7,ResInorgCommonIron,Iron,Common
Zosma,Zosma IV-c,Moon,0005E4CB,ZosmaIV-cPlanetData,54712,4,9,Inorganic,000057C1,ResInorgCommonLead,Lead,Common
Zosma,Zosma IV-c,Moon,0005E4CB,ZosmaIV-cPlanetData,54712,4,9,Inorganic,000057CB,ResInorgCommonNickel,Nickel,Common
Zosma,Zosma IV-c,Moon,0005E4CB,ZosmaIV-cPlanetData,54712,4,9,Inorganic,000083EC,ResInorgCommonWater_L,Water,Common
Zosma,Zosma IV-c,Moon,0005E4CB,ZosmaIV-cPlanetData,54712,4,9,Inorganic,000057C9,ResInorgUncommonAlkanes_G,Alkanes,Uncommon
Zosma,Zosma IV-c,Moon,0005E4CB,ZosmaIV-cPlanetData,54712,4,9,Inorganic,000057CE,ResInorgUncommonCobalt,Cobalt,Uncommon
Zosma,Zosma IV-c,Moon,0005E4CB,ZosmaIV-cPlanetData,54712,4,9,Inorganic,000057CD,ResInorgExoticPalladium,Palladium,Exotic
Zosma,Zosma V-a,Moon,0005E4CF,ZosmaV-aPlanetData,54712,5,12,Inorganic,000057D5,ResInorgCommonChlorine_G,Chlorine,Common
Zosma,Zosma V-a,Moon,0005E4CF,ZosmaV-aPlanetData,54712,5,12,Inorganic,000057C7,ResInorgCommonIron,Iron,Common
Zosma,Zosma V-a,Moon,0005E4CF,ZosmaV-aPlanetData,54712,5,12,Inorganic,000057C1,ResInorgCommonLead,Lead,Common
Zosma,Zosma V-a,Moon,0005E4CF,ZosmaV-aPlanetData,54712,5,12,Inorganic,000057EB,ResInorgCommonUranium,Uranium,Common
Zosma,Zosma V-a,Moon,0005E4CF,ZosmaV-aPlanetData,54712,5,12,Inorganic,000083EC,ResInorgCommonWater_L,Water,Common
Zosma,Zosma V-a,Moon,0005E4CF,ZosmaV-aPlanetData,54712,5,12,Inorganic,000057C9,ResInorgUncommonAlkanes_G,Alkanes,Uncommon
Zosma,Zosma V-a,Moon,0005E4CF,ZosmaV-aPlanetData,54712,5,12,Inorganic,000057D7,ResInorgUncommonChlorosilanes_L,Chlorosilanes,Uncommon
Zosma,Zosma V-a,Moon,0005E4CF,ZosmaV-aPlanetData,54712,5,12,Organic,00077821,ResOrgCommonFiber,Fiber,Common
Zosma,Zosma V-a,Moon,0005E4CF,ZosmaV-aPlanetData,54712,5,12,Organic,0029F3FD,ResOrgCommonMetabolicAgent,MetabolicAgent,Common
Zosma,Zosma V-a,Moon,0005E4CF,ZosmaV-aPlanetData,54712,5,12,Organic,00224641,ResOrgCommonMetabolicAgentFaunaHerbivore,MetabolicAgent,Common
Zosma,Zosma V-a,Moon,0005E4CF,ZosmaV-aPlanetData,54712,5,12,Organic,000777E6,ResOrgCommonNutrient,Nutrient,Common
Zosma,Zosma V-a,Moon,0005E4CF,ZosmaV-aPlanetData,54712,5,12,Organic,0007782D,ResOrgCommonSealant,Sealant,Common
Zosma,Zosma V-a,Moon,0005E4CF,ZosmaV-aPlanetData,54712,5,12,Organic,0022462C,ResOrgCommonStructuralFaunaHerbivore,Structural,Common
Zosma,Zosma V-a,Moon,0005E4CF,ZosmaV-aPlanetData,54712,5,12,Organic,0022463E,ResOrgCommonToxinFaunaHerbivore,Toxin,Common
Zosma,Zosma V-a,Moon,0005E4CF,ZosmaV-aPlanetData,54712,5,12,Organic,002246D7,ResOrgUncommonAntimicrobialFaunaCarnivore,Antimicrobial,Uncommon
Zosma,Zosma V-a,Moon,0005E4CF,ZosmaV-aPlanetData,54712,5,12,Organic,00224636,ResOrgRareAminoAcidsFaunaHerbivore,AminoAcids,Rare
Zosma,Zosma V-a,Moon,0005E4CF,ZosmaV-aPlanetData,54712,5,12,Organic,0022465A,ResOrgExoticBiosuppressantFaunaCarnivore,Biosuppressant,Exotic
Zosma,Zosma V-b,Moon,0005E4D1,ZosmaV-bPlanetData,54712,5,14,Inorganic,000057EA,ResInorgCommonArgon_G,Argon,Common
Zosma,Zosma V-b,Moon,0005E4D1,ZosmaV-bPlanetData,54712,5,14,Inorganic,000083EC,ResInorgCommonWater_L,Water,Common
Zosma,Zosma V-b,Moon,0005E4D1,ZosmaV-bPlanetData,54712,5,14,Inorganic,000057E7,ResInorgUncommonBenzene_G,Benzene,Uncommon
Zosma,Zosma V-c,Moon,0005E4D0,ZosmaV-cPlanetData,54712,5,13,Inorganic,000057EA,ResInorgCommonArgon_G,Argon,Common
Zosma,Zosma V-c,Moon,0005E4D0,ZosmaV-cPlanetData,54712,5,13,Inorganic,000083EC,ResInorgCommonWater_L,Water,Common
